{
    "objective": "sphere",
    "evaluation_mode": null,
    "best_value": 7.2221949537478e-15,
    "best_position": [
        8.36702044195826e-08,
        -1.4882602129098965e-08
    ],
    "elapsed_time_s": 0.23713219998171553,
    "iterations_completed": 100,
    "best_value_history": [
        1.5625586986727873,
        0.03059000001509261,
        0.0011247097553541555,
        0.0011247097553541555,
        0.0011247097553541555,
        0.0011247097553541555,
        0.0011247097553541555,
        0.0011247097553541555,
        0.0011247097553541555,
        0.0011247097553541555,
        0.0006033186647068124,
        0.0006033186647068124,
        0.0006033186647068124,
        0.00034219541727426803,
        0.00034219541727426803,
        0.00034219541727426803,
        0.00034219541727426803,
        0.00019076201359807197,
        0.00016789178566061681,
        0.00016789178566061681,
        0.00016789178566061681,
        0.00016789178566061681,
        0.00016789178566061681,
        8.571190273323325e-05,
        8.571190273323325e-05,
        8.571190273323325e-05,
        8.571190273323325e-05,
        2.4105602752021215e-05,
        2.4105602752021215e-05,
        2.4105602752021215e-05,
        2.4105602752021215e-05,
        2.4105602752021215e-05,
        2.2334816859465777e-05,
        2.2334816859465777e-05,
        7.972661962066622e-07,
        7.972661962066622e-07,
        7.972661962066622e-07,
        7.972661962066622e-07,
        7.972661962066622e-07,
        7.972661962066622e-07,
        7.972661962066622e-07,
        7.972661962066622e-07,
        7.972661962066622e-07,
        7.972661962066622e-07,
        7.972661962066622e-07,
        4.101786159591685e-07,
        4.101786159591685e-07,
        4.101786159591685e-07,
        3.9277856596752723e-07,
        9.272605670800228e-08,
        9.272605670800228e-08,
        9.272605670800228e-08,
        5.8859815804548894e-08,
        5.8859815804548894e-08,
        1.7384413686758268e-08,
        1.7384413686758268e-08,
        1.060084591621365e-08,
        1.060084591621365e-08,
        1.060084591621365e-08,
        1.060084591621365e-08,
        1.035144119743877e-08,
        9.314841356189348e-09,
        1.2622738844210338e-09,
        1.2622738844210338e-09,
        1.221172392096734e-10,
        1.221172392096734e-10,
        1.221172392096734e-10,
        1.221172392096734e-10,
        1.221172392096734e-10,
        1.221172392096734e-10,
        1.221172392096734e-10,
        1.221172392096734e-10,
        1.221172392096734e-10,
        1.221172392096734e-10,
        6.464744657522631e-11,
        6.464744657522631e-11,
        1.785495755825422e-11,
        3.6151243278083894e-12,
        3.6151243278083894e-12,
        3.6151243278083894e-12,
        3.6151243278083894e-12,
        3.6151243278083894e-12,
        3.6151243278083894e-12,
        3.2281600649020837e-13,
        3.2281600649020837e-13,
        3.2281600649020837e-13,
        3.2281600649020837e-13,
        2.0973393389388535e-13,
        2.0973393389388535e-13,
        2.0973393389388535e-13,
        2.0973393389388535e-13,
        2.0973393389388535e-13,
        1.3644362042522743e-13,
        1.3644362042522743e-13,
        1.3644362042522743e-13,
        1.3644362042522743e-13,
        8.350945351131282e-14,
        8.350945351131282e-14,
        8.350945351131282e-14,
        7.2221949537478e-15
    ],
    "config": {
        "num_particles": 30,
        "dimensions": 2,
        "max_iterations": 100,
        "inertia_weight": 0.7,
        "cognitive_coefficient": 1.5,
        "social_coefficient": 1.5,
        "seed": 0,
        "tolerance": 0.0,
        "stagnation_patience": null,
        "track_history": true
    }
}