{
    "objective": "sphere",
    "evaluation_mode": null,
    "best_value": 3.207372595096191e-53,
    "best_position": [
        5.4607446310056044e-27,
        1.5013307516684558e-27
    ],
    "elapsed_time_s": 0.5490681000519544,
    "iterations_completed": 500,
    "best_value_history": [
        0.2382613982287365,
        0.2382613982287365,
        0.14895539063568594,
        0.09340814236190509,
        0.05056407354248635,
        0.03608635526762622,
        0.02087150053756926,
        0.001382725311206904,
        0.001382725311206904,
        0.001382725311206904,
        0.001382725311206904,
        0.001382725311206904,
        0.001382725311206904,
        0.0012143129154329945,
        0.0007126630874436082,
        0.00040954409545338046,
        0.00040954409545338046,
        5.75719915692123e-05,
        5.75719915692123e-05,
        5.75719915692123e-05,
        5.75719915692123e-05,
        5.75719915692123e-05,
        2.5527170271393842e-05,
        2.5527170271393842e-05,
        2.5527170271393842e-05,
        3.0364464581715026e-06,
        3.0364464581715026e-06,
        3.0364464581715026e-06,
        3.0364464581715026e-06,
        3.0364464581715026e-06,
        1.5805682599341236e-07,
        1.5805682599341236e-07,
        1.5805682599341236e-07,
        1.5805682599341236e-07,
        1.5805682599341236e-07,
        1.5805682599341236e-07,
        1.5805682599341236e-07,
        3.4966413491238875e-08,
        3.4966413491238875e-08,
        3.4696336933972286e-08,
        3.4696336933972286e-08,
        3.4696336933972286e-08,
        3.4696336933972286e-08,
        3.4696336933972286e-08,
        3.4696336933972286e-08,
        3.4696336933972286e-08,
        3.4696336933972286e-08,
        2.970845593992075e-08,
        2.970845593992075e-08,
        2.807860419461415e-08,
        2.807860419461415e-08,
        2.807860419461415e-08,
        2.807860419461415e-08,
        2.807860419461415e-08,
        2.7761995861496586e-08,
        2.7437217742025934e-08,
        1.5428725235904294e-08,
        6.048173294825454e-09,
        6.048173294825454e-09,
        5.646991692353275e-09,
        5.646991692353275e-09,
        2.9706786568045448e-09,
        1.4843840072353156e-09,
        1.2866842389028e-10,
        1.2866842389028e-10,
        1.2866842389028e-10,
        1.2866842389028e-10,
        1.2866842389028e-10,
        6.88174284874586e-11,
        6.88174284874586e-11,
        6.502334834417617e-11,
        5.3068254061262235e-11,
        1.8952378987024593e-11,
        3.914865621766587e-12,
        3.914865621766587e-12,
        3.914865621766587e-12,
        3.914865621766587e-12,
        1.4041171863704548e-13,
        1.4041171863704548e-13,
        1.4041171863704548e-13,
        1.4041171863704548e-13,
        1.4041171863704548e-13,
        1.4041171863704548e-13,
        1.4041171863704548e-13,
        1.4041171863704548e-13,
        1.4041171863704548e-13,
        1.4041171863704548e-13,
        1.4041171863704548e-13,
        1.4041171863704548e-13,
        1.4041171863704548e-13,
        1.4041171863704548e-13,
        5.5741181236529245e-14,
        5.5741181236529245e-14,
        5.5741181236529245e-14,
        5.5741181236529245e-14,
        5.5741181236529245e-14,
        4.08658689989208e-14,
        1.624984016289975e-14,
        1.624984016289975e-14,
        1.0379726476488753e-14,
        1.0379726476488753e-14,
        6.411328796155473e-16,
        6.411328796155473e-16,
        6.411328796155473e-16,
        6.411328796155473e-16,
        6.411328796155473e-16,
        6.411328796155473e-16,
        6.411328796155473e-16,
        6.411328796155473e-16,
        6.047672404252641e-16,
        6.047672404252641e-16,
        6.047672404252641e-16,
        6.047672404252641e-16,
        3.8365241755935413e-16,
        3.8365241755935413e-16,
        3.8365241755935413e-16,
        3.8365241755935413e-16,
        3.8365241755935413e-16,
        3.8365241755935413e-16,
        3.8365241755935413e-16,
        3.8365241755935413e-16,
        3.8365241755935413e-16,
        3.496750410587651e-16,
        3.496750410587651e-16,
        2.9766018154593235e-16,
        2.283060943060272e-16,
        1.8667177546614576e-16,
        1.6091538796997436e-16,
        1.445458582116097e-16,
        1.3390055871034252e-16,
        1.268474010109537e-16,
        1.1058174697176124e-16,
        7.189051158169592e-17,
        4.105095543503279e-17,
        4.105095543503279e-17,
        7.837514401119667e-18,
        7.837514401119667e-18,
        7.837514401119667e-18,
        7.837514401119667e-18,
        5.129893888669293e-18,
        3.855081143498507e-18,
        3.855081143498507e-18,
        3.0967377067997288e-18,
        1.2781320239382171e-18,
        6.635308820806018e-19,
        6.635308820806018e-19,
        6.635308820806018e-19,
        6.635308820806018e-19,
        6.635308820806018e-19,
        6.635308820806018e-19,
        6.635308820806018e-19,
        2.853795810470141e-19,
        2.853795810470141e-19,
        2.853795810470141e-19,
        2.1034576510388074e-19,
        1.1764474769556468e-19,
        5.438708814015581e-20,
        5.438708814015581e-20,
        4.7002459302133076e-20,
        4.7002459302133076e-20,
        2.054358558430327e-20,
        2.054358558430327e-20,
        6.733924240024382e-21,
        6.733924240024382e-21,
        3.387001413972766e-21,
        3.387001413972766e-21,
        3.387001413972766e-21,
        3.387001413972766e-21,
        3.387001413972766e-21,
        3.387001413972766e-21,
        3.387001413972766e-21,
        3.387001413972766e-21,
        1.0241938633003947e-21,
        1.0241938633003947e-21,
        1.0241938633003947e-21,
        5.864319307247358e-22,
        3.3271084080708835e-22,
        1.4696306246117317e-22,
        2.6077407482812337e-23,
        2.6077407482812337e-23,
        2.6077407482812337e-23,
        2.6077407482812337e-23,
        2.6077407482812337e-23,
        1.4099726544701332e-24,
        1.4099726544701332e-24,
        1.4099726544701332e-24,
        1.4099726544701332e-24,
        1.4099726544701332e-24,
        1.4099726544701332e-24,
        1.4099726544701332e-24,
        1.4099726544701332e-24,
        1.4099726544701332e-24,
        1.4099726544701332e-24,
        1.4099726544701332e-24,
        1.4099726544701332e-24,
        1.4099726544701332e-24,
        1.1872666574917819e-24,
        1.1872666574917819e-24,
        1.1872666574917819e-24,
        1.1872666574917819e-24,
        1.1872666574917819e-24,
        1.0622653642092027e-24,
        1.0622653642092027e-24,
        3.9541401020002103e-26,
        3.9541401020002103e-26,
        3.9541401020002103e-26,
        3.9541401020002103e-26,
        3.9541401020002103e-26,
        3.9541401020002103e-26,
        3.9541401020002103e-26,
        3.9541401020002103e-26,
        3.9541401020002103e-26,
        3.7702578160940515e-26,
        3.765300836543255e-26,
        3.765300836543255e-26,
        3.546665987298015e-26,
        3.546665987298015e-26,
        3.546665987298015e-26,
        3.546665987298015e-26,
        3.546665987298015e-26,
        3.546665987298015e-26,
        3.439787088139979e-26,
        3.4295875226638663e-26,
        3.4295875226638663e-26,
        3.4295875226638663e-26,
        2.654810436222654e-26,
        1.3272895591797391e-26,
        4.414259748249501e-27,
        4.414259748249501e-27,
        4.424218253487348e-28,
        4.424218253487348e-28,
        4.424218253487348e-28,
        4.424218253487348e-28,
        4.424218253487348e-28,
        4.424218253487348e-28,
        4.424218253487348e-28,
        4.424218253487348e-28,
        4.424218253487348e-28,
        4.329151743539961e-28,
        4.329151743539961e-28,
        3.950245255723039e-28,
        1.3471496791024694e-28,
        3.752027125517791e-29,
        1.1144760513731278e-29,
        1.1144760513731278e-29,
