{
    "objective": "sphere",
    "evaluation_mode": null,
    "best_value": 1.9136504803121727e-53,
    "best_position": [
        -4.689482831680185e-28,
        4.349320902259972e-27
    ],
    "elapsed_time_s": 0.5369890000438318,
    "iterations_completed": 500,
    "best_value_history": [
        0.004745189516921481,
        0.004745189516921481,
        0.004745189516921481,
        0.004745189516921481,
        0.004745189516921481,
        0.004745189516921481,
        0.004745189516921481,
        0.004745189516921481,
        0.004745189516921481,
        0.004745189516921481,
        0.004745189516921481,
        0.004745189516921481,
        0.0019870475430085804,
        0.000940699821662203,
        0.000940699821662203,
        0.0004908221840384746,
        0.0004908221840384746,
        0.0002075885041947666,
        8.589902882976243e-05,
        8.432949169411043e-05,
        8.432949169411043e-05,
        5.1268664570814745e-05,
        5.1268664570814745e-05,
        3.5089653462412696e-05,
        3.5089653462412696e-05,
        3.5089653462412696e-05,
        3.5089653462412696e-05,
        3.5089653462412696e-05,
        2.1682900408932567e-05,
        1.432553125374311e-05,
        1.432553125374311e-05,
        1.432553125374311e-05,
        1.432553125374311e-05,
        1.432553125374311e-05,
        1.432553125374311e-05,
        8.2429522433017e-06,
        8.2429522433017e-06,
        5.192958281466544e-06,
        2.2480170329935564e-06,
        2.2480170329935564e-06,
        2.2480170329935564e-06,
        1.579248489000487e-07,
        1.579248489000487e-07,
        1.579248489000487e-07,
        1.579248489000487e-07,
        1.579248489000487e-07,
        1.579248489000487e-07,
        1.579248489000487e-07,
        1.579248489000487e-07,
        1.579248489000487e-07,
        5.011714959695829e-08,
        5.011714959695829e-08,
        5.011714959695829e-08,
        3.267483357253505e-08,
        2.5471858888800753e-08,
        2.51663116814686e-09,
        2.51663116814686e-09,
        2.51663116814686e-09,
        2.51663116814686e-09,
        2.51663116814686e-09,
        2.51663116814686e-09,
        8.528786847897928e-10,
        8.528786847897928e-10,
        8.528786847897928e-10,
        8.528786847897928e-10,
        1.3705324374211825e-11,
        1.3705324374211825e-11,
        1.3705324374211825e-11,
        1.3705324374211825e-11,
        1.3705324374211825e-11,
        1.3705324374211825e-11,
        1.3705324374211825e-11,
        1.3705324374211825e-11,
        1.3705324374211825e-11,
        1.3705324374211825e-11,
        1.3705324374211825e-11,
        1.3705324374211825e-11,
        1.3705324374211825e-11,
        1.1898792887793115e-11,
        1.1898792887793115e-11,
        5.326579185303518e-12,
        5.326579185303518e-12,
        3.840685617732644e-12,
        3.840685617732644e-12,
        3.840685617732644e-12,
        3.840685617732644e-12,
        3.1992684872087172e-12,
        3.1992684872087172e-12,
        2.9549972621239453e-12,
        2.9549972621239453e-12,
        2.9549972621239453e-12,
        2.8709824649902427e-12,
        1.2137736284066735e-12,
        6.07123431848159e-13,
        6.07123431848159e-13,
        6.07123431848159e-13,
        6.07123431848159e-13,
        1.8726463905488433e-13,
        1.8726463905488433e-13,
        1.5754410690183983e-13,
        1.5754410690183983e-13,
        1.5754410690183983e-13,
        1.5754410690183983e-13,
        1.3485175457758225e-13,
        1.3485175457758225e-13,
        4.81070071317258e-14,
        4.81070071317258e-14,
        4.81070071317258e-14,
        4.81070071317258e-14,
        4.81070071317258e-14,
        4.81070071317258e-14,
        4.81070071317258e-14,
        3.127282692871792e-14,
        3.127282692871792e-14,
        1.2011335240388666e-14,
        5.792990818095827e-15,
        5.792990818095827e-15,
        5.792990818095827e-15,
        5.792990818095827e-15,
        5.792990818095827e-15,
        2.363032814843881e-15,
        2.363032814843881e-15,
        2.211553612397866e-15,
        2.211553612397866e-15,
        2.211553612397866e-15,
        5.734579861537424e-17,
        5.734579861537424e-17,
        5.734579861537424e-17,
        5.734579861537424e-17,
        5.734579861537424e-17,
        5.734579861537424e-17,
        5.734579861537424e-17,
        5.734579861537424e-17,
        5.734579861537424e-17,
        5.734579861537424e-17,
        5.734579861537424e-17,
        4.098011724638145e-17,
        4.098011724638145e-17,
        4.098011724638145e-17,
        4.098011724638145e-17,
        7.625113969603276e-18,
        7.625113969603276e-18,
        7.625113969603276e-18,
        7.625113969603276e-18,
        7.625113969603276e-18,
        7.625113969603276e-18,
        7.625113969603276e-18,
        7.625113969603276e-18,
        7.625113969603276e-18,
        7.625113969603276e-18,
        2.0165555175796885e-18,
        2.0165555175796885e-18,
        2.0165555175796885e-18,
        2.0165555175796885e-18,
        2.0165555175796885e-18,
        2.0165555175796885e-18,
        2.0165555175796885e-18,
        2.0165555175796885e-18,
        8.135171298075671e-19,
        8.135171298075671e-19,
        1.8579963761921605e-19,
        1.5115712988575003e-20,
        1.5115712988575003e-20,
        1.5115712988575003e-20,
        1.5115712988575003e-20,
        1.5115712988575003e-20,
        1.5115712988575003e-20,
        1.5115712988575003e-20,
        1.5115712988575003e-20,
        1.314435015991371e-21,
        1.314435015991371e-21,
        1.314435015991371e-21,
        1.314435015991371e-21,
        1.314435015991371e-21,
        1.314435015991371e-21,
        1.314435015991371e-21,
        1.314435015991371e-21,
        1.314435015991371e-21,
        7.035775656508301e-22,
        7.035775656508301e-22,
        1.076797327015906e-23,
        1.076797327015906e-23,
        1.076797327015906e-23,
        1.076797327015906e-23,
        1.076797327015906e-23,
        1.076797327015906e-23,
        1.076797327015906e-23,
        1.076797327015906e-23,
        1.076797327015906e-23,
        1.076797327015906e-23,
        1.076797327015906e-23,
        1.076797327015906e-23,
        1.076797327015906e-23,
        1.076797327015906e-23,
        1.076797327015906e-23,
        1.076797327015906e-23,
        1.076797327015906e-23,
        1.076797327015906e-23,
        1.076797327015906e-23,
        1.076797327015906e-23,
        1.076797327015906e-23,
        7.950556182397321e-24,
        7.950556182397321e-24,
        7.950556182397321e-24,
        3.1693943537849908e-24,
        3.1693943537849908e-24,
        3.1693943537849908e-24,
        3.1693943537849908e-24,
        3.1693943537849908e-24,
        3.1693943537849908e-24,
        3.1693943537849908e-24,
        3.1693943537849908e-24,
        3.1693943537849908e-24,
        3.1693943537849908e-24,
        3.1693943537849908e-24,
        3.1693943537849908e-24,
        8.72491406937318e-25,
        4.988375414557361e-25,
        4.988375414557361e-25,
        3.094559420324296e-25,
        3.094559420324296e-25,
        3.094559420324296e-25,
        3.094559420324296e-25,
        3.094559420324296e-25,
        9.983807001023241e-26,
        1.58708872860278e-27,
        1.58708872860278e-27,
        1.58708872860278e-27,
        1.58708872860278e-27,
        1.58708872860278e-27,
        1.58708872860278e-27,
        1.58708872860278e-27,
        1.58708872860278e-27,
        1.58708872860278e-27,
        1.58708872860278e-27,
        1.58708872860278e-27,
        1.58708872860278e-27,
        1.58708872860278e-27,
        1.58708872860278e-27,
        4.6192561428039915e-28,
        4.6192561428039915e-28,
        4.6192561428039915e-28,
        4.6192561428039915e-28,
        4.6192561428039915e-28,
        4.6192561428039915e-28,
        4.6192561428039915e-28,
        4.6192561428039915e-28,
