{
    "objective_name": "rastrigin",
    "num_runs": 5,
    "mean_best_value": 7.168212934481628e-13,
    "std_best_value": 1.0237854396017979e-12,
    "min_best_value": 2.2347509619768346e-15,
    "max_best_value": 2.7092802972432337e-12,
    "mean_elapsed_time_s": 0.01197439997922629,
    "std_elapsed_time_s": 0.0003849229073348205,
    "mean_iterations": 100.0,
    "min_iterations": 100,
    "max_iterations": 100
}