{
    "objective_name": "rastrigin",
    "num_runs": 5,
    "mean_best_value": 0.00011801884494531124,
    "std_best_value": 0.00019841067334058123,
    "min_best_value": 1.935217248671961e-07,
    "max_best_value": 0.0005105404365117749,
    "mean_elapsed_time_s": 0.0107883199932985,
    "std_elapsed_time_s": 0.00013453164047415168,
    "mean_iterations": 100.0,
    "min_iterations": 100,
    "max_iterations": 100
}