{
    "objective_name": "rastrigin",
    "num_runs": 5,
    "mean_best_value": 0.531796776876422,
    "std_best_value": 0.4240297071783195,
    "min_best_value": 0.003731773003025296,
    "max_best_value": 1.0356293055704704,
    "mean_elapsed_time_s": 0.010583380004391074,
    "std_elapsed_time_s": 0.0001771277147434744,
    "mean_iterations": 100.0,
    "min_iterations": 100,
    "max_iterations": 100
}