{
    "objective_name": "rastrigin",
    "num_runs": 5,
    "mean_best_value": 0.19955934117487004,
    "std_best_value": 0.39770137648538056,
    "min_best_value": 0.0,
    "max_best_value": 0.9949590570932898,
    "mean_elapsed_time_s": 0.011011360003612936,
    "std_elapsed_time_s": 0.0005246149514025508,
    "mean_iterations": 100.0,
    "min_iterations": 100,
    "max_iterations": 100
}