{
    "objective_name": "rastrigin",
    "num_runs": 5,
    "mean_best_value": 0.531796776876422,
    "std_best_value": 0.4240297071783181,
    "min_best_value": 0.00373177300302799,
    "max_best_value": 1.0356293055704697,
    "mean_elapsed_time_s": 0.011845700000412763,
    "std_elapsed_time_s": 0.00029695025546627507,
    "mean_iterations": 100.0,
    "min_iterations": 100,
    "max_iterations": 100
}