{
    "objective_name": "rastrigin",
    "num_runs": 5,
    "mean_best_value": 0.012547168059307978,
    "std_best_value": 0.009996244980121471,
    "min_best_value": 0.0007319958793416959,
    "max_best_value": 0.023698794441195048,
    "mean_elapsed_time_s": 0.01080750001128763,
    "std_elapsed_time_s": 0.00040065752719300936,
    "mean_iterations": 100.0,
    "min_iterations": 100,
    "max_iterations": 100
}