{
    "objective_name": "rastrigin",
    "num_runs": 5,
    "mean_best_value": 0.03485741339024671,
    "std_best_value": 0.03235948672730656,
    "min_best_value": 5.9075084685389356e-05,
    "max_best_value": 0.0798695069332993,
    "mean_elapsed_time_s": 0.010549079987686127,
    "std_elapsed_time_s": 8.507558483319567e-05,
    "mean_iterations": 100.0,
    "min_iterations": 100,
    "max_iterations": 100
}