{
    "objective_name": "rastrigin",
    "num_runs": 5,
    "mean_best_value": 0.033680544573440586,
    "std_best_value": 0.031105852950959325,
    "min_best_value": 0.004907333351390264,
    "max_best_value": 0.09056428001971994,
    "mean_elapsed_time_s": 0.010722180013544858,
    "std_elapsed_time_s": 0.0003718422125469083,
    "mean_iterations": 100.0,
    "min_iterations": 100,
    "max_iterations": 100
}