{
    "objective_name": "rastrigin",
    "num_runs": 5,
    "mean_best_value": 0.19899181141865796,
    "std_best_value": 0.397983622837316,
    "min_best_value": 0.0,
    "max_best_value": 0.9949590570932898,
    "mean_elapsed_time_s": 0.010557480005081743,
    "std_elapsed_time_s": 6.37065527942143e-05,
    "mean_iterations": 100.0,
    "min_iterations": 100,
    "max_iterations": 100
}