{
    "objective_name": "rastrigin",
    "num_runs": 5,
    "mean_best_value": 0.19899181141865796,
    "std_best_value": 0.397983622837316,
    "min_best_value": 0.0,
    "max_best_value": 0.9949590570932898,
    "mean_elapsed_time_s": 0.010686320008244366,
    "std_elapsed_time_s": 0.0002161831375367062,
    "mean_iterations": 100.0,
    "min_iterations": 100,
    "max_iterations": 100
}