{
    "objective": "rastrigin",
    "evaluation_mode": "sequential",
    "best_value": 1.4402331104165463e-34,
    "best_position": [
        -1.0357437904399426e-17,
        -6.061913154950726e-18
    ],
    "elapsed_time_s": 0.012005599914118648,
    "iterations_completed": 100,
    "best_value_history": [
        2.360300991834452,
        2.360300991834452,
        2.360300991834452,
        0.32718917218693555,
        0.32718917218693555,
        0.12946398397073502,
        0.12946398397073502,
        0.12946398397073502,
        0.009387178178469964,
        0.009387178178469964,
        0.009387178178469964,
        0.009226987712046364,
        0.004103736343610756,
        0.001349102789028789,
        0.0008750079078191438,
        0.00014567868947335829,
        0.00014567868947335829,
        0.00013779703980874327,
        7.799680595955924e-05,
        7.799680595955924e-05,
        5.405251484792201e-06,
        5.405251484792201e-06,
        5.405251484792201e-06,
        1.7410674899314794e-06,
        9.1401880268559e-07,
        9.1401880268559e-07,
        4.0203520742490137e-07,
        4.0203520742490137e-07,
        7.807592629471345e-08,
        1.5193887002556452e-08,
        1.0665827668455026e-10,
        1.0665827668455026e-10,
        1.0665827668455026e-10,
        1.0665827668455026e-10,
        1.0665827668455026e-10,
        1.0665827668455026e-10,
        8.355800847187115e-11,
        8.355800847187115e-11,
        4.436163366357761e-11,
        4.436163366357761e-11,
        1.4861969146385316e-11,
        6.235353858163172e-12,
        1.877970026090028e-12,
        3.827389796006374e-13,
        3.827389796006374e-13,
        2.0531519308088591e-13,
        2.0531519308088591e-13,
        1.8857818647478047e-13,
        3.682082782568296e-14,
        1.1157042150902473e-14,
        2.2300610712446572e-15,
        2.4317432804685376e-18,
        1.858014879405526e-18,
        2.569130358754239e-19,
        2.569130358754239e-19,
        2.569130358754239e-19,
        9.410938831476948e-20,
        2.4742620549249705e-20,
        1.4392969280970907e-20,
        2.5021800162614922e-21,
        2.5021800162614922e-21,
        2.5021800162614922e-21,
        2.5021800162614922e-21,
        3.169171233189443e-22,
        3.169171233189443e-22,
        2.93416896231078e-22,
        2.239858293496189e-22,
        9.16911488042171e-23,
        9.16911488042171e-23,
        2.606613281718938e-23,
        9.447974987919985e-24,
        1.726360466545997e-24,
        9.887095300474997e-25,
        7.688739879384967e-25,
        7.688739879384967e-25,
        2.212093249802596e-25,
        3.6010547751057634e-26,
        3.292516448747562e-26,
        2.2345454782624262e-26,
        1.0463143932937632e-26,
        2.228578851785961e-27,
        2.224599377816683e-29,
        2.224599377816683e-29,
        2.224599377816683e-29,
        2.224599377816683e-29,
        2.8147327074554923e-30,
        2.8147327074554923e-30,
        2.5204106008926534e-30,
        2.5204106008926534e-30,
        2.5204106008926534e-30,
        4.507146131194857e-31,
        3.1991220361849546e-31,
        1.5241725086266874e-31,
        1.6617519827409076e-32,
        9.854893088416385e-33,
        9.854893088416385e-33,
        4.92973042206633e-33,
        2.5162135205695135e-33,
        1.157627808383357e-33,
        1.4402331104165463e-34
    ],
    "swarm_position_history": null,
    "timing_stats": {
        "total_time_s": 0.011999099981039762,
        "fitness_time_s": 0.010816800058819354,
        "velocity_update_time_s": 0.0005070003680884838,
        "position_update_time_s": 0.00022930011618882418
    },
    "config": {
        "num_particles": 30,
        "dimensions": 2,
        "max_iterations": 100,
        "inertia_weight": 0.4,
        "cognitive_coefficient": 1.5,
        "social_coefficient": 1.0,
        "seed": 3,
        "tolerance": 0.0,
        "stagnation_patience": null,
        "track_history": true,
        "track_swarm_history": false
    }
}