{
    "objective": "ackley",
    "evaluation_mode": "multiprocessing",
    "best_value": 4.864183182327075,
    "best_position": [
        -0.20204085893558138,
        0.8077948256891707,
        0.07438627284920699,
        1.0040356360440492,
        -0.008571165366169226,
        -0.865305883497909,
        1.0982285412103636,
        0.2795142876087154,
        -2.136970129050825,
        -1.086675350616233,
        -0.01639366807999365,
        1.0759927499569204,
        -0.2516444586802635,
        -0.9740970001644108,
        -0.028361051021732073,
        0.12004754301839327,
        0.22443949010991782,
        0.0500647011761684,
        0.9221665510316261,
        -1.8271477491037478,
        -0.06618798791836394,
        -3.5687103250773884,
        0.9090820148488851,
        -0.8959380643701551,
        1.1124783760484667,
        0.17637878346665653,
        -0.2932870975706826,
        0.7920783100435578,
        -2.1015891492832903,
        -0.0291641772674927
    ],
    "elapsed_time_s": 0.2426408000756055,
    "iterations_completed": 100,
    "best_value_history": [
        19.642292114780194,
        19.642292114780194,
        19.642292114780194,
        19.642292114780194,
        19.084199836681254,
        18.778711362379763,
        18.272814621359725,
        18.272814621359725,
        18.136329268134872,
        18.136329268134872,
        17.876332196824443,
        17.694184492755383,
        17.599022049868786,
        16.713454410257782,
        15.82820854672,
        15.82820854672,
        15.82820854672,
        15.82820854672,
        15.82820854672,
        15.510234722368018,
        15.005608892017985,
        14.930984141394116,
        14.930984141394116,
        14.930984141394116,
        14.930984141394116,
        14.91160684310364,
        14.688461921921977,
        14.337688718489149,
        14.183968966096137,
        13.972419719947691,
        13.196657860515222,
        13.196657860515222,
        13.081839606188797,
        13.040740203662619,
        12.888900457580661,
        12.527004251454375,
        11.946452210147815,
        11.673382940899398,
        11.321396759048175,
        10.65688954527005,
        10.267062648981668,
        10.071931300525499,
        10.028468921168617,
        10.028468921168617,
        10.028468921168617,
        10.028468921168617,
        9.93692575368244,
        9.90373003161444,
        9.60904201192066,
        9.501016061076353,
        9.387183092121624,
        8.998375926523105,
        8.741719687366984,
        8.444531299877061,
        7.983622812917705,
        7.983622812917705,
        7.879969486916288,
        7.677468884486551,
        7.609701932974069,
        7.593406845721956,
        7.593406845721956,
        7.338762115829514,
        7.058343721070269,
        6.981516472228021,
        6.741774647343043,
        6.741774647343043,
        6.62075158283972,
        6.590892885606312,
        6.590892885606312,
        6.590892885606312,
        6.55861570325607,
        6.446335649073706,
        6.304451905448069,
        6.304451905448069,
        6.304451905448069,
        6.234890040519357,
        6.20254162865,
        6.099762942631774,
        5.807649689929558,
        5.807649689929558,
        5.807649689929558,
        5.807649689929558,
        5.807649689929558,
        5.723394005251137,
        5.665226486696621,
        5.559954378896208,
        5.559954378896208,
        5.504812748901557,
        5.472487118289397,
        5.472487118289397,
        5.376308930006097,
        5.172572653418712,
        5.107793426051636,
        5.107793426051636,
        5.107793426051636,
        5.0267884621727,
        4.962353421558291,
        4.87938791071452,
        4.87938791071452,
        4.864183182327075
    ],
    "timing_stats": {
        "total_time_s": 0.24263500003144145,
        "fitness_time_s": 0.2370237996801734,
        "velocity_update_time_s": 0.0021831996273249388,
        "position_update_time_s": 0.000901200226508081
    },
    "config": {
        "num_particles": 30,
        "dimensions": 30,
        "max_iterations": 100,
        "inertia_weight": 0.7,
        "cognitive_coefficient": 2.0,
        "social_coefficient": 1.0,
        "seed": 3,
        "tolerance": 0.0,
        "stagnation_patience": null,
        "track_history": true
    }
}