{
    "objective": "ackley",
    "evaluation_mode": "multiprocessing",
    "best_value": 5.199307331794348,
    "best_position": [
        -0.3521438837688714,
        1.7983691425538182,
        0.9012175490186178,
        1.229753641739655,
        3.848561131619481,
        -0.9517974080101952,
        1.2974045934589726,
        0.21296687934461325,
        0.9029910928679685,
        0.8042995535774388,
        0.7674283392190745,
        -0.0017606758693612112,
        -0.3075685509415098,
        1.1746938154550262,
        0.1485713215682804,
        -0.016163905281499552,
        0.15279355578444953,
        -0.10685992708980492,
        -0.11189153894569004,
        1.4113545085713313,
        -1.0993384120853777,
        -0.8787606979512619,
        0.02902955094201725,
        0.9357222758746735,
        -0.7171597970591992,
        -1.86622938849818,
        0.03392472233378221,
        0.0550594091104252,
        1.2549537784280058,
        -0.699996845662696
    ],
    "elapsed_time_s": 0.24293179996311665,
    "iterations_completed": 100,
    "best_value_history": [
        19.835095371978337,
        19.835095371978337,
        19.728918877960115,
        19.728918877960115,
        19.532251243858337,
        19.459518251543404,
        19.0217518781823,
        18.69095689675667,
        18.25226020066563,
        18.25226020066563,
        18.25226020066563,
        18.25226020066563,
        18.1672781859392,
        18.1672781859392,
        18.129826387489334,
        17.99895106504327,
        17.99895106504327,
        17.75119945627922,
        17.45260463740375,
        17.45260463740375,
        17.45260463740375,
        16.919986349744626,
        16.284786013390796,
        16.284786013390796,
        16.284786013390796,
        15.965170966507298,
        15.939798544976522,
        15.86830324493907,
        15.113287763255284,
        15.113287763255284,
        14.861523701221344,
        14.68248652570589,
        14.68248652570589,
        14.68248652570589,
        14.68248652570589,
        14.579583721006289,
        14.507762557125274,
        14.162422429777568,
        13.807352129304228,
        13.121718047733042,
        13.068891933414836,
        12.661529640295939,
        12.661529640295939,
        12.362575402716555,
        12.22399685404855,
        12.04716405022593,
        12.04716405022593,
        11.977942160484103,
        11.977942160484103,
        11.77932599815738,
        11.77932599815738,
        11.77932599815738,
        11.77932599815738,
        11.77932599815738,
        11.737374126418949,
        11.723650433634567,
        11.689261839287788,
        11.616281562938205,
        11.223616537755218,
        11.158871871270103,
        10.922596792641874,
        10.559882260538053,
        10.27539241149844,
        10.149038423784788,
        10.028217413660974,
        9.86072021507624,
        9.608663630544033,
        9.435279492840387,
        9.077675733825576,
        8.748333308654663,
        8.748333308654663,
        8.748333308654663,
        8.748333308654663,
        8.633452903234884,
        8.633452903234884,
        8.453389302535442,
        8.028641919998242,
        8.015041730134348,
        7.657863918721196,
        7.657863918721196,
        7.545644199872612,
        7.545644199872612,
        7.403399801559537,
        7.403399801559537,
        7.089134878436811,
        6.76942330102556,
        6.692586803872295,
        6.586068322021202,
        6.53437429117124,
        6.455979966329835,
        6.455979966329835,
        6.2280819411057,
        5.933633715960379,
        5.933633715960379,
        5.669800225501916,
        5.577961730999579,
        5.577961730999579,
        5.554350638831437,
        5.343036490912969,
        5.199307331794348
    ],
    "timing_stats": {
        "total_time_s": 0.24292659992352128,
        "fitness_time_s": 0.2370967996539548,
        "velocity_update_time_s": 0.002372700022533536,
        "position_update_time_s": 0.0009577007731422782
    },
    "config": {
        "num_particles": 30,
        "dimensions": 30,
        "max_iterations": 100,
        "inertia_weight": 0.7,
        "cognitive_coefficient": 2.0,
        "social_coefficient": 1.0,
        "seed": 4,
        "tolerance": 0.0,
        "stagnation_patience": null,
        "track_history": true
    }
}