{
    "objective_name": "sphere",
    "num_runs": 5,
    "mean_best_value": 33.18476363098781,
    "std_best_value": 4.4342308706804054,
    "min_best_value": 26.350430611261324,
    "max_best_value": 38.580050974328614,
    "mean_elapsed_time_s": 0.007233040011487901,
    "std_elapsed_time_s": 0.0004358437063998728,
    "mean_iterations": 100.0,
    "min_iterations": 100,
    "max_iterations": 100
}