{
    "objective_name": "sphere",
    "num_runs": 5,
    "mean_best_value": 2.214722475137607,
    "std_best_value": 1.0583386909481718,
    "min_best_value": 0.8425837780094599,
    "max_best_value": 3.3829047929144735,
    "mean_elapsed_time_s": 0.007042319979518652,
    "std_elapsed_time_s": 8.986373294145552e-05,
    "mean_iterations": 100.0,
    "min_iterations": 100,
    "max_iterations": 100
}