{
    "objective_name": "sphere",
    "num_runs": 5,
    "mean_best_value": 29.39659899951015,
    "std_best_value": 10.393613262992588,
    "min_best_value": 14.149554650291194,
    "max_best_value": 41.22626723034344,
    "mean_elapsed_time_s": 0.0071412799996323885,
    "std_elapsed_time_s": 0.0001678122220721875,
    "mean_iterations": 100.0,
    "min_iterations": 100,
    "max_iterations": 100
}