{
    "objective_name": "sphere",
    "num_runs": 5,
    "mean_best_value": 5.769353597501149,
    "std_best_value": 10.27828189107362,
    "min_best_value": 0.32614429152327085,
    "max_best_value": 26.317405718155133,
    "mean_elapsed_time_s": 0.007053999998606742,
    "std_elapsed_time_s": 0.00010272635353965764,
    "mean_iterations": 100.0,
    "min_iterations": 100,
    "max_iterations": 100
}