{
    "objective_name": "sphere",
    "num_runs": 5,
    "mean_best_value": 15.587276677680595,
    "std_best_value": 12.59191827312793,
    "min_best_value": 4.675227937802809,
    "max_best_value": 32.2198669235237,
    "mean_elapsed_time_s": 0.00712341999169439,
    "std_elapsed_time_s": 0.00019813601801500774,
    "mean_iterations": 100.0,
    "min_iterations": 100,
    "max_iterations": 100
}