{
    "objective_name": "sphere",
    "num_runs": 5,
    "mean_best_value": 0.40025714258671863,
    "std_best_value": 0.18539778471177143,
    "min_best_value": 0.20603051791667037,
    "max_best_value": 0.6695253496374778,
    "mean_elapsed_time_s": 0.0070340400096029045,
    "std_elapsed_time_s": 0.00011935152680299878,
    "mean_iterations": 100.0,
    "min_iterations": 100,
    "max_iterations": 100
}