{
    "objective_name": "sphere",
    "num_runs": 5,
    "mean_best_value": 116.78547958214067,
    "std_best_value": 26.13167950601903,
    "min_best_value": 78.28314523253462,
    "max_best_value": 149.81481992539557,
    "mean_elapsed_time_s": 0.007063860003836453,
    "std_elapsed_time_s": 0.00020703252411402072,
    "mean_iterations": 100.0,
    "min_iterations": 100,
    "max_iterations": 100
}