{
    "objective_name": "sphere",
    "num_runs": 5,
    "mean_best_value": 117.82923406439343,
    "std_best_value": 14.844733105930032,
    "min_best_value": 91.49562661234486,
    "max_best_value": 134.47832089422008,
    "mean_elapsed_time_s": 0.0070737199857831,
    "std_elapsed_time_s": 0.00030568193567637376,
    "mean_iterations": 100.0,
    "min_iterations": 100,
    "max_iterations": 100
}