{
    "objective_name": "sphere",
    "num_runs": 5,
    "mean_best_value": 5.582280381446374,
    "std_best_value": 3.0459381649990704,
    "min_best_value": 1.9979596266366535,
    "max_best_value": 10.783901846532226,
    "mean_elapsed_time_s": 0.007095700001809746,
    "std_elapsed_time_s": 7.643043309555219e-05,
    "mean_iterations": 100.0,
    "min_iterations": 100,
    "max_iterations": 100
}