{
    "objective_name": "sphere",
    "num_runs": 5,
    "mean_best_value": 23.60374790964998,
    "std_best_value": 3.5926303922184344,
    "min_best_value": 20.115790198574008,
    "max_best_value": 28.864394760178058,
    "mean_elapsed_time_s": 0.007091619994025677,
    "std_elapsed_time_s": 0.00020173720144433532,
    "mean_iterations": 100.0,
    "min_iterations": 100,
    "max_iterations": 100
}