{
    "objective_name": "sphere",
    "num_runs": 5,
    "mean_best_value": 24.18431944739839,
    "std_best_value": 19.136359463847167,
    "min_best_value": 3.4578514713451183,
    "max_best_value": 55.19722648869532,
    "mean_elapsed_time_s": 0.007035399996675551,
    "std_elapsed_time_s": 9.831006412230748e-05,
    "mean_iterations": 100.0,
    "min_iterations": 100,
    "max_iterations": 100
}