{
    "objective_name": "sphere",
    "num_runs": 5,
    "mean_best_value": 16.23680391873605,
    "std_best_value": 4.5319352170177645,
    "min_best_value": 10.884205135100714,
    "max_best_value": 22.073102970515563,
    "mean_elapsed_time_s": 0.007041399995796382,
    "std_elapsed_time_s": 8.749781773433087e-05,
    "mean_iterations": 100.0,
    "min_iterations": 100,
    "max_iterations": 100
}