{
    "objective_name": "sphere",
    "num_runs": 5,
    "mean_best_value": 3.5418294015980623,
    "std_best_value": 1.7298946039734457,
    "min_best_value": 1.9598872465113157,
    "max_best_value": 6.689370291707813,
    "mean_elapsed_time_s": 0.007037440000567585,
    "std_elapsed_time_s": 0.00016029691098257799,
    "mean_iterations": 100.0,
    "min_iterations": 100,
    "max_iterations": 100
}