{
    "objective_name": "rastrigin",
    "num_runs": 5,
    "mean_best_value": 1.4697004896376488e-49,
    "std_best_value": 2.7096580687277437e-49,
    "min_best_value": 5.4155884086349576e-58,
    "max_best_value": 6.879173531578619e-49,
    "mean_elapsed_time_s": 0.21349069999996573,
    "std_elapsed_time_s": 0.022778600031517007,
    "mean_iterations": 500.0,
    "min_iterations": 500,
    "max_iterations": 500
}