{
    "objective_name": "ackley",
    "num_runs": 2,
    "mean_best_value": 4.440892098500626e-16,
    "std_best_value": 0.0,
    "min_best_value": 4.440892098500626e-16,
    "max_best_value": 4.440892098500626e-16,
    "mean_elapsed_time_s": 0.014821750053670257,
    "std_elapsed_time_s": 4.414998693391681e-05,
    "mean_iterations": 100.0,
    "min_iterations": 100,
    "max_iterations": 100
}