{
    "objective_name": "sphere",
    "num_runs": 2,
    "mean_best_value": 4.89811243751159e-37,
    "std_best_value": 2.5431047834935664e-37,
    "min_best_value": 2.3550076540180243e-37,
    "max_best_value": 7.441217221005157e-37,
    "mean_elapsed_time_s": 0.006915999983903021,
    "std_elapsed_time_s": 0.0002688000095076859,
    "mean_iterations": 100.0,
    "min_iterations": 100,
    "max_iterations": 100
}