{
    "objective": "rastrigin",
    "evaluation_mode": "threading",
    "best_value": 0.0,
    "best_position": [
        3.6213239405120304e-09,
        7.695237604505083e-10
    ],
    "elapsed_time_s": 0.03280609997455031,
    "iterations_completed": 100,
    "best_value_history": [
        5.1464017463377445,
        3.165915563811488,
        2.152050323359475,
        2.152050323359475,
        2.152050323359475,
        1.442355119482741,
        1.442355119482741,
        0.7985936488806722,
        0.7985936488806722,
        0.2617351102398544,
        0.2617351102398544,
        0.2617351102398544,
        0.2617351102398544,
        0.10402459287468702,
        0.09326426685846556,
        0.04565516786836099,
        0.004646132763873823,
        0.00032740050550117417,
        0.00032740050550117417,
        0.00013825192984739942,
        0.00013825192984739942,
        0.00013825192984739942,
        4.6585352677652736e-05,
        3.462566645850984e-05,
        3.462566645850984e-05,
        3.462566645850984e-05,
        2.055294967107102e-05,
        1.0620311947207028e-05,
        1.0620311947207028e-05,
        4.026668456447169e-07,
        4.026668456447169e-07,
        4.026668456447169e-07,
        4.026668456447169e-07,
        4.0042386473260194e-07,
        3.951606402097241e-07,
        1.2398557558412904e-07,
        4.800888575573481e-09,
        4.800888575573481e-09,
        3.6534615333039255e-09,
        5.618403520202264e-10,
        9.984546522900928e-11,
        3.89910326248355e-11,
        3.448263896643766e-11,
        3.448263896643766e-11,
        2.8670399387920042e-11,
        1.1390000054234406e-11,
        4.853006885241484e-12,
        6.039613253960852e-13,
        6.039613253960852e-13,
        6.039613253960852e-13,
        5.471179065352771e-13,
        5.471179065352771e-13,
        2.2382096176443156e-13,
        2.842170943040401e-14,
        3.552713678800501e-15,
        3.552713678800501e-15,
        3.552713678800501e-15,
        0.0,
        0.0,
        0.0,
        0.0,
        0.0,
        0.0,
        0.0,
        0.0,
        0.0,
        0.0,
        0.0,
        0.0,
        0.0,
        0.0,
        0.0,
        0.0,
        0.0,
        0.0,
        0.0,
        0.0,
        0.0,
        0.0,
        0.0,
        0.0,
        0.0,
        0.0,
        0.0,
        0.0,
        0.0,
        0.0,
        0.0,
        0.0,
        0.0,
        0.0,
        0.0,
        0.0,
        0.0,
        0.0,
        0.0,
        0.0,
        0.0,
        0.0,
        0.0
    ],
    "timing_stats": {
        "total_time_s": 0.032801900000777096,
        "fitness_time_s": 0.03035679954336956,
        "velocity_update_time_s": 0.0008407999412156641,
        "position_update_time_s": 0.000469300604891032
    },
    "config": {
        "num_particles": 30,
        "dimensions": 2,
        "max_iterations": 100,
        "inertia_weight": 0.4,
        "cognitive_coefficient": 1.5,
        "social_coefficient": 1.0,
        "seed": 0,
        "tolerance": 0.0,
        "stagnation_patience": null,
        "track_history": true
    }
}