{
    "objective": "rosenbrock",
    "evaluation_mode": "sequential",
    "best_value": 110.78906817902343,
    "best_position": [
        -0.1397849252389319,
        0.01656342559444004,
        -0.003651041456303371,
        0.00433514284784765,
        0.0020749727056569058,
        0.16976742551455407,
        0.02961591393575505,
        0.029728690162519455,
        0.012563961473695944,
        0.012679611037192581,
        -0.0371249131194197,
        0.04335960106019128,
        0.2295965445346939,
        0.0066017945286518725,
        0.0030463390540690985,
        -0.004778400031207557,
        -0.07011287809019139,
        0.01704425048369189,
        -0.04046099231849473,
        -0.03587883404264016,
        0.023598810517394306,
        0.014322982984912877,
        0.014313925200989461,
        0.012472634045058264,
        0.005195255726640587,
        -0.5796582532692035,
        0.8854502234255128,
        1.0706174241979343,
        1.2892501835196992,
        1.6485658051899574
    ],
    "elapsed_time_s": 0.013782600057311356,
    "iterations_completed": 100,
    "best_value_history": [
        3596.451182666685,
        3485.6876369343117,
        3338.5129266347312,
        3334.201945120512,
        1759.347818599971,
        1759.347818599971,
        1744.6785819565287,
        1705.2868206281053,
        1541.6641200795013,
        1323.146675521986,
        1323.146675521986,
        1323.146675521986,
        976.9482400389909,
        976.9482400389909,
        925.5301459897007,
        717.9720271318156,
        717.9720271318156,
        653.90608209537,
        591.1526629496781,
        573.2034585358897,
        573.2034585358897,
        527.9657308108013,
        436.0719581639358,
        436.0719581639358,
        436.0719581639358,
        436.0719581639358,
        417.24120158754613,
        416.10484823857735,
        393.98667442810955,
        360.56133477227144,
        307.7521067658218,
        281.76209620001435,
        279.9362865129335,
        261.9422336065313,
        256.90061865313965,
        251.46557192208533,
        241.00148414341373,
        225.6020216914278,
        222.648800909111,
        218.60535296217415,
        203.88691189508683,
        196.34211763160653,
        196.34211763160653,
        186.35310441956418,
        181.55552682443044,
        178.32976818634393,
        178.32976818634393,
        177.46722578018267,
        172.99078755344289,
        172.99078755344289,
        172.99078755344289,
        171.3488044610314,
        161.83650612251054,
        161.83650612251054,
        161.69515787008504,
        159.6147959459707,
        153.9745864025306,
        151.93971839500222,
        151.93971839500222,
        149.63676533199109,
        149.63676533199109,
        148.34004860910446,
        144.673013586785,
        144.673013586785,
        144.56989623764906,
        142.1826066490697,
        141.2582710423261,
        140.48155159412337,
        138.1855397650003,
        137.34136097293603,
        135.74522499381055,
        135.6701932098027,
        133.17676807408728,
        132.43929488750763,
        131.0641887822338,
        130.3265070031174,
        129.4277419422527,
        128.9854653714916,
        128.36808035494866,
        128.36808035494866,
        125.55775344742996,
        124.81578059603409,
        123.78999935333782,
        123.0394803126652,
        122.40951165618836,
        121.31823513025977,
        120.04537934552313,
        119.16035292335191,
        118.35670464499212,
        116.95434695509309,
        115.75330642767116,
        115.13426349658552,
        114.40790858850562,
        114.05720322236463,
        113.37014567801886,
        112.8785156431041,
        112.53456766126993,
        112.0430843268907,
        111.78811222205151,
        110.78906817902343
    ],
    "timing_stats": {
        "total_time_s": 0.01377900002989918,
        "fitness_time_s": 0.011913400143384933,
        "velocity_update_time_s": 0.0008820999646559358,
        "position_update_time_s": 0.0004849000833928585
    },
    "config": {
        "num_particles": 30,
        "dimensions": 30,
        "max_iterations": 100,
        "inertia_weight": 0.7,
        "cognitive_coefficient": 2.0,
        "social_coefficient": 1.0,
        "seed": 3,
        "tolerance": 0.0,
        "stagnation_patience": null,
        "track_history": true
    }
}