{
    "objective": "rosenbrock",
    "evaluation_mode": "sequential",
    "best_value": 50.42980135923439,
    "best_position": [
        -0.6542462743810352,
        0.4863135313609201,
        0.28770779093514876,
        0.08657987566989422,
        0.08549856036096082,
        0.17209087811209603,
        0.02967398705796827,
        0.05092615488535895,
        0.03141859568664209,
        0.032530645844105734,
        0.06770253183528506,
        0.09208028738462923,
        -0.14870151439422133,
        0.012364501173379172,
        -0.007323216422022237,
        0.1217906255496702,
        0.31701091878856463,
        0.04752230410059355,
        0.02930449876486585,
        0.02989685009960217,
        -0.05089947751297133,
        0.04624553041900635,
        -0.04394797843104095,
        -0.09368631183971174,
        0.09886328785828602,
        0.007951170675765246,
        -0.036892518183337455,
        0.09542196585456086,
        -0.03302829348710436,
        0.025273732867489865
    ],
    "elapsed_time_s": 0.01419049990363419,
    "iterations_completed": 100,
    "best_value_history": [
        1303.0632992668272,
        1303.0632992668272,
        1303.0632992668272,
        1303.0632992668272,
        1303.0632992668272,
        1303.0632992668272,
        1029.0091596041327,
        924.250134439146,
        924.250134439146,
        924.250134439146,
        832.5442832523727,
        750.7269549337527,
        676.4315254238991,
        627.3179924863084,
        579.1368722281945,
        546.9093649238421,
        420.7164183513232,
        420.7164183513232,
        420.7164183513232,
        420.7164183513232,
        384.24266184357987,
        384.24266184357987,
        380.47632216827924,
        363.58327257581146,
        363.58327257581146,
        352.84131622555475,
        352.84131622555475,
        347.43352309852344,
        347.43352309852344,
        347.43352309852344,
        343.948932846584,
        276.60110657466566,
        254.46457601363545,
        225.23438547433537,
        209.32462618235078,
        207.37706994634183,
        207.37706994634183,
        199.63795318082538,
        199.63795318082538,
        190.53552238322067,
        188.90837271707605,
        187.6825233390133,
        173.52790069424896,
        173.52790069424896,
        173.52790069424896,
        159.6957466174107,
        159.614394117399,
        159.614394117399,
        157.10682410070768,
        157.10682410070768,
        152.5111846452993,
        147.4776874380398,
        147.4776874380398,
        145.43062604935812,
        141.04296319285564,
        141.04296319285564,
        138.56456154661163,
        131.02761500715258,
        126.61259871185548,
        126.61259871185548,
        121.83497689048671,
        118.80366855639235,
        115.47884774512377,
        113.63959493357834,
        111.5885298002556,
        109.8823116795441,
        106.63292982118321,
        104.42035030234034,
        102.95104847931945,
        100.53150884604486,
        98.13715531350542,
        96.33043254284243,
        95.52590046851341,
        93.98745575465077,
        92.15461485697632,
        90.29091298903705,
        87.87041420629083,
        85.20372030877782,
        84.03381608135238,
        82.54821333100641,
        79.09856456087024,
        76.6610139949868,
        74.18497488537317,
        71.18068601006101,
        69.62049942695054,
        68.40907374820205,
        67.26690893613745,
        64.66462090559598,
        62.567282663416584,
        60.89852257759225,
        59.23705980223066,
        58.203377061768975,
        56.65946707911003,
        55.30582894352785,
        54.539200319586556,
        53.4687748080389,
        52.308974616828486,
        51.73023534151548,
        51.16174173719903,
        50.42980135923439
    ],
    "timing_stats": {
        "total_time_s": 0.014185999985784292,
        "fitness_time_s": 0.012218700489029288,
        "velocity_update_time_s": 0.000929399742744863,
        "position_update_time_s": 0.000512900180183351
    },
    "config": {
        "num_particles": 30,
        "dimensions": 30,
        "max_iterations": 100,
        "inertia_weight": 0.7,
        "cognitive_coefficient": 2.0,
        "social_coefficient": 1.0,
        "seed": 1,
        "tolerance": 0.0,
        "stagnation_patience": null,
        "track_history": true
    }
}