{
    "objective_name": "rosenbrock",
    "num_runs": 5,
    "mean_best_value": 9.860761315262648e-33,
    "std_best_value": 1.9721522630525296e-32,
    "min_best_value": 0.0,
    "max_best_value": 4.930380657631324e-32,
    "mean_elapsed_time_s": 0.1968167799990624,
    "std_elapsed_time_s": 0.005421692278543725,
    "mean_iterations": 500.0,
    "min_iterations": 500,
    "max_iterations": 500
}