{
    "objective_name": "rosenbrock",
    "num_runs": 5,
    "mean_best_value": 0.0010240792529466075,
    "std_best_value": 0.0008580041540365398,
    "min_best_value": 9.074238542781014e-05,
    "max_best_value": 0.0025916402904123683,
    "mean_elapsed_time_s": 0.04048488000407815,
    "std_elapsed_time_s": 0.0010869436859347892,
    "mean_iterations": 100.0,
    "min_iterations": 100,
    "max_iterations": 100
}