{
    "objective_name": "rosenbrock",
    "num_runs": 5,
    "mean_best_value": 8.426471432100172e-17,
    "std_best_value": 7.712087580737499e-17,
    "min_best_value": 1.109620095192636e-19,
    "max_best_value": 2.2836817101530627e-16,
    "mean_elapsed_time_s": 0.19541253997012972,
    "std_elapsed_time_s": 0.008531956042603771,
    "mean_iterations": 500.0,
    "min_iterations": 500,
    "max_iterations": 500
}