{
    "objective_name": "rosenbrock",
    "num_runs": 5,
    "mean_best_value": 2.0246479037183023e-10,
    "std_best_value": 2.0621984248376444e-10,
    "min_best_value": 4.9997062708538846e-12,
    "max_best_value": 5.482366188689624e-10,
    "mean_elapsed_time_s": 0.19565105999354274,
    "std_elapsed_time_s": 0.015252227557980193,
    "mean_iterations": 500.0,
    "min_iterations": 500,
    "max_iterations": 500
}