{
    "objective_name": "rosenbrock",
    "num_runs": 5,
    "mean_best_value": 0.00400308421853166,
    "std_best_value": 0.002937936097550496,
    "min_best_value": 0.0011844767980841143,
    "max_best_value": 0.008367093263574937,
    "mean_elapsed_time_s": 0.03779277999419719,
    "std_elapsed_time_s": 0.0034814653579546286,
    "mean_iterations": 100.0,
    "min_iterations": 100,
    "max_iterations": 100,
    "evaluation_mode": "v1"
}