{
    "objective_name": "rosenbrock",
    "num_runs": 5,
    "mean_best_value": 2.136160269976932e-08,
    "std_best_value": 4.2637295008592055e-08,
    "min_best_value": 3.1385567280833554e-12,
    "max_best_value": 1.0663617423856517e-07,
    "mean_elapsed_time_s": 0.03963544003199786,
    "std_elapsed_time_s": 0.0013136662907786121,
    "mean_iterations": 100.0,
    "min_iterations": 100,
    "max_iterations": 100
}