{
    "objective_name": "rosenbrock",
    "num_runs": 5,
    "mean_best_value": 7.444689941795375e-07,
    "std_best_value": 9.01228633190845e-07,
    "min_best_value": 4.0307753135347206e-08,
    "max_best_value": 2.494619229907019e-06,
    "mean_elapsed_time_s": 0.19470065999776126,
    "std_elapsed_time_s": 0.00986673391491784,
    "mean_iterations": 500.0,
    "min_iterations": 500,
    "max_iterations": 500
}