{
    "objective_name": "rosenbrock",
    "num_runs": 5,
    "mean_best_value": 8.388614343966682e-21,
    "std_best_value": 1.3812853356937822e-20,
    "min_best_value": 3.2047474274603605e-28,
    "max_best_value": 3.5599666589614764e-20,
    "mean_elapsed_time_s": 0.19375474001280962,
    "std_elapsed_time_s": 0.015807911793776636,
    "mean_iterations": 500.0,
    "min_iterations": 500,
    "max_iterations": 500
}