{
    "objective_name": "rosenbrock",
    "num_runs": 5,
    "mean_best_value": 3.5145890372577353e-15,
    "std_best_value": 6.0331577561599285e-15,
    "min_best_value": 7.969837009458072e-17,
    "max_best_value": 1.552435558162233e-14,
    "mean_elapsed_time_s": 0.20072994001675398,
    "std_elapsed_time_s": 0.006315581018671043,
    "mean_iterations": 500.0,
    "min_iterations": 500,
    "max_iterations": 500
}