{
    "objective_name": "rosenbrock",
    "num_runs": 5,
    "mean_best_value": 0.011155497400519208,
    "std_best_value": 0.022042984079453185,
    "min_best_value": 8.837097249567942e-09,
    "max_best_value": 0.05524012197706613,
    "mean_elapsed_time_s": 0.036724899988621475,
    "std_elapsed_time_s": 0.0020430061797331116,
    "mean_iterations": 100.0,
    "min_iterations": 100,
    "max_iterations": 100,
    "evaluation_mode": "v1"
}