{
    "objective_name": "rosenbrock",
    "num_runs": 5,
    "mean_best_value": 0.0020828555674577537,
    "std_best_value": 0.002132373788336982,
    "min_best_value": 3.552454498800859e-06,
    "max_best_value": 0.004830999230416794,
    "mean_elapsed_time_s": 0.03594629999715835,
    "std_elapsed_time_s": 0.0011788962755473818,
    "mean_iterations": 100.0,
    "min_iterations": 100,
    "max_iterations": 100,
    "evaluation_mode": "v1"
}