{
    "objective_name": "rosenbrock",
    "num_runs": 5,
    "mean_best_value": 0.009800266624732564,
    "std_best_value": 0.01960053164870035,
    "min_best_value": 3.824792098964076e-27,
    "max_best_value": 0.049001329922133186,
    "mean_elapsed_time_s": 0.19608905997592957,
    "std_elapsed_time_s": 0.009746132746648355,
    "mean_iterations": 500.0,
    "min_iterations": 500,
    "max_iterations": 500
}