{
    "objective_name": "rosenbrock",
    "num_runs": 5,
    "mean_best_value": 0.0003042837866401604,
    "std_best_value": 0.00015248646460326327,
    "min_best_value": 0.0001583692591164248,
    "max_best_value": 0.0005102846976708254,
    "mean_elapsed_time_s": 0.195216520014219,
    "std_elapsed_time_s": 0.015879918477083713,
    "mean_iterations": 500.0,
    "min_iterations": 500,
    "max_iterations": 500
}