{
    "objective_name": "rosenbrock",
    "num_runs": 5,
    "mean_best_value": 2.7671669726707934e-17,
    "std_best_value": 3.454384308307427e-17,
    "min_best_value": 4.746412995915321e-21,
    "max_best_value": 8.175675016823481e-17,
    "mean_elapsed_time_s": 0.19148026001639665,
    "std_elapsed_time_s": 0.017058962846065683,
    "mean_iterations": 500.0,
    "min_iterations": 500,
    "max_iterations": 500
}