{
    "objective": "ackley",
    "evaluation_mode": "pyswarm",
    "best_value": 0.052007924189667154,
    "best_position": [
        -0.005890618072958934,
        0.019379628410721474,
        0.0057262752051035724,
        -0.009242811901627084,
        -0.013077266897342742,
        -0.01595634761141497,
        0.001034995856370815,
        0.01583676209768882,
        0.005812273846028476,
        -0.006170397160570884
    ],
    "elapsed_time_s": 0.03779740002937615,
    "iterations_completed": 100,
    "best_value_history": [
        19.639412378742325,
        19.639412378742325,
        19.639412378742325,
        18.293123147362394,
        17.402167758343882,
        15.38919504045802,
        15.38919504045802,
        15.38919504045802,
        15.38919504045802,
        14.642450313464142,
        14.642450313464142,
        14.390727395424161,
        14.390727395424161,
        14.390727395424161,
        13.626875721580124,
        13.626875721580124,
        13.447909157089237,
        12.827945041123966,
        11.913549185555654,
        11.913549185555654,
        11.423717187176699,
        11.423717187176699,
        11.423717187176699,
        9.5522224830701,
        9.5522224830701,
        9.225562428518007,
        8.59944467552686,
        8.59944467552686,
        8.520631532126815,
        7.9185494230934985,
        6.851364787744876,
        6.851364787744876,
        6.851364787744876,
        4.9073921833678895,
        4.9073921833678895,
        4.9073921833678895,
        4.9073921833678895,
        4.745713649906953,
        4.745713649906953,
        4.226019601149904,
        4.203373230080022,
        4.203373230080022,
        3.9633438667052556,
        3.9633438667052556,
        3.9633438667052556,
        3.9633438667052556,
        3.9633438667052556,
        3.8957874425573498,
        3.588189956400552,
        3.227713082626693,
        2.7059521015456203,
        2.7059521015456203,
        2.7059521015456203,
        2.635203817728773,
        2.635203817728773,
        2.1251587536662595,
        2.1251587536662595,
        2.1251587536662595,
        1.9129163322324705,
        1.638763473112267,
        1.638763473112267,
        1.638763473112267,
        1.638763473112267,
        1.638763473112267,
        1.550123456314687,
        0.9836920950305523,
        0.9836920950305523,
        0.9625799562978696,
        0.9625799562978696,
        0.9625799562978696,
        0.7976496448380996,
        0.7976496448380996,
        0.6591447145818425,
        0.48614280274839006,
        0.48614280274839006,
        0.48614280274839006,
        0.48614280274839006,
        0.48614280274839006,
        0.3790817020389565,
        0.35894994842274786,
        0.2364980359418678,
        0.23506411932895022,
        0.21384025416565722,
        0.17694252963331936,
        0.17694252963331936,
        0.16694188709787428,
        0.16694188709787428,
        0.16694188709787428,
        0.16694188709787428,
        0.16694188709787428,
        0.1564980510826648,
        0.13221953725278413,
        0.09741114848793275,
        0.06273538683451152,
        0.06273538683451152,
        0.054323343309743866,
        0.054323343309743866,
        0.052007924189667154,
        0.052007924189667154,
        0.052007924189667154
    ],
    "swarm_position_history": null,
    "timing_stats": {
        "total_time_s": 0.03779740002937615,
        "fitness_time_s": null,
        "velocity_update_time_s": null,
        "position_update_time_s": null,
        "solver": "pyswarm",
        "solver_messages": [
            "Stopping search: maximum iterations reached --> 100"
        ]
    },
    "config": {
        "num_particles": 30,
        "dimensions": 10,
        "max_iterations": 100,
        "inertia_weight": 0.7,
        "cognitive_coefficient": 1.5,
        "social_coefficient": 1.5,
        "seed": 4,
        "tolerance": 0.0,
        "stagnation_patience": null,
        "track_history": true,
        "track_swarm_history": false
    }
}