{
    "objective": "ackley",
    "evaluation_mode": "pyswarm",
    "best_value": 0.027783538360840243,
    "best_position": [
        -0.009784394301787274,
        0.0037702689103411317,
        0.0011404394682908467,
        -0.008531781026827097,
        0.0038117311462380022,
        0.00709526974644346,
        -0.00815301465585881,
        0.008329841350232304,
        0.00396583820112952,
        0.003032587026279841
    ],
    "elapsed_time_s": 0.038241200032643974,
    "iterations_completed": 100,
    "best_value_history": [
        19.845646757597226,
        19.845646757597226,
        19.845646757597226,
        19.845646757597226,
        19.560266967326008,
        19.560266967326008,
        19.055866602901414,
        19.055866602901414,
        17.675706456482203,
        17.675706456482203,
        17.618064869106302,
        13.979745693637362,
        13.979745693637362,
        13.979745693637362,
        11.361719876126932,
        11.361719876126932,
        10.594463984615501,
        9.469570879102866,
        9.469570879102866,
        9.280084389134569,
        7.631428678061477,
        7.631428678061477,
        7.631428678061477,
        7.631428678061477,
        7.631428678061477,
        7.039366982120773,
        5.5649744162079635,
        5.5649744162079635,
        5.5649744162079635,
        5.5649744162079635,
        5.5649744162079635,
        5.5649744162079635,
        4.881981058502486,
        4.881981058502486,
        4.881981058502486,
        4.306640262671941,
        4.306640262671941,
        3.946645836132181,
        3.222858732916706,
        3.0545681344758653,
        3.0545681344758653,
        3.0545681344758653,
        3.0545681344758653,
        3.0545681344758653,
        3.0545681344758653,
        2.6909880629634917,
        2.5182100537601966,
        2.5182100537601966,
        2.5182100537601966,
        2.5182100537601966,
        2.5182100537601966,
        2.467792638680376,
        2.467792638680376,
        2.467792638680376,
        2.0659872774981385,
        2.0042364040518206,
        1.5581607471583472,
        1.5581607471583472,
        1.5581607471583472,
        1.4707000068039453,
        1.4707000068039453,
        1.3562421251069279,
        1.3562421251069279,
        1.2755494676276098,
        0.6789770653170888,
        0.5997548114757767,
        0.5997548114757767,
        0.5997548114757767,
        0.4137823270954013,
        0.29281091854965213,
        0.29281091854965213,
        0.2519902658517563,
        0.20842043610946748,
        0.1723827374136886,
        0.1723827374136886,
        0.14735975096477505,
        0.14709853121581462,
        0.13751297347990077,
        0.13751297347990077,
        0.13751297347990077,
        0.13652200357188038,
        0.12048733717009741,
        0.12048733717009741,
        0.12048733717009741,
        0.11403239584895575,
        0.11403239584895575,
        0.06768611646566969,
        0.04991769813508684,
        0.03707116467029836,
        0.03707116467029836,
        0.03707116467029836,
        0.03707116467029836,
        0.03511972677060671,
        0.03511972677060671,
        0.03511972677060671,
        0.03475001992701765,
        0.03020310521536773,
        0.03020310521536773,
        0.027783538360840243,
        0.027783538360840243
    ],
    "swarm_position_history": null,
    "timing_stats": {
        "total_time_s": 0.038241200032643974,
        "fitness_time_s": null,
        "velocity_update_time_s": null,
        "position_update_time_s": null,
        "solver": "pyswarm",
        "solver_messages": [
            "Stopping search: maximum iterations reached --> 100"
        ]
    },
    "config": {
        "num_particles": 30,
        "dimensions": 10,
        "max_iterations": 100,
        "inertia_weight": 0.7,
        "cognitive_coefficient": 1.5,
        "social_coefficient": 1.5,
        "seed": 3,
        "tolerance": 0.0,
        "stagnation_patience": null,
        "track_history": true,
        "track_swarm_history": false
    }
}