{
    "objective": "ackley",
    "evaluation_mode": "pyswarm",
    "best_value": 0.05256377047115679,
    "best_position": [
        0.0028683958305023016,
        0.013334882069267447,
        -0.009576980503952883,
        -0.02486048718564715,
        -0.004987725478034699,
        -0.008870753817235023,
        0.016027148219808062,
        -0.0018556869573282397,
        0.006148438337294905,
        0.002177108615956676
    ],
    "elapsed_time_s": 0.039772999938577414,
    "iterations_completed": 100,
    "best_value_history": [
        20.676259494344134,
        19.883292392230075,
        18.925375774622317,
        18.925375774622317,
        18.36596111779138,
        17.867842332772312,
        17.07735074448032,
        16.85959471545175,
        16.85959471545175,
        16.161815722194472,
        15.6071058095667,
        15.21640476866516,
        13.704093607696812,
        13.704093607696812,
        13.704093607696812,
        12.998397222601348,
        11.651866437268474,
        10.680055835298294,
        10.61316950703234,
        9.058478976270813,
        8.818342542787073,
        8.818342542787073,
        7.764302571738682,
        7.738996088572051,
        7.267619157190346,
        7.267619157190346,
        7.267619157190346,
        7.148905926374624,
        7.148905926374624,
        6.865131017316752,
        6.033657649347159,
        6.033657649347159,
        6.033657649347159,
        5.972329623361443,
        5.887406692950215,
        5.652245768997858,
        4.77054741553658,
        4.77054741553658,
        4.439737664658313,
        4.439737664658313,
        4.439737664658313,
        4.439737664658313,
        4.439737664658313,
        4.439737664658313,
        4.004267961771571,
        3.621405653309403,
        2.520950027848752,
        2.520950027848752,
        2.520950027848752,
        2.520950027848752,
        2.520950027848752,
        2.520950027848752,
        2.4982064186233797,
        2.4982064186233797,
        2.4430791715438507,
        2.4430791715438507,
        2.4430791715438507,
        1.4650029104142637,
        1.4650029104142637,
        1.2158056410820675,
        1.2158056410820675,
        1.2158056410820675,
        1.2158056410820675,
        1.0154275046924863,
        0.9785193202014146,
        0.9785193202014146,
        0.9785193202014146,
        0.9785193202014146,
        0.9785193202014146,
        0.9785193202014146,
        0.9785193202014146,
        0.7144892259182076,
        0.7001293735768823,
        0.38246136512432516,
        0.27945784305934795,
        0.27945784305934795,
        0.27945784305934795,
        0.27945784305934795,
        0.27945784305934795,
        0.27945784305934795,
        0.27945784305934795,
        0.2374436930416235,
        0.1516264304631183,
        0.1516264304631183,
        0.1516264304631183,
        0.1516264304631183,
        0.13423877948485385,
        0.13423877948485385,
        0.11108284407092528,
        0.11108284407092528,
        0.11108284407092528,
        0.10721544826562779,
        0.10721544826562779,
        0.10721544826562779,
        0.0857926361735335,
        0.07254874913868337,
        0.07254874913868337,
        0.07254874913868337,
        0.05256377047115679,
        0.05256377047115679
    ],
    "swarm_position_history": null,
    "timing_stats": {
        "total_time_s": 0.039772999938577414,
        "fitness_time_s": null,
        "velocity_update_time_s": null,
        "position_update_time_s": null,
        "solver": "pyswarm",
        "solver_messages": [
            "Stopping search: maximum iterations reached --> 100"
        ]
    },
    "config": {
        "num_particles": 30,
        "dimensions": 10,
        "max_iterations": 100,
        "inertia_weight": 0.7,
        "cognitive_coefficient": 1.5,
        "social_coefficient": 1.5,
        "seed": 1,
        "tolerance": 0.0,
        "stagnation_patience": null,
        "track_history": true,
        "track_swarm_history": false
    }
}