{
    "objective": "ackley",
    "evaluation_mode": "pyswarm",
    "best_value": 1.1648913495866542,
    "best_position": [
        0.00898527485423734,
        0.00838114782319074,
        -0.8586250453330573,
        0.006928658694535704,
        -0.016875299057661386,
        0.006997345669163076,
        0.00042578101423369763,
        -0.018839021285627967,
        -0.001507931920505693,
        0.026196476254834188
    ],
    "elapsed_time_s": 0.04296599992085248,
    "iterations_completed": 100,
    "best_value_history": [
        19.092383460854382,
        19.092383460854382,
        19.092383460854382,
        19.092383460854382,
        17.726659685660188,
        17.726659685660188,
        16.059096994308202,
        16.059096994308202,
        16.059096994308202,
        15.880997025434255,
        14.429348275065177,
        14.059285835413444,
        12.820151877462045,
        12.45356118365663,
        11.491558046795662,
        9.71328057354003,
        9.71328057354003,
        9.255519715932511,
        9.255519715932511,
        9.255519715932511,
        9.255519715932511,
        7.007410148906244,
        6.944922279504112,
        5.183010663015949,
        5.183010663015949,
        5.183010663015949,
        4.707580155225234,
        4.707580155225234,
        4.707580155225234,
        4.707580155225234,
        4.707580155225234,
        4.707580155225234,
        4.707580155225234,
        4.707580155225234,
        4.232091493163381,
        4.232091493163381,
        4.232091493163381,
        4.232091493163381,
        3.493738749703994,
        3.493738749703994,
        3.493738749703994,
        3.2858106918929733,
        3.2532210032740143,
        3.2532210032740143,
        3.15882850656195,
        3.15882850656195,
        2.8990522642937937,
        2.8990522642937937,
        2.8990522642937937,
        2.8990522642937937,
        2.8990522642937937,
        2.8990522642937937,
        2.8990522642937937,
        2.7752661812552764,
        2.7752661812552764,
        2.7752661812552764,
        2.6802358419329306,
        2.305760726329773,
        2.305760726329773,
        2.305760726329773,
        2.305760726329773,
        2.305760726329773,
        2.305760726329773,
        2.2490756912080028,
        2.2490756912080028,
        2.2212601227967714,
        2.155828433719123,
        2.047763812902844,
        2.047763812902844,
        1.8842588578785215,
        1.8842588578785215,
        1.8842588578785215,
        1.8842588578785215,
        1.8842588578785215,
        1.8842588578785215,
        1.8107957041964515,
        1.8107957041964515,
        1.8107957041964515,
        1.8101817299772311,
        1.7972131234939508,
        1.7972131234939508,
        1.4031910344449483,
        1.4031910344449483,
        1.4031910344449483,
        1.2784943349466436,
        1.2784943349466436,
        1.2784943349466436,
        1.2784943349466436,
        1.1971209367413675,
        1.1971209367413675,
        1.1971209367413675,
        1.1971209367413675,
        1.186964166870315,
        1.1792230124499388,
        1.172080520052568,
        1.172080520052568,
        1.172080520052568,
        1.1662561585417852,
        1.1662561585417852,
        1.1648913495866542
    ],
    "swarm_position_history": null,
    "timing_stats": {
        "total_time_s": 0.04296599992085248,
        "fitness_time_s": null,
        "velocity_update_time_s": null,
        "position_update_time_s": null,
        "solver": "pyswarm",
        "solver_messages": [
            "Stopping search: maximum iterations reached --> 100"
        ]
    },
    "config": {
        "num_particles": 30,
        "dimensions": 10,
        "max_iterations": 100,
        "inertia_weight": 0.7,
        "cognitive_coefficient": 1.5,
        "social_coefficient": 1.5,
        "seed": 0,
        "tolerance": 0.0,
        "stagnation_patience": null,
        "track_history": true,
        "track_swarm_history": false
    }
}