{
    "objective": "ackley",
    "evaluation_mode": "pyswarm",
    "best_value": 0.028338284536172598,
    "best_position": [
        -0.000270637725832505,
        0.00017125084720878356,
        0.007326920268535732,
        0.0030804666123633584,
        0.0026391121860965304,
        0.011958979386054254,
        0.000610144011005623,
        0.007952573892923306,
        0.010146101490618904,
        0.006721267206713295
    ],
    "elapsed_time_s": 0.038054100004956126,
    "iterations_completed": 100,
    "best_value_history": [
        20.027935135315772,
        20.027935135315772,
        20.027935135315772,
        20.027935135315772,
        19.741704489246874,
        17.600421612400368,
        17.600421612400368,
        17.36202498994631,
        14.993135847713631,
        14.993135847713631,
        14.721106922298102,
        14.721106922298102,
        14.138257619950892,
        13.107601459315225,
        13.107601459315225,
        12.672620926607383,
        12.672620926607383,
        12.672620926607383,
        12.078580409685555,
        12.078580409685555,
        11.773629528492618,
        11.773629528492618,
        11.459632646410569,
        10.231778933955809,
        9.828181524368647,
        9.566215123470773,
        9.566215123470773,
        9.192449007410943,
        8.245209248695883,
        7.86369546884713,
        7.86369546884713,
        7.86369546884713,
        5.435293567627866,
        5.435293567627866,
        5.435293567627866,
        5.435293567627866,
        4.966945012799663,
        4.962425509164721,
        4.569328872596383,
        4.569328872596383,
        4.17219829920586,
        3.474609487981198,
        3.474609487981198,
        3.474609487981198,
        2.6777599542925157,
        2.6777599542925157,
        2.6777599542925157,
        2.6777599542925157,
        2.603169884487017,
        2.456845446452555,
        2.456845446452555,
        2.3728381483366054,
        2.284918551112139,
        2.0052841491476348,
        2.0052841491476348,
        1.8215153727123092,
        1.8215153727123092,
        1.815704210802242,
        1.815704210802242,
        1.608933486082702,
        1.1429731428301868,
        1.1429731428301868,
        1.1429731428301868,
        1.0397341273485314,
        0.8551139186625183,
        0.6507893773704514,
        0.6507893773704514,
        0.6507893773704514,
        0.6507893773704514,
        0.6150066158099681,
        0.5556552681705864,
        0.35795309412412424,
        0.35795309412412424,
        0.30984058397223224,
        0.30984058397223224,
        0.2981472681634796,
        0.2981472681634796,
        0.25009532288614666,
        0.25009532288614666,
        0.18888723310369615,
        0.18888723310369615,
        0.18888723310369615,
        0.1401923525722215,
        0.1401923525722215,
        0.10286033678357542,
        0.10286033678357542,
        0.10286033678357542,
        0.09690294615053974,
        0.09690294615053974,
        0.09690294615053974,
        0.09690294615053974,
        0.09413281720735656,
        0.09128609409347677,
        0.0739712118722946,
        0.07198784262860558,
        0.05802334485933658,
        0.05802334485933658,
        0.0527652924593629,
        0.0527652924593629,
        0.028338284536172598
    ],
    "swarm_position_history": null,
    "timing_stats": {
        "total_time_s": 0.038054100004956126,
        "fitness_time_s": null,
        "velocity_update_time_s": null,
        "position_update_time_s": null,
        "solver": "pyswarm",
        "solver_messages": [
            "Stopping search: maximum iterations reached --> 100"
        ]
    },
    "config": {
        "num_particles": 30,
        "dimensions": 10,
        "max_iterations": 100,
        "inertia_weight": 0.7,
        "cognitive_coefficient": 1.5,
        "social_coefficient": 1.5,
        "seed": 2,
        "tolerance": 0.0,
        "stagnation_patience": null,
        "track_history": true,
        "track_swarm_history": false
    }
}