{
    "objective": "ackley",
    "evaluation_mode": null,
    "best_value": 1.177573436742151,
    "best_position": [
        0.020874465024031428,
        -0.017129311009662848,
        0.004265106696346048,
        -0.025432935049188574,
        0.026272824388001825,
        -0.030952188658972965,
        -0.899423254102267,
        -0.012849975935073355,
        0.001139553597393192,
        -0.011032539587482383
    ],
    "elapsed_time_s": 0.016674599959515035,
    "iterations_completed": 100,
    "best_value_history": [
        20.148312806436646,
        19.584122051442506,
        17.94267030072627,
        17.94267030072627,
        17.547446426264653,
        16.296603391229045,
        15.532610833663725,
        14.54178250478675,
        14.54178250478675,
        14.54178250478675,
        13.69351479328286,
        13.69351479328286,
        13.69351479328286,
        12.758312614857509,
        12.631796174284624,
        11.042037946373927,
        11.042037946373927,
        11.042037946373927,
        10.364348636499045,
        10.364348636499045,
        9.827278324042013,
        8.35305136329105,
        8.197776575529774,
        8.197776575529774,
        8.197776575529774,
        7.617398530830817,
        7.617398530830817,
        7.617398530830817,
        7.0694110793764455,
        6.590220732473359,
        6.590220732473359,
        6.590220732473359,
        6.590220732473359,
        6.4652742858338605,
        6.288862739488135,
        5.927307992109419,
        5.54089314713492,
        4.525694554142607,
        4.525694554142607,
        4.138099597860723,
        4.138099597860723,
        4.138099597860723,
        4.138099597860723,
        4.01389368784405,
        4.01389368784405,
        4.01389368784405,
        4.01389368784405,
        4.01389368784405,
        4.01389368784405,
        3.8469118795549275,
        3.6816201273296447,
        3.6816201273296447,
        3.6816201273296447,
        3.6816201273296447,
        3.4912641826593718,
        3.1671648448914174,
        3.1671648448914174,
        3.028622779444533,
        3.028622779444533,
        3.028622779444533,
        3.028622779444533,
        3.028622779444533,
        2.8241075697803812,
        2.4436971802506524,
        2.2184989409505076,
        1.880443977072812,
        1.880443977072812,
        1.880443977072812,
        1.880443977072812,
        1.8261127022781882,
        1.8261127022781882,
        1.8261127022781882,
        1.8261127022781882,
        1.8060112172265836,
        1.771648501652877,
        1.7439568753341637,
        1.4548241653430733,
        1.4548241653430733,
        1.4206984918808634,
        1.3745669547425092,
        1.3267359341424165,
        1.3267359341424165,
        1.2226553648760015,
        1.203622579198179,
        1.203622579198179,
        1.1975175093051331,
        1.1975175093051331,
        1.1975175093051331,
        1.1975175093051331,
        1.1975175093051331,
        1.1975175093051331,
        1.18358994579668,
        1.18358994579668,
        1.18358994579668,
        1.179495199854625,
        1.1786445958209275,
        1.177735161946988,
        1.177735161946988,
        1.177573436742151,
        1.177573436742151
    ],
    "swarm_position_history": null,
    "timing_stats": {
        "total_time_s": 0.016667399904690683,
        "fitness_time_s": 0.015104700229130685,
        "velocity_update_time_s": 0.0006933000404387712,
        "position_update_time_s": 0.0003632006701081991
    },
    "config": {
        "num_particles": 30,
        "dimensions": 10,
        "max_iterations": 100,
        "inertia_weight": 0.7,
        "cognitive_coefficient": 1.5,
        "social_coefficient": 1.5,
        "seed": 1,
        "tolerance": 0.0,
        "stagnation_patience": null,
        "track_history": true,
        "track_swarm_history": false
    }
}