{
    "objective": "ackley",
    "evaluation_mode": null,
    "best_value": 2.6334490144108713e-13,
    "best_position": [
        -3.6180362023696954e-14,
        -6.35959468728736e-14,
        8.188063049002052e-14,
        2.327219180628918e-14,
        -2.4503971760738148e-14,
        8.111686174840924e-15,
        1.859795744575816e-15,
        -1.6223358033469335e-13,
        3.7157057715785977e-14,
        4.3486050504615664e-14
    ],
    "elapsed_time_s": 0.072340999962762,
    "iterations_completed": 500,
    "best_value_history": [
        20.194572214240143,
        20.194572214240143,
        19.2142329528237,
        18.223083095337284,
        17.676093365578033,
        17.676093365578033,
        17.19396698041275,
        17.19396698041275,
        17.19396698041275,
        16.626399079695172,
        14.686443381086757,
        12.628041592873881,
        12.628041592873881,
        11.761037123899735,
        11.534171071203582,
        10.56099165681224,
        9.71333520766487,
        9.71333520766487,
        9.71333520766487,
        9.71121826866799,
        9.71121826866799,
        9.038557374677266,
        8.438386189960738,
        8.438386189960738,
        7.355584611179628,
        6.466043855441207,
        5.687150454372873,
        5.687150454372873,
        5.488368422742436,
        5.488368422742436,
        5.471805207814999,
        4.829112613579511,
        4.829112613579511,
        4.742254013605805,
        4.410054253648958,
        4.172371784706595,
        4.172371784706595,
        4.172371784706595,
        4.172371784706595,
        4.031406414539237,
        3.7548016941213764,
        3.5767403671719653,
        3.5767403671719653,
        3.5767403671719653,
        3.5767403671719653,
        3.5767403671719653,
        3.5767403671719653,
        3.4449057287515576,
        3.3046359485602648,
        3.0637528018053577,
        3.0637528018053577,
        3.0637528018053577,
        3.0637528018053577,
        3.021633986183645,
        2.566081270817517,
        2.036659238823337,
        2.036659238823337,
        2.036659238823337,
        1.9301760586743808,
        1.9301760586743808,
        1.4260340484718594,
        1.4119178564401627,
        0.9859113569028897,
        0.9859113569028897,
        0.9859113569028897,
        0.9275308566020333,
        0.9275308566020333,
        0.7948368912530097,
        0.6813715077335201,
        0.5996317290027879,
        0.4808487653199056,
        0.4808487653199056,
        0.4560074874586957,
        0.4560074874586957,
        0.4404528049353691,
        0.4404528049353691,
        0.39573005367812586,
        0.39573005367812586,
        0.33541886545335275,
        0.33541886545335275,
        0.32989340485588103,
        0.30806115795110545,
        0.27397172821805116,
        0.2147473151707442,
        0.17705665111251223,
        0.1176164672917932,
        0.1176164672917932,
        0.11568307954816648,
        0.10743394860829314,
        0.10743394860829314,
        0.10743394860829314,
        0.09633018899624135,
        0.07177040682712432,
        0.07177040682712432,
        0.044488621844057,
        0.044488621844057,
        0.044488621844057,
        0.042163340732753074,
        0.042163340732753074,
        0.042163340732753074,
        0.03805181210264097,
        0.03805181210264097,
        0.03462113607184181,
        0.03462113607184181,
        0.0314445529271663,
        0.03125047188333285,
        0.03125047188333285,
        0.024436474415371112,
        0.020076967570628046,
        0.020076967570628046,
        0.019648680790500084,
        0.009906206426468334,
        0.009906206426468334,
        0.009906206426468334,
        0.008678593218335084,
        0.008678593218335084,
        0.008678593218335084,
        0.008299210932346757,
        0.008299210932346757,
        0.00817744584714264,
        0.0074650204889228355,
        0.0074650204889228355,
        0.0074650204889228355,
        0.00654850906302018,
        0.00654850906302018,
        0.00654850906302018,
        0.0058955224605630185,
        0.0058955224605630185,
        0.004620110147908196,
        0.004620110147908196,
        0.0041100408138103894,
        0.003117274948430282,
        0.003117274948430282,
        0.003117274948430282,
        0.003117274948430282,
        0.00275673035113444,
        0.00275673035113444,
        0.00275673035113444,
        0.002597386124012946,
        0.00224556153638078,
        0.00224556153638078,
        0.0018000026245101886,
        0.0018000026245101886,
        0.001773007937135862,
        0.001622533611918886,
        0.0016177491456557114,
        0.0016177491456557114,
        0.0016177491456557114,
        0.0016177491456557114,
        0.0013156005217891398,
        0.0011890035017896317,
        0.0011890035017896317,
        0.0011890035017896317,
        0.0011113989746012187,
        0.0011113989746012187,
        0.001090475958971826,
        0.0008621234462578009,
        0.000668982279976138,
        0.0006478419597404361,
        0.0006442967430939639,
        0.0006442967430939639,
        0.0004753328960238612,
        0.0004753328960238612,
        0.0004753328960238612,
        0.0004753328960238612,
        0.0004753328960238612,
        0.0004753328960238612,
        0.0004627669277117441,
        0.00043808847851467547,
        0.00035534292422001457,
        0.00035534292422001457,
        0.00035534292422001457,
        0.0003429747070637923,
        0.00029767515985357207,
        0.00029767515985357207,
        0.00029767515985357207,
        0.00029767515985357207,
        0.00029767515985357207,
        0.0002833592940523211,
        0.0002833592940523211,
        0.00024127705037146896,
        0.00022051764703023835,
        0.00022051764703023835,
        0.00020974451686983642,
        0.00020974451686983642,
        0.00017603935206667032,
        0.0001751154992004622,
        0.00016753194223229073,
        0.00014969097202000015,
        0.00014969097202000015,
        0.00013852922812107593,
        0.00011468642549816721,
        9.627437219039692e-05,
        9.627437219039692e-05,
        6.097447085240404e-05,
        6.097447085240404e-05,
        6.097447085240404e-05,
        6.020373382087385e-05,
        6.020373382087385e-05,
        6.020373382087385e-05,
        5.723787178313344e-05,
        4.993364191507865e-05,
        4.547985102165697e-05,
        4.547985102165697e-05,
        3.715081883415294e-05,
        3.1134720530179294e-05,
        3.1134720530179294e-05,
        3.1134720530179294e-05,
        2.8924028630417098e-05,
        2.7911136488700805e-05,
        2.779337358349565e-05,
        2.779337358349565e-05,
        2.4890985113490416e-05,
        2.4890985113490416e-05,
        2.1900897295257238e-05,
        2.089901323687471e-05,
        1.7374238002521025e-05,
        1.7374238002521025e-05,
        1.7374238002521025e-05,
        1.5987840303655076e-05,
        1.5987840303655076e-05,
        1.5987840303655076e-05,
        1.5987840303655076e-05,
        1.2348322226518604e-05,
        1.2348322226518604e-05,
        1.2348322226518604e-05,
        1.1200740733574577e-05,
        1.1200740733574577e-05,
        8.787770543694506e-06,
        7.712065145160096e-06,
        6.441902119735943e-06,
        6.441902119735943e-06,
        5.906003309963381e-06,
        5.906003309963381e-06,
        5.906003309963381e-06,
        5.906003309963381e-06,
        5.719283539651343e-06,
        5.52389505914519e-06,
        5.516074008671268e-06,
        5.516074008671268e-06,
        5.421879265998797e-06,
        4.894628542917445e-06,
        4.1325477799780685e-06,
        4.1325477799780685e-06,
        4.1325477799780685e-06,
        3.902101017860815e-06,
        3.6734700796792197e-06,
        3.297556688597325e-06,
        2.7262196380384296e-06,
        2.7262196380384296e-06,
        2.7262196380384296e-06,
