{
    "objective": "ackley",
    "evaluation_mode": "pyswarm",
    "best_value": 8.005975025915754,
    "best_position": [
        4.44380685091933,
        -1.6305727381647044,
        -0.4948731346378191,
        -0.017859427329199207,
        -2.155496187980766,
        1.0865788459676384,
        -0.9976282502236171,
        2.1107607777040664,
        0.641728274262836,
        3.709350229978877,
        0.7175067947188446,
        -1.1284362747333363,
        3.612933003315104,
        0.7478430865708285,
        -1.917674304388005,
        5.921985266064907,
        -2.148581895327467,
        -1.0390547942722637,
        1.9342823051013682,
        1.361959646966246,
        0.07983852294501848,
        0.14937693834842491,
        0.9538270808501136,
        0.12159488986245937,
        -0.06927933093731153,
        1.211274371418169,
        0.40632548275629604,
        -0.9847195416589208,
        0.5433985862838975,
        0.3880591256262553
    ],
    "elapsed_time_s": 0.0396891999989748,
    "iterations_completed": 100,
    "best_value_history": [
        20.626278421562386,
        20.626278421562386,
        20.626278421562386,
        20.626278421562386,
        20.626278421562386,
        20.626278421562386,
        20.626278421562386,
        20.626278421562386,
        20.32020947667657,
        20.32020947667657,
        20.32020947667657,
        19.914988477211867,
        19.914988477211867,
        19.914988477211867,
        19.914988477211867,
        19.724507782841894,
        19.545865804276886,
        19.545865804276886,
        19.545865804276886,
        19.545865804276886,
        19.32628205755021,
        19.32628205755021,
        19.32022226827633,
        18.75164915106571,
        18.75164915106571,
        18.75164915106571,
        18.566711197706155,
        18.542991651869198,
        17.976141397887954,
        17.976141397887954,
        17.976141397887954,
        17.976141397887954,
        17.6399939840847,
        17.63484776507351,
        17.63484776507351,
        16.98098994247184,
        16.769333372003608,
        16.769333372003608,
        16.682503934539035,
        16.682503934539035,
        16.530745085674898,
        15.960513201096097,
        15.388854754356405,
        15.388854754356405,
        15.388854754356405,
        15.388854754356405,
        14.307886207012334,
        14.117377688867055,
        14.117377688867055,
        14.117377688867055,
        13.929096716334495,
        13.929096716334495,
        13.539506621902259,
        13.459183787644472,
        13.459183787644472,
        13.334636402387881,
        13.334636402387881,
        13.334636402387881,
        13.334636402387881,
        13.334636402387881,
        12.965277527295704,
        12.171778767866467,
        12.171778767866467,
        12.171778767866467,
        12.171778767866467,
        12.171778767866467,
        12.150983468592944,
        12.150983468592944,
        12.150983468592944,
        12.150983468592944,
        12.150983468592944,
        12.150983468592944,
        12.114594243361033,
        11.923149248082074,
        11.503282741603904,
        11.158555034997619,
        10.794091160663967,
        10.397176812437841,
        10.299612195758273,
        9.474377390306792,
        9.474377390306792,
        9.474377390306792,
        9.374733278898251,
        9.374733278898251,
        9.374733278898251,
        9.374733278898251,
        9.374733278898251,
        9.371698881726331,
        9.371698881726331,
        9.339285486451642,
        9.339285486451642,
        8.593401763299639,
        8.593401763299639,
        8.505035778323904,
        8.505035778323904,
        8.301007692645207,
        8.297213055328047,
        8.26863671936458,
        8.26857981805345,
        8.005975025915754
    ],
    "swarm_position_history": null,
    "timing_stats": {
        "total_time_s": 0.0396891999989748,
        "fitness_time_s": null,
        "velocity_update_time_s": null,
        "position_update_time_s": null,
        "solver": "pyswarm",
        "solver_messages": [
            "Stopping search: maximum iterations reached --> 100"
        ]
    },
    "config": {
        "num_particles": 30,
        "dimensions": 30,
        "max_iterations": 100,
        "inertia_weight": 0.7,
        "cognitive_coefficient": 1.5,
        "social_coefficient": 1.5,
        "seed": 0,
        "tolerance": 0.0,
        "stagnation_patience": null,
        "track_history": true,
        "track_swarm_history": false
    }
}