{
    "objective": "ackley",
    "evaluation_mode": "pyswarm",
    "best_value": 7.838040742375815,
    "best_position": [
        2.7497226515671094,
        -1.4558263961664792,
        -1.634607449127441,
        -1.8445443790558536,
        0.1504902124581371,
        0.8513880272575078,
        0.2904678399300651,
        -1.6714733636981016,
        -3.215111115251527,
        -1.4512113049009514,
        1.5420483452608995,
        1.8714292679516977,
        3.2594976050062265,
        -0.7366491478479551,
        -3.69845228555392,
        1.9465666998560465,
        -1.652994273951145,
        2.1433261577805003,
        1.0025116243109522,
        -0.7634343462146568,
        -0.8731608289846134,
        -2.4702202794689856,
        0.7320522158464666,
        -0.24401264594747385,
        3.177662332685115,
        2.8166355633594895,
        0.9514148378598248,
        -1.128982122339941,
        1.2470672736565884,
        0.01765806356665478
    ],
    "elapsed_time_s": 0.03978590003680438,
    "iterations_completed": 100,
    "best_value_history": [
        20.8487480321662,
        20.8487480321662,
        20.8487480321662,
        20.8487480321662,
        20.744790510035212,
        20.744790510035212,
        20.744790510035212,
        20.744790510035212,
        20.72548213111219,
        20.72548213111219,
        20.54431487123742,
        20.54431487123742,
        20.316102360129076,
        20.316102360129076,
        20.316102360129076,
        20.30170086840133,
        20.30170086840133,
        20.214438377048893,
        20.209664255345125,
        20.209664255345125,
        20.138626098833537,
        20.138626098833537,
        19.976873122806825,
        19.72654809460319,
        19.72654809460319,
        19.616249885049815,
        19.616249885049815,
        19.616249885049815,
        19.482542851037955,
        19.482542851037955,
        19.482542851037955,
        19.383299601248428,
        19.284041610509007,
        19.284041610509007,
        19.284041610509007,
        19.25524419850812,
        19.119971361949936,
        18.751889057917296,
        18.751889057917296,
        18.751889057917296,
        18.41586217749598,
        18.332178538584827,
        18.332178538584827,
        17.750512019265027,
        17.565182847448707,
        17.565182847448707,
        16.876378683989252,
        16.876378683989252,
        16.876378683989252,
        16.876378683989252,
        16.79537881615931,
        16.79537881615931,
        16.677920013389087,
        16.436423744387653,
        16.436423744387653,
        16.436423744387653,
        15.678311551560155,
        14.952570492294601,
        14.952570492294601,
        14.952570492294601,
        13.092229343114862,
        13.092229343114862,
        13.092229343114862,
        12.481836051368909,
        12.211283481047438,
        11.912138897436787,
        11.904750815606395,
        11.621606750256168,
        11.621606750256168,
        11.309711975021285,
        10.905134798106983,
        10.905134798106983,
        10.814874733414971,
        10.804451297978757,
        10.622633094335649,
        10.622633094335649,
        10.622633094335649,
        10.540112202013114,
        10.540112202013114,
        10.21789147953566,
        10.21789147953566,
        10.21789147953566,
        9.941120895913755,
        9.260173878103572,
        9.260173878103572,
        9.260173878103572,
        9.260173878103572,
        9.260173878103572,
        9.260173878103572,
        9.260173878103572,
        8.937232034705138,
        8.896452606105811,
        8.896452606105811,
        8.896452606105811,
        8.896452606105811,
        8.584705851960171,
        8.344458553728932,
        8.344458553728932,
        7.838040742375815,
        7.838040742375815
    ],
    "swarm_position_history": null,
    "timing_stats": {
        "total_time_s": 0.03978590003680438,
        "fitness_time_s": null,
        "velocity_update_time_s": null,
        "position_update_time_s": null,
        "solver": "pyswarm",
        "solver_messages": [
            "Stopping search: maximum iterations reached --> 100"
        ]
    },
    "config": {
        "num_particles": 30,
        "dimensions": 30,
        "max_iterations": 100,
        "inertia_weight": 0.7,
        "cognitive_coefficient": 1.5,
        "social_coefficient": 1.5,
        "seed": 1,
        "tolerance": 0.0,
        "stagnation_patience": null,
        "track_history": true,
        "track_swarm_history": false
    }
}