{
    "objective": "ackley",
    "evaluation_mode": "pyswarm",
    "best_value": 7.741230128128436,
    "best_position": [
        0.9106127584083056,
        -2.8017207498411345,
        0.36634104653438837,
        -0.8705040813769204,
        -2.216838292942022,
        0.22648372637522787,
        0.5119745780273499,
        -0.8274649549068869,
        -0.9147933946898212,
        -2.0277088990867087,
        -2.7574700561028975,
        -0.1140808025043325,
        -0.13386891687581276,
        0.7533759026652103,
        1.0616545149343135,
        -4.815648263233714,
        1.1326011160117426,
        -2.9833943728438572,
        2.9437346293389206,
        4.887617074146043,
        -0.23795963043090007,
        -0.9731590399040864,
        -0.7734311850711898,
        -2.740420008532576,
        0.23012694241809853,
        -0.24269219083367824,
        3.3446681830200093,
        1.0299421445699017,
        -0.007394573752213807,
        1.0227327535711659
    ],
    "elapsed_time_s": 0.04096439993008971,
    "iterations_completed": 100,
    "best_value_history": [
        20.771156612209957,
        20.771156612209957,
        20.771156612209957,
        20.771156612209957,
        20.47310346358887,
        20.47310346358887,
        20.47310346358887,
        20.443455159897052,
        20.189274800092097,
        20.189274800092097,
        20.03133323299969,
        19.84666852709825,
        19.84666852709825,
        19.84666852709825,
        19.811883893612624,
        19.811883893612624,
        19.811883893612624,
        19.621722173655318,
        19.245429363597605,
        19.070488986461708,
        19.070488986461708,
        18.909677376696337,
        18.909677376696337,
        18.909677376696337,
        18.909677376696337,
        18.743038933433535,
        18.384083537580395,
        18.384083537580395,
        18.34792687935037,
        17.805435954772918,
        17.805435954772918,
        17.805435954772918,
        17.119448583195684,
        17.119448583195684,
        16.70699863303117,
        16.70699863303117,
        16.332659557544602,
        15.78349122707766,
        15.447755091970713,
        14.62534386373835,
        14.62534386373835,
        14.62534386373835,
        14.550368837130899,
        14.482055939466257,
        14.482055939466257,
        13.974182167320151,
        13.396150241058399,
        13.396150241058399,
        13.396150241058399,
        13.396150241058399,
        13.396150241058399,
        13.396150241058399,
        13.081809392502421,
        13.081809392502421,
        13.081809392502421,
        12.832779371151037,
        12.54463756450001,
        12.54463756450001,
        12.36652918386869,
        12.36652918386869,
        11.856282344024649,
        11.766242982946713,
        11.63197077239893,
        11.555125689506607,
        11.555125689506607,
        11.04471895761575,
        11.04471895761575,
        11.04471895761575,
        11.04471895761575,
        10.616694178664812,
        10.616694178664812,
        10.277144444232697,
        10.189698730056556,
        10.189698730056556,
        9.910685696550104,
        9.910685696550104,
        9.81258320351797,
        9.600231197578218,
        9.600231197578218,
        9.600231197578218,
        9.536302479791086,
        9.45402449422828,
        9.434701136434972,
        9.434701136434972,
        9.222671868879672,
        9.171979416326312,
        9.073910029554105,
        9.053514390232534,
        8.739023876898347,
        8.59696743998315,
        8.59696743998315,
        8.471180159077688,
        8.344164274083367,
        8.344164274083367,
        8.197529337252544,
        7.8281246101895245,
        7.741230128128436,
        7.741230128128436,
        7.741230128128436,
        7.741230128128436
    ],
    "swarm_position_history": null,
    "timing_stats": {
        "total_time_s": 0.04096439993008971,
        "fitness_time_s": null,
        "velocity_update_time_s": null,
        "position_update_time_s": null,
        "solver": "pyswarm",
        "solver_messages": [
            "Stopping search: maximum iterations reached --> 100"
        ]
    },
    "config": {
        "num_particles": 30,
        "dimensions": 30,
        "max_iterations": 100,
        "inertia_weight": 0.7,
        "cognitive_coefficient": 1.5,
        "social_coefficient": 1.5,
        "seed": 2,
        "tolerance": 0.0,
        "stagnation_patience": null,
        "track_history": true,
        "track_swarm_history": false
    }
}