{
    "objective": "ackley",
    "evaluation_mode": "pyswarm",
    "best_value": 5.78397599644504,
    "best_position": [
        0.18812588288277443,
        -2.4537931172404663,
        1.2471215022334954,
        -2.11055603730368,
        0.3156185658560635,
        0.8378032385736598,
        0.12207369743934282,
        -0.275835064088833,
        -0.03795797823156811,
        -1.9929282686944658,
        0.86404396551669,
        0.8514814733858834,
        -0.11019747306769512,
        0.8025507744432264,
        0.7567806131626702,
        -1.0543367787350635,
        -1.9871448676548118,
        0.8667996700654658,
        -1.9549137068942815,
        0.7986724273010397,
        0.1262313928276385,
        -0.36508233700781445,
        2.0746716762651443,
        0.8587363285308909,
        -2.1547204621592706,
        2.21983501445352,
        1.3319341106836877,
        -1.1967149810463378,
        1.1669495225216573,
        0.7378874347209647
    ],
    "elapsed_time_s": 0.04002680000849068,
    "iterations_completed": 100,
    "best_value_history": [
        20.64488814359682,
        20.64488814359682,
        20.64488814359682,
        20.64488814359682,
        20.64488814359682,
        20.634932439691294,
        20.582693958275687,
        20.582693958275687,
        20.425829784597557,
        20.425829784597557,
        20.425829784597557,
        20.274271337869163,
        20.274271337869163,
        20.274271337869163,
        20.040359100308613,
        20.040359100308613,
        19.64393397501037,
        19.64393397501037,
        19.64393397501037,
        19.2646940212687,
        19.2646940212687,
        19.2646940212687,
        19.08708053076556,
        19.08708053076556,
        19.08708053076556,
        18.77064041796495,
        18.77064041796495,
        18.682229278422458,
        18.682229278422458,
        18.128610571408785,
        18.128610571408785,
        18.128610571408785,
        18.128610571408785,
        17.66381867748919,
        17.063003037547492,
        17.063003037547492,
        17.063003037547492,
        16.83700313567511,
        15.411106493330493,
        15.411106493330493,
        15.411106493330493,
        14.605047158725887,
        14.605047158725887,
        14.395323322908382,
        14.395323322908382,
        14.293390496948428,
        14.293390496948428,
        14.293390496948428,
        14.293390496948428,
        13.638105231509247,
        13.638105231509247,
        13.638105231509247,
        13.638105231509247,
        13.62657136676254,
        13.62657136676254,
        13.228927141788613,
        13.130902206228708,
        12.975469619941697,
        12.896580059955307,
        12.775368647275373,
        12.165408185239055,
        12.165408185239055,
        12.165408185239055,
        11.401941966694494,
        11.401941966694494,
        10.754476067488584,
        10.754476067488584,
        10.754476067488584,
        10.754476067488584,
        10.511271669879896,
        10.511271669879896,
        9.82090279004148,
        9.82090279004148,
        9.299806619022112,
        9.299806619022112,
        9.299806619022112,
        9.299806619022112,
        9.299806619022112,
        9.299806619022112,
        8.82008189600003,
        8.82008189600003,
        8.609858282122484,
        8.609858282122484,
        7.959816334963282,
        7.959816334963282,
        7.4441664487788195,
        7.402591052145844,
        7.006264059053533,
        7.006264059053533,
        7.006264059053533,
        7.006264059053533,
        6.812596531605243,
        6.812596531605243,
        6.031212821043358,
        6.031212821043358,
        6.031212821043358,
        5.956814063284519,
        5.956814063284519,
        5.78397599644504,
        5.78397599644504
    ],
    "swarm_position_history": null,
    "timing_stats": {
        "total_time_s": 0.04002680000849068,
        "fitness_time_s": null,
        "velocity_update_time_s": null,
        "position_update_time_s": null,
        "solver": "pyswarm",
        "solver_messages": [
            "Stopping search: maximum iterations reached --> 100"
        ]
    },
    "config": {
        "num_particles": 30,
        "dimensions": 30,
        "max_iterations": 100,
        "inertia_weight": 0.7,
        "cognitive_coefficient": 1.5,
        "social_coefficient": 1.5,
        "seed": 4,
        "tolerance": 0.0,
        "stagnation_patience": null,
        "track_history": true,
        "track_swarm_history": false
    }
}