{
    "objective": "ackley",
    "evaluation_mode": "pyswarm",
    "best_value": 8.309323261734557,
    "best_position": [
        -0.1897982299302341,
        -1.5976573620265784,
        -2.3365544426902995,
        0.6618050525324521,
        -0.46195345539963384,
        0.982484589646206,
        -1.3853922601929336,
        -0.972663709283446,
        -1.1346849695359456,
        -0.21046636360709542,
        -1.2029845077069885,
        4.970232177192028,
        1.0400392263466358,
        1.8325767475007912,
        0.07303747236817884,
        -0.622716947292302,
        0.002196490547177299,
        3.0344033586078187,
        1.1557605202873675,
        -0.07617499079084011,
        0.41802344893264093,
        -5.005773967971622,
        -6.958929632772243,
        2.770289702421362,
        -1.2904630414071134,
        -0.8106712701669713,
        1.0884268211246413,
        -0.025731363629440007,
        0.01981284907413594,
        0.15567915510820907
    ],
    "elapsed_time_s": 0.03928019991144538,
    "iterations_completed": 100,
    "best_value_history": [
        20.655558484615312,
        20.655558484615312,
        20.655558484615312,
        20.655558484615312,
        20.655558484615312,
        20.655558484615312,
        20.655558484615312,
        20.5387776903398,
        20.5387776903398,
        20.355403162381698,
        20.219879258678468,
        20.219879258678468,
        20.219879258678468,
        20.06388123775464,
        20.06388123775464,
        19.44952105474295,
        19.44952105474295,
        19.402321377182208,
        19.402321377182208,
        19.402321377182208,
        19.402321377182208,
        18.93836799068495,
        18.93836799068495,
        18.85060304351948,
        18.63319694582582,
        18.63319694582582,
        18.63319694582582,
        18.63319694582582,
        18.63319694582582,
        18.63319694582582,
        18.63319694582582,
        18.56341743191834,
        18.51859897572532,
        17.345458932073452,
        17.216485974161543,
        17.168751466648096,
        17.168751466648096,
        17.119400413594217,
        17.094674370416243,
        16.39109954373793,
        16.002832466723717,
        15.853259886765612,
        15.853259886765612,
        15.627754193023105,
        15.059352950656839,
        15.059352950656839,
        14.492474091112124,
        14.492474091112124,
        14.492474091112124,
        14.492474091112124,
        14.492474091112124,
        14.46809474436559,
        13.70221264008241,
        13.70221264008241,
        13.70221264008241,
        13.26903430610738,
        13.26903430610738,
        13.26903430610738,
        13.26903430610738,
        12.86484980222643,
        12.34888941044932,
        12.28597109478994,
        12.186808348477255,
        12.186808348477255,
        12.186808348477255,
        12.186808348477255,
        12.014784123189818,
        11.466112817192325,
        11.466112817192325,
        11.103130713767692,
        11.035435307826187,
        11.02015391700749,
        10.753522525908933,
        10.689793095115977,
        10.646447581224345,
        10.210483788383186,
        9.822760835902256,
        9.822760835902256,
        9.822760835902256,
        9.822760835902256,
        9.822760835902256,
        9.564393571118325,
        9.502781417382378,
        9.027700845603938,
        9.027700845603938,
        9.027700845603938,
        9.027700845603938,
        8.934858843178377,
        8.87363359527188,
        8.87363359527188,
        8.87363359527188,
        8.708144791617867,
        8.654814668799505,
        8.309323261734557,
        8.309323261734557,
        8.309323261734557,
        8.309323261734557,
        8.309323261734557,
        8.309323261734557,
        8.309323261734557
    ],
    "swarm_position_history": null,
    "timing_stats": {
        "total_time_s": 0.03928019991144538,
        "fitness_time_s": null,
        "velocity_update_time_s": null,
        "position_update_time_s": null,
        "solver": "pyswarm",
        "solver_messages": [
            "Stopping search: maximum iterations reached --> 100"
        ]
    },
    "config": {
        "num_particles": 30,
        "dimensions": 30,
        "max_iterations": 100,
        "inertia_weight": 0.7,
        "cognitive_coefficient": 1.5,
        "social_coefficient": 1.5,
        "seed": 3,
        "tolerance": 0.0,
        "stagnation_patience": null,
        "track_history": true,
        "track_swarm_history": false
    }
}