{
    "objective": "sphere",
    "evaluation_mode": "multiprocessing",
    "best_value": 3.2872035978548583e-10,
    "best_position": [
        7.538730236347374e-07,
        -7.273910736243227e-07,
        -1.5816614358790288e-06,
        1.717148350190124e-06,
        2.286955062223038e-06,
        2.232866773001097e-07,
        -6.67244793582612e-06,
        -1.0915276001766035e-05,
        3.8374756396831947e-07,
        1.2372574181658683e-05
    ],
    "elapsed_time_s": 0.23359720001462847,
    "iterations_completed": 100,
    "best_value_history": [
        38.911620113326144,
        33.764762580229814,
        20.108148160976796,
        14.595172653855514,
        6.293825619337568,
        5.459602885295441,
        5.432548727741899,
        5.432548727741899,
        4.513878744801679,
        3.1204615644723823,
        1.5852865085594234,
        1.452497062242377,
        1.452497062242377,
        1.2202163741289866,
        0.8303893335442878,
        0.6621708423999,
        0.6080076986911012,
        0.24801140825147874,
        0.24801140825147874,
        0.24801140825147874,
        0.21025549202425498,
        0.09560134630633305,
        0.08753519934130836,
        0.0836880740302923,
        0.08084335828348661,
        0.02671193481514543,
        0.02671193481514543,
        0.026582510405938575,
        0.013728575119936809,
        0.0073525790151156975,
        0.0073525790151156975,
        0.007225974128525808,
        0.005139141764596476,
        0.005139141764596476,
        0.004290394852741512,
        0.0034632753301142255,
        0.0023925343452221156,
        0.002044761987206988,
        0.0014172221276479969,
        0.001121310225005884,
        0.0010864981548759957,
        0.0007839203537635794,
        0.0005510235549600647,
        0.0003932799906050375,
        0.00036681255664617896,
        0.00036681255664617896,
        0.00036681255664617896,
        0.00020701031373686972,
        0.00016145949887798482,
        0.00014444201022672916,
        0.00011256013891357427,
        7.959784672553478e-05,
        7.197712845079146e-05,
        5.770488099633788e-05,
        2.780861399411036e-05,
        2.7537614329397083e-05,
        2.3582913880950647e-05,
        1.2654433938885963e-05,
        9.18077120124732e-06,
        5.497739534358814e-06,
        3.853872452025853e-06,
        3.853872452025853e-06,
        3.853872452025853e-06,
        2.8051066993410276e-06,
        2.659209450793908e-06,
        1.80902584918022e-06,
        8.16123422635498e-07,
        8.16123422635498e-07,
        8.16123422635498e-07,
        8.16123422635498e-07,
        4.971057598429215e-07,
        4.003923755608449e-07,
        3.350076253854245e-07,
        2.2007327752881084e-07,
        2.2007327752881084e-07,
        2.2007327752881084e-07,
        1.2107260683380554e-07,
        9.716224175445116e-08,
        6.338183719617562e-08,
        2.3381391662909354e-08,
        2.0217614403734736e-08,
        1.9673223856240124e-08,
        1.8392187297944127e-08,
        1.1944864590370356e-08,
        1.1944864590370356e-08,
        8.636983671261151e-09,
        8.636983671261151e-09,
        6.122547832934336e-09,
        5.195322902895555e-09,
        4.6463983572449585e-09,
        2.6679282431683436e-09,
        2.257153734291376e-09,
        1.9433468369896014e-09,
        1.1791348103469098e-09,
        3.947525841185001e-10,
        3.947525841185001e-10,
        3.947525841185001e-10,
        3.947525841185001e-10,
        3.9272434954087785e-10,
        3.2872035978548583e-10
    ],
    "timing_stats": {
        "total_time_s": 0.23359209997579455,
        "fitness_time_s": 0.22860770008992404,
        "velocity_update_time_s": 0.0016891995910555124,
        "position_update_time_s": 0.0007532009622082114
    },
    "config": {
        "num_particles": 30,
        "dimensions": 10,
        "max_iterations": 100,
        "inertia_weight": 0.4,
        "cognitive_coefficient": 1.5,
        "social_coefficient": 2.0,
        "seed": 1,
        "tolerance": 0.0,
        "stagnation_patience": null,
        "track_history": true
    }
}