{
    "objective": "sphere",
    "evaluation_mode": "multiprocessing",
    "best_value": 3.092386412561553e-10,
    "best_position": [
        -9.873356708637725e-07,
        -1.277734321573829e-06,
        3.417888976267232e-07,
        -7.769138039804008e-06,
        -1.5642178617690683e-06,
        -1.5081090413139427e-05,
        -1.457459517353117e-06,
        -2.7010497386822663e-06,
        2.292051721809886e-06,
        -1.26311298038747e-06
    ],
    "elapsed_time_s": 0.23589200002606958,
    "iterations_completed": 100,
    "best_value_history": [
        22.560969791833777,
        22.560969791833777,
        19.3372372514533,
        14.081304111596268,
        10.484351689180041,
        7.988608957352038,
        4.106344428946981,
        4.106344428946981,
        2.408256663351613,
        2.0273694349237568,
        1.7603331960004525,
        1.5929604540519882,
        1.472392298372923,
        0.7427494904110435,
        0.7427494904110435,
        0.7427494904110435,
        0.5954241813630283,
        0.5570192634239391,
        0.4168924566077246,
        0.24623536859685907,
        0.18760044908906312,
        0.14557170384067922,
        0.11849648807874205,
        0.09244791069755481,
        0.08396384563325227,
        0.05382887501706504,
        0.035234356332415805,
        0.025046849154260177,
        0.01280362074327655,
        0.005653736906041205,
        0.004833814998024488,
        0.004833814998024488,
        0.004768256682904582,
        0.002681619014159933,
        0.001035614962194113,
        0.0008781002786630074,
        0.0007231642157520281,
        0.00035051800105136957,
        0.00017022711755963703,
        0.00014704869557242872,
        8.779963923983724e-05,
        8.455125699880072e-05,
        7.351936017861336e-05,
        7.351936017861336e-05,
        6.403812251534403e-05,
        6.403812251534403e-05,
        4.7779380988268526e-05,
        4.7380538378601246e-05,
        4.372624767376251e-05,
        3.1373440032836374e-05,
        2.9241507787852158e-05,
        2.9241507787852158e-05,
        2.683594308591334e-05,
        1.5037372463791958e-05,
        1.5037372463791958e-05,
        1.5037372463791958e-05,
        1.5037372463791958e-05,
        9.440204422652912e-06,
        7.7504984097132e-06,
        7.395172711467072e-06,
        4.275941165773252e-06,
        3.6893785304638658e-06,
        1.965736595371565e-06,
        9.94678817580025e-07,
        8.590757711992805e-07,
        8.590757711992805e-07,
        8.590757711992805e-07,
        5.899118073877222e-07,
        3.690292325705791e-07,
        3.364772973037526e-07,
        2.340774936314254e-07,
        2.340774936314254e-07,
        1.1080055960471408e-07,
        5.1770902565919463e-08,
        5.1770902565919463e-08,
        5.1770902565919463e-08,
        3.614709302243026e-08,
        2.8499076059965046e-08,
        1.7843597701524596e-08,
        1.6759112037498285e-08,
        1.6759112037498285e-08,
        4.647539803660116e-09,
        4.647539803660116e-09,
        4.647539803660116e-09,
        4.647539803660116e-09,
        2.8340342321037135e-09,
        1.8056911833953929e-09,
        1.8056911833953929e-09,
        1.0160877262533313e-09,
        5.387911796932704e-10,
        5.387911796932704e-10,
        5.387911796932704e-10,
        5.387911796932704e-10,
        4.881506474033844e-10,
        3.8937918923579907e-10,
        3.8937918923579907e-10,
        3.618496264952758e-10,
        3.3555310282476125e-10,
        3.192907274868788e-10,
        3.092386412561553e-10
    ],
    "timing_stats": {
        "total_time_s": 0.23588649998418987,
        "fitness_time_s": 0.23089610040187836,
        "velocity_update_time_s": 0.0018205002415925264,
        "position_update_time_s": 0.0007335995323956013
    },
    "config": {
        "num_particles": 30,
        "dimensions": 10,
        "max_iterations": 100,
        "inertia_weight": 0.4,
        "cognitive_coefficient": 1.5,
        "social_coefficient": 2.0,
        "seed": 3,
        "tolerance": 0.0,
        "stagnation_patience": null,
        "track_history": true
    }
}