{
    "objective": "sphere",
    "evaluation_mode": "multiprocessing",
    "best_value": 1.020672439007767e-09,
    "best_position": [
        -7.357542238984651e-07,
        -1.930034543625842e-05,
        -1.5954408653281104e-06,
        -1.3341234126374204e-05,
        -1.5879180191515922e-05,
        -1.2545612665132468e-05,
        -3.3687626710763643e-06,
        2.698298945466428e-06,
        -2.20271385510742e-06,
        -5.837098854962265e-06
    ],
    "elapsed_time_s": 0.23680549999698997,
    "iterations_completed": 100,
    "best_value_history": [
        36.757777455772604,
        36.29870484024358,
        23.988878766346183,
        14.101877728289104,
        11.764604022317318,
        7.318498107853485,
        5.506749466754324,
        4.2026315942550685,
        3.6350894006561143,
        2.7930066595512097,
        2.587227394271177,
        2.587227394271177,
        2.4488982028498585,
        2.2700424789791542,
        1.0141232587291666,
        1.0141232587291666,
        0.7319895701496079,
        0.38818413706494326,
        0.38818413706494326,
        0.3182837999956088,
        0.31295756531114266,
        0.2214641007987503,
        0.18928287990827583,
        0.18928287990827583,
        0.11440544970242045,
        0.07117675016501931,
        0.05312009949167609,
        0.04071244988243404,
        0.028167560191795518,
        0.028167560191795518,
        0.02203287833079106,
        0.01845194654124626,
        0.016322837152758042,
        0.011568996154267772,
        0.008984230102451574,
        0.007364594713953609,
        0.00587321615743575,
        0.005742997124508455,
        0.003702447196198339,
        0.0018513641605353848,
        0.0010589975187481242,
        0.0010589975187481242,
        0.0005201103316243992,
        0.0005201103316243992,
        0.00037763592734014236,
        0.0002482045849186929,
        0.0002482045849186929,
        0.0002108671990945305,
        0.00015251289187212912,
        0.00012281765090900752,
        7.622178455250688e-05,
        6.906398736290778e-05,
        5.6189236266180604e-05,
        3.260138943000704e-05,
        1.539763357029307e-05,
        1.539763357029307e-05,
        1.494121494512903e-05,
        1.2578743865374927e-05,
        1.2578743865374927e-05,
        1.2578743865374927e-05,
        9.274336206018307e-06,
        8.46129897279495e-06,
        8.46129897279495e-06,
        6.519132512486809e-06,
        2.674616257376739e-06,
        1.329757354369716e-06,
        7.024314698588665e-07,
        7.024314698588665e-07,
        3.791757249783692e-07,
        3.033219424321377e-07,
        2.3444579402369257e-07,
        2.3444579402369257e-07,
        1.950876047854578e-07,
        1.1413178384187722e-07,
        1.0391434729359611e-07,
        9.387130214254347e-08,
        8.88182432074853e-08,
        7.557431852582426e-08,
        5.2557808265405834e-08,
        5.2557808265405834e-08,
        1.3212053105063419e-08,
        1.3212053105063419e-08,
        1.3212053105063419e-08,
        1.2671831764875582e-08,
        1.1615584324679826e-08,
        1.1615584324679826e-08,
        1.1252502864663564e-08,
        7.922622225714034e-09,
        6.286349535852261e-09,
        4.381698754486469e-09,
        4.381698754486469e-09,
        2.662084784466873e-09,
        2.662084784466873e-09,
        1.7510932807663883e-09,
        1.6053523637934952e-09,
        1.5129897135710772e-09,
        1.5129897135710772e-09,
        1.443631293327885e-09,
        1.34994615901786e-09,
        1.020672439007767e-09
    ],
    "timing_stats": {
        "total_time_s": 0.23680030007380992,
        "fitness_time_s": 0.23174899991136044,
        "velocity_update_time_s": 0.001752000069245696,
        "position_update_time_s": 0.0007481002248823643
    },
    "config": {
        "num_particles": 30,
        "dimensions": 10,
        "max_iterations": 100,
        "inertia_weight": 0.4,
        "cognitive_coefficient": 1.5,
        "social_coefficient": 2.0,
        "seed": 4,
        "tolerance": 0.0,
        "stagnation_patience": null,
        "track_history": true
    }
}