{
    "objective": "sphere",
    "evaluation_mode": "multiprocessing",
    "best_value": 6.7826704884515465e-09,
    "best_position": [
        4.077692574449338e-05,
        3.713839128765009e-05,
        4.881592089576329e-06,
        -1.6812469741091444e-05,
        3.2217498156177536e-05,
        -3.4272771157076184e-05,
        6.674859690456509e-06,
        -2.0527460881798293e-05,
        -1.6167126762259394e-05,
        -2.2232121077492013e-05
    ],
    "elapsed_time_s": 0.23733969999011606,
    "iterations_completed": 100,
    "best_value_history": [
        43.45682896831657,
        35.895744938990326,
        34.64059191097428,
        32.834253690074114,
        18.368222009675335,
        13.857818553492066,
        13.21827441086846,
        9.882598122205195,
        8.760854157912052,
        7.698366413845043,
        4.397260459455871,
        4.2761720690467095,
        3.967598727771294,
        3.415901827368243,
        3.135458496582001,
        1.6835887322034966,
        0.9799243516650531,
        0.9799243516650531,
        0.5785921044985444,
        0.5785921044985444,
        0.4678150993073182,
        0.43739574264298,
        0.368927615458337,
        0.35137212961366143,
        0.17446061714309738,
        0.17446061714309738,
        0.10116588356241171,
        0.09249059215731924,
        0.05350231232346315,
        0.05350231232346315,
        0.04812482169679304,
        0.029367791701009945,
        0.019689490045470052,
        0.017564138708230915,
        0.010767699212121878,
        0.010767699212121878,
        0.010767699212121878,
        0.009284626467696854,
        0.009284626467696854,
        0.008670503731944088,
        0.005987261804702503,
        0.005987261804702503,
        0.005987261804702503,
        0.004687176715719662,
        0.004687176715719662,
        0.0027506194161384208,
        0.0012490443449556124,
        0.0012303979111373245,
        0.0008252695356528091,
        0.0005576288257683791,
        0.0004655404116674607,
        0.00033529777497156145,
        0.00033529777497156145,
        0.0003244357912182142,
        0.0002527267256509706,
        0.00022953354479207481,
        0.000153045300773057,
        8.133157181312448e-05,
        5.3647441507062826e-05,
        5.202653713246087e-05,
        5.142288576801087e-05,
        4.263907711691375e-05,
        4.263907711691375e-05,
        3.5244274785923355e-05,
        2.2457340831520988e-05,
        1.4470418481124484e-05,
        1.4470418481124484e-05,
        1.4399547614398572e-05,
        5.336555884098557e-06,
        5.336555884098557e-06,
        4.686315938295196e-06,
        4.686315938295196e-06,
        1.3904885059385072e-06,
        1.3904885059385072e-06,
        1.0910380777160175e-06,
        9.925083114804525e-07,
        5.710381344840169e-07,
        5.710381344840169e-07,
        3.24993236786977e-07,
        3.24993236786977e-07,
        3.24993236786977e-07,
        2.5032871519850597e-07,
        2.294233014361703e-07,
        9.084809163150541e-08,
        9.084809163150541e-08,
        9.084809163150541e-08,
        6.769975207186698e-08,
        5.981155866696992e-08,
        5.981155866696992e-08,
        5.981155866696992e-08,
        4.286755333924055e-08,
        2.306556428796787e-08,
        1.947653975537847e-08,
        1.7228821518800997e-08,
        1.7228821518800997e-08,
        1.3451221764332869e-08,
        1.3451221764332869e-08,
        8.79750684958861e-09,
        7.747702659957949e-09,
        6.7826704884515465e-09
    ],
    "timing_stats": {
        "total_time_s": 0.23733440006617457,
        "fitness_time_s": 0.2325772998156026,
        "velocity_update_time_s": 0.00163759954739362,
        "position_update_time_s": 0.000735500012524426
    },
    "config": {
        "num_particles": 30,
        "dimensions": 10,
        "max_iterations": 100,
        "inertia_weight": 0.4,
        "cognitive_coefficient": 1.5,
        "social_coefficient": 2.0,
        "seed": 2,
        "tolerance": 0.0,
        "stagnation_patience": null,
        "track_history": true
    }
}