{
    "objective_name": "rastrigin",
    "num_runs": 5,
    "mean_best_value": 0.04700272227040182,
    "std_best_value": 0.04556400015411662,
    "min_best_value": 0.001281306805974493,
    "max_best_value": 0.13198887558197686,
    "mean_elapsed_time_s": 0.5559899399755522,
    "std_elapsed_time_s": 0.015362171804120315,
    "mean_iterations": 500.0,
    "min_iterations": 500,
    "max_iterations": 500
}