{
    "objective_name": "rastrigin",
    "num_runs": 5,
    "mean_best_value": 3.6476468662240026e-68,
    "std_best_value": 4.290923796823443e-68,
    "min_best_value": 2.5997347224773833e-72,
    "max_best_value": 1.1817428850193235e-67,
    "mean_elapsed_time_s": 0.5640854600118473,
    "std_elapsed_time_s": 0.0070751266911114425,
    "mean_iterations": 500.0,
    "min_iterations": 500,
    "max_iterations": 500
}