{
    "objective_name": "rastrigin",
    "num_runs": 5,
    "mean_best_value": 0.19899181141865815,
    "std_best_value": 0.3979836228373163,
    "min_best_value": 2.8609349532320946e-147,
    "max_best_value": 0.9949590570932908,
    "mean_elapsed_time_s": 0.550902480026707,
    "std_elapsed_time_s": 0.018287084102564886,
    "mean_iterations": 500.0,
    "min_iterations": 500,
    "max_iterations": 500
}