{
    "objective_name": "rastrigin",
    "num_runs": 5,
    "mean_best_value": 0.00014578912535632966,
    "std_best_value": 0.0001329672566522645,
    "min_best_value": 1.7278260346493655e-06,
    "max_best_value": 0.00032045120908523857,
    "mean_elapsed_time_s": 0.562739979987964,
    "std_elapsed_time_s": 0.00901369209304687,
    "mean_iterations": 500.0,
    "min_iterations": 500,
    "max_iterations": 500
}