{
    "objective_name": "rastrigin",
    "num_runs": 5,
    "mean_best_value": 0.03485741339024762,
    "std_best_value": 0.032359486727306305,
    "min_best_value": 5.9075084688135396e-05,
    "max_best_value": 0.07986950693329939,
    "mean_elapsed_time_s": 0.2622745999833569,
    "std_elapsed_time_s": 0.008156684816069994,
    "mean_iterations": 100.0,
    "min_iterations": 100,
    "max_iterations": 100
}