{
    "objective_name": "rastrigin",
    "num_runs": 5,
    "mean_best_value": 0.014247432126813033,
    "std_best_value": 0.01793344405940177,
    "min_best_value": 0.0012715130639119432,
    "max_best_value": 0.04934859635491773,
    "mean_elapsed_time_s": 0.5581741200061515,
    "std_elapsed_time_s": 0.014452775775473463,
    "mean_iterations": 500.0,
    "min_iterations": 500,
    "max_iterations": 500
}