{
    "objective_name": "rastrigin",
    "num_runs": 5,
    "mean_best_value": 1.0498339478786083e-10,
    "std_best_value": 1.4512858288333443e-10,
    "min_best_value": 1.9739307152263205e-12,
    "max_best_value": 3.736415320234687e-10,
    "mean_elapsed_time_s": 0.2676970599917695,
    "std_elapsed_time_s": 0.007216596177765275,
    "mean_iterations": 100.0,
    "min_iterations": 100,
    "max_iterations": 100,
    "evaluation_mode": "v2"
}