{
    "objective_name": "rastrigin",
    "num_runs": 5,
    "mean_best_value": 2.3128897327552073e-160,
    "std_best_value": 2.2348399526161066e-160,
    "min_best_value": 2.616384176378975e-162,
    "max_best_value": 5.5593034400444395e-160,
    "mean_elapsed_time_s": 0.5647786400048063,
    "std_elapsed_time_s": 0.014603354034717289,
    "mean_iterations": 500.0,
    "min_iterations": 500,
    "max_iterations": 500
}