{
    "objective_name": "rastrigin",
    "num_runs": 5,
    "mean_best_value": 8.820504076089031e-06,
    "std_best_value": 1.0904080102797816e-05,
    "min_best_value": 2.361322971555842e-10,
    "max_best_value": 2.6497308308700348e-05,
    "mean_elapsed_time_s": 0.5576402799924836,
    "std_elapsed_time_s": 0.015989718038638474,
    "mean_iterations": 500.0,
    "min_iterations": 500,
    "max_iterations": 500
}