{
    "objective_name": "rastrigin",
    "num_runs": 5,
    "mean_best_value": 9.467887780699363e-10,
    "std_best_value": 1.0552463000500315e-09,
    "min_best_value": 1.3063227433374941e-11,
    "max_best_value": 2.36403335843685e-09,
    "mean_elapsed_time_s": 0.2621104400139302,
    "std_elapsed_time_s": 0.005445272469672334,
    "mean_iterations": 100.0,
    "min_iterations": 100,
    "max_iterations": 100,
    "evaluation_mode": "v2"
}