{
    "objective_name": "rastrigin",
    "num_runs": 5,
    "mean_best_value": 1.5233790874362884e-28,
    "std_best_value": 2.789719517449736e-28,
    "min_best_value": 6.495936977825455e-32,
    "max_best_value": 7.098423679198638e-28,
    "mean_elapsed_time_s": 0.5585859200218692,
    "std_elapsed_time_s": 0.015788034865071538,
    "mean_iterations": 500.0,
    "min_iterations": 500,
    "max_iterations": 500
}