{
    "objective_name": "rastrigin",
    "num_runs": 5,
    "mean_best_value": 0.00286441422672352,
    "std_best_value": 0.002246802804002124,
    "min_best_value": 0.0003544258672878084,
    "max_best_value": 0.00643808688715466,
    "mean_elapsed_time_s": 0.5528547199908644,
    "std_elapsed_time_s": 0.016226171860588626,
    "mean_iterations": 500.0,
    "min_iterations": 500,
    "max_iterations": 500
}