{
    "objective_name": "ackley",
    "num_runs": 5,
    "mean_best_value": 0.00022036939368890173,
    "std_best_value": 0.00027594425019776103,
    "min_best_value": 1.0682449631538304e-06,
    "max_best_value": 0.0007065208997585337,
    "mean_elapsed_time_s": 0.07150487999897451,
    "std_elapsed_time_s": 0.0014781263974681165,
    "mean_iterations": 500.0,
    "min_iterations": 500,
    "max_iterations": 500
}