{
    "objective_name": "ackley",
    "num_runs": 5,
    "mean_best_value": 0.0297595030875482,
    "std_best_value": 0.020086340881376237,
    "min_best_value": 0.0049000723450665085,
    "max_best_value": 0.0641614396473078,
    "mean_elapsed_time_s": 0.014816479990258813,
    "std_elapsed_time_s": 0.0011031668085994108,
    "mean_iterations": 100.0,
    "min_iterations": 100,
    "max_iterations": 100,
    "evaluation_mode": "v0"
}