{
    "objective_name": "ackley",
    "num_runs": 5,
    "mean_best_value": 0.6918273312110078,
    "std_best_value": 0.3160618253766716,
    "min_best_value": 0.288420739105931,
    "max_best_value": 1.2477398680118523,
    "mean_elapsed_time_s": 0.014346119994297624,
    "std_elapsed_time_s": 0.00013827858493262472,
    "mean_iterations": 100.0,
    "min_iterations": 100,
    "max_iterations": 100
}