{
    "objective_name": "ackley",
    "num_runs": 5,
    "mean_best_value": 0.17450990327430746,
    "std_best_value": 0.1482412926747743,
    "min_best_value": 0.010880974709060798,
    "max_best_value": 0.41710622319971025,
    "mean_elapsed_time_s": 0.014191260025836528,
    "std_elapsed_time_s": 0.00010325125372051086,
    "mean_iterations": 100.0,
    "min_iterations": 100,
    "max_iterations": 100,
    "evaluation_mode": "v0"
}