{
    "objective_name": "ackley",
    "num_runs": 5,
    "mean_best_value": 1.2424727913185053e-12,
    "std_best_value": 7.752428284311537e-13,
    "min_best_value": 3.2729374765949615e-13,
    "max_best_value": 2.277733557320971e-12,
    "mean_elapsed_time_s": 0.014229700015857816,
    "std_elapsed_time_s": 0.0002192198088872284,
    "mean_iterations": 100.0,
    "min_iterations": 100,
    "max_iterations": 100,
    "evaluation_mode": "v0"
}