{
    "objective_name": "ackley",
    "num_runs": 5,
    "mean_best_value": 1.2953144090666058e-06,
    "std_best_value": 9.588240591916556e-07,
    "min_best_value": 1.72598615399977e-08,
    "max_best_value": 2.5183530891759176e-06,
    "mean_elapsed_time_s": 0.07088906001299619,
    "std_elapsed_time_s": 0.0008090472762825112,
    "mean_iterations": 500.0,
    "min_iterations": 500,
    "max_iterations": 500
}