{
    "objective_name": "ackley",
    "num_runs": 5,
    "mean_best_value": 0.01468950872852135,
    "std_best_value": 0.019049677199902804,
    "min_best_value": 0.0008480822958998324,
    "max_best_value": 0.051245476489541364,
    "mean_elapsed_time_s": 0.07140102002304047,
    "std_elapsed_time_s": 0.0016376622859080579,
    "mean_iterations": 500.0,
    "min_iterations": 500,
    "max_iterations": 500
}