{
    "objective_name": "ackley",
    "num_runs": 5,
    "mean_best_value": 0.5276880067987993,
    "std_best_value": 0.6433791408973463,
    "min_best_value": 0.013881995669696057,
    "max_best_value": 1.7581778734590867,
    "mean_elapsed_time_s": 0.07185482003260404,
    "std_elapsed_time_s": 0.0023562926916821064,
    "mean_iterations": 500.0,
    "min_iterations": 500,
    "max_iterations": 500
}