{
    "objective": "ackley",
    "evaluation_mode": "sequential",
    "best_value": 4.361735339272563,
    "best_position": [
        -1.8869423809269308,
        0.03350608234788999,
        0.13268031134527042,
        -0.009308602966278667,
        0.9847779634001602,
        0.6422800274308683,
        -1.9225961683139305,
        -0.9506896291556772,
        0.9662452689141918,
        -1.9914590127474152,
        0.005945093237266396,
        3.0021015516620637,
        0.8538027883326239,
        1.0185589222760023,
        -0.8510774011553401,
        -0.07592436366746351,
        0.0377105428896766,
        0.946170764629353,
        -0.9669267587858873,
        0.9969720378211228,
        0.021753424761836605,
        1.1935842620276875,
        -0.8926472241619652,
        0.8464225990098893,
        -1.137336935085472,
        -0.019480743877029097,
        0.038954003505419506,
        -0.8556472427487233,
        0.15181933537399891,
        -0.9635224455215812
    ],
    "elapsed_time_s": 0.01615989999845624,
    "iterations_completed": 100,
    "best_value_history": [
        19.243512679452145,
        19.243512679452145,
        19.243512679452145,
        19.243512679452145,
        19.04612418475628,
        18.56949771906445,
        17.76767522422074,
        17.76767522422074,
        17.523071025277826,
        17.283500489134823,
        16.652082089905825,
        16.652082089905825,
        16.652082089905825,
        15.178644964949505,
        15.178644964949505,
        15.178644964949505,
        15.178644964949505,
        15.178644964949505,
        14.764320969670635,
        14.764320969670635,
        14.713609420595928,
        14.479985772686154,
        13.488546129170246,
        13.42838399252651,
        12.952205534985213,
        12.952205534985213,
        12.754571043623825,
        12.730633920447614,
        12.51294909756275,
        12.150526712610219,
        11.898489706981781,
        11.358766034961302,
        11.110140976351298,
        11.075883631319549,
        10.619585296234,
        10.619585296234,
        10.520862388538267,
        10.38540662766711,
        10.29519938898796,
        10.019687878500637,
        10.019687878500637,
        10.019687878500637,
        9.767368468446229,
        9.685254798007612,
        9.454263358478505,
        9.313388567996677,
        9.073804226849534,
        8.888550657158046,
        8.88145228861351,
        8.768162395910334,
        8.768162395910334,
        8.741941086016652,
        8.741941086016652,
        8.617858447781682,
        8.617858447781682,
        8.526675293110562,
        8.384314149975802,
        7.87617901750146,
        7.7986789070316895,
        7.323818879411522,
        7.187964470095206,
        7.065891733632844,
        6.737802949085184,
        6.58696061860725,
        6.58696061860725,
        6.377050574236193,
        6.301232383337705,
        6.036563753692047,
        6.020106909857816,
        6.020106909857816,
        5.922202330344195,
        5.815304120860084,
        5.65677694223535,
        5.6177579468107695,
        5.567079210881705,
        5.567079210881705,
        5.450941498947341,
        5.386465453887048,
        5.214383527596059,
        5.214383527596059,
        5.1286711834229415,
        5.019746948412941,
        5.00575970382765,
        5.00575970382765,
        4.85747131518853,
        4.85747131518853,
        4.85747131518853,
        4.85747131518853,
        4.8154929694689095,
        4.752838441720744,
        4.685042062525774,
        4.685042062525774,
        4.644544431880817,
        4.546781148285273,
        4.546781148285273,
        4.534113628144031,
        4.534113628144031,
        4.523429582617236,
        4.523429582617236,
        4.361735339272563
    ],
    "timing_stats": {
        "total_time_s": 0.016156199970282614,
        "fitness_time_s": 0.014240199699997902,
        "velocity_update_time_s": 0.0009323001140728593,
        "position_update_time_s": 0.00048760022036731243
    },
    "config": {
        "num_particles": 30,
        "dimensions": 30,
        "max_iterations": 100,
        "inertia_weight": 0.7,
        "cognitive_coefficient": 2.0,
        "social_coefficient": 1.0,
        "seed": 2,
        "tolerance": 0.0,
        "stagnation_patience": null,
        "track_history": true
    }
}