{
    "objective": "ackley",
    "evaluation_mode": "sequential",
    "best_value": 5.946843145229387,
    "best_position": [
        1.1134369526189933,
        -0.9758260722858256,
        0.1158566292905619,
        0.9614765614195011,
        -1.0852419032088394,
        -2.0479233511327983,
        -0.8814310267963318,
        1.1013547507786567,
        -0.0634207157171909,
        -0.6784766785045714,
        3.997837819488086,
        1.9741491598954088,
        -1.1118064392788578,
        -0.20338505711218768,
        -0.9134342934561809,
        -0.7470577887786982,
        0.839915630425071,
        0.10408582695401557,
        -1.0968457030437129,
        -0.18913614511739762,
        0.19484033488797703,
        -4.384688132315908,
        -0.933441413103474,
        -0.16158905874388368,
        -2.9854964794430217,
        0.13744006250805058,
        -0.20423001914078676,
        -0.033979142338687526,
        0.14578319601328457,
        -0.8920783637819745
    ],
    "elapsed_time_s": 0.016309000086039305,
    "iterations_completed": 100,
    "best_value_history": [
        19.830883971648056,
        19.830883971648056,
        19.62759662271028,
        19.219767839464303,
        18.423062402524305,
        18.30358504354527,
        18.30358504354527,
        17.80026901879318,
        17.441516785883984,
        17.441516785883984,
        17.441516785883984,
        17.14420161370216,
        17.105959997079594,
        16.119943806993405,
        16.119943806993405,
        15.949338500544155,
        15.738949924208361,
        15.372168806623467,
        14.12113189580906,
        14.12113189580906,
        14.12113189580906,
        13.604019839312903,
        12.806407387633849,
        12.633972041303545,
        11.06225607703193,
        11.06225607703193,
        11.06225607703193,
        11.06225607703193,
        11.06225607703193,
        11.06225607703193,
        11.06225607703193,
        10.725461490957763,
        10.689046737301213,
        10.521137274859434,
        10.358980686478969,
        10.164081283528587,
        10.028693533179236,
        9.900099765423011,
        9.295538815183843,
        9.295538815183843,
        9.295538815183843,
        9.295538815183843,
        9.295538815183843,
        9.295538815183843,
        9.295538815183843,
        9.295538815183843,
        9.243263200073295,
        9.204864574837634,
        8.959431839572481,
        8.959431839572481,
        8.724798473727702,
        8.654246335540599,
        8.42622806154824,
        8.42622806154824,
        8.3274058003491,
        8.310247320712858,
        8.050309551052198,
        8.050309551052198,
        7.798315897140187,
        7.798315897140187,
        7.798315897140187,
        7.798315897140187,
        7.641690869727968,
        7.574394542989914,
        7.574394542989914,
        7.286371257947801,
        7.286371257947801,
        7.286371257947801,
        7.245085037065921,
        7.245085037065921,
        7.127248041188288,
        6.967242966122528,
        6.967242966122528,
        6.967242966122528,
        6.923271020949613,
        6.910523810499882,
        6.910523810499882,
        6.9082622058427585,
        6.9082622058427585,
        6.8958345302927295,
        6.748281447164874,
        6.682559685611686,
        6.682559685611686,
        6.677858217242974,
        6.654844540513263,
        6.50220277479745,
        6.437998278046049,
        6.437998278046049,
        6.437998278046049,
        6.401113608477889,
        6.341811545306321,
        6.3118381890312705,
        6.007891537669494,
        6.007891537669494,
        6.007891537669494,
        6.007891537669494,
        5.958526238720825,
        5.946843145229387,
        5.946843145229387,
        5.946843145229387
    ],
    "timing_stats": {
        "total_time_s": 0.016304600052535534,
        "fitness_time_s": 0.014232799992896616,
        "velocity_update_time_s": 0.0009654005989432335,
        "position_update_time_s": 0.0005148996133357286
    },
    "config": {
        "num_particles": 30,
        "dimensions": 30,
        "max_iterations": 100,
        "inertia_weight": 0.7,
        "cognitive_coefficient": 2.0,
        "social_coefficient": 1.0,
        "seed": 0,
        "tolerance": 0.0,
        "stagnation_patience": null,
        "track_history": true
    }
}