{
    "objective": "ackley",
    "evaluation_mode": "sequential",
    "best_value": 5.133788417893779,
    "best_position": [
        0.011155143351729936,
        1.042201621680741,
        -0.9902793363672446,
        -0.035253512094983154,
        -1.8761488379583375,
        -0.14381063641150613,
        -0.9967502206800369,
        -0.8820632946667025,
        2.080491244817736,
        1.3112522282355912,
        1.8841301588777677,
        0.029101617240046965,
        2.942399886405348,
        1.1500403407837538,
        -0.11273046424673705,
        0.1033100103583169,
        -1.07650006273059,
        0.9143250593101813,
        -0.9341368355037345,
        -0.5765366246769835,
        0.9785545405882231,
        -0.9785745855839346,
        -3.0249097086530674,
        0.07817870983052497,
        -1.7289272325692902,
        0.29308020114374844,
        -0.09568163145475178,
        -0.9057093205172816,
        0.23421579854044536,
        0.15100012483085254
    ],
    "elapsed_time_s": 0.015654100105166435,
    "iterations_completed": 100,
    "best_value_history": [
        19.737587270980605,
        19.737587270980605,
        19.490176409831648,
        18.57945461520581,
        18.57945461520581,
        18.57945461520581,
        18.57945461520581,
        18.57945461520581,
        18.237171611116413,
        17.134140457988348,
        15.986439531188195,
        15.666813419772023,
        15.01148028498492,
        15.01148028498492,
        15.01148028498492,
        15.01148028498492,
        14.711310956426752,
        14.711310956426752,
        14.711310956426752,
        14.506547582784558,
        14.489000118880377,
        14.295381215442484,
        14.261342212735057,
        13.77090070651004,
        13.77090070651004,
        13.673707115245417,
        13.651705745634253,
        13.61383870081477,
        13.229961083750709,
        13.229961083750709,
        12.938894932043581,
        12.213971888044984,
        11.920088128382337,
        11.611878785828102,
        11.317598318292848,
        10.560025286561265,
        10.375006604300003,
        10.025440931893389,
        9.852569754362307,
        9.494476363223873,
        9.291642567257792,
        9.078762895725367,
        9.000509128518674,
        8.752421655966145,
        8.51825700462658,
        8.51825700462658,
        8.51825700462658,
        8.314208442509033,
        8.314208442509033,
        8.314208442509033,
        8.314208442509033,
        8.18346590949104,
        8.054975795823388,
        7.733200527206504,
        7.733200527206504,
        7.494650966826617,
        7.479459338461481,
        7.378722602986297,
        7.209435521083275,
        7.043863201172076,
        6.940998332314914,
        6.865807787689869,
        6.559967937821387,
        6.559967937821387,
        6.559967937821387,
        6.559967937821387,
        6.559967937821387,
        6.530397411888064,
        6.530397411888064,
        6.530397411888064,
        6.488044433748893,
        6.3290174839735265,
        6.3290174839735265,
        6.3290174839735265,
        6.3290174839735265,
        6.132804338180382,
        5.826473996642388,
        5.826473996642388,
        5.826473996642388,
        5.826473996642388,
        5.826473996642388,
        5.826473996642388,
        5.714649407079463,
        5.714649407079463,
        5.714649407079463,
        5.594233614776375,
        5.549096744435335,
        5.549096744435335,
        5.549096744435335,
        5.549096744435335,
        5.549096744435335,
        5.461030012108793,
        5.374984121264493,
        5.369225437402839,
        5.361709907139055,
        5.29316812378628,
        5.2484296016752765,
        5.174591032965388,
        5.174591032965388,
        5.133788417893779
    ],
    "timing_stats": {
        "total_time_s": 0.01565030007623136,
        "fitness_time_s": 0.013818200095556676,
        "velocity_update_time_s": 0.0008811006555333734,
        "position_update_time_s": 0.0004811001708731055
    },
    "config": {
        "num_particles": 30,
        "dimensions": 30,
        "max_iterations": 100,
        "inertia_weight": 0.7,
        "cognitive_coefficient": 2.0,
        "social_coefficient": 1.0,
        "seed": 1,
        "tolerance": 0.0,
        "stagnation_patience": null,
        "track_history": true
    }
}