{
    "objective": "ackley",
    "evaluation_mode": null,
    "best_value": 2.316849040949173,
    "best_position": [
        3.323534026707274e-05,
        0.9454433209181093,
        -7.328008070336568e-05,
        -7.425397565030773e-08,
        -9.318744216448986e-06,
        1.3922330073231205e-05,
        -0.9454270465921407,
        7.818272842300692e-06,
        0.9454118718504855,
        -0.9454346111045635,
        -2.6429928177930098e-05,
        -0.9453842531213079,
        6.3455451113493015e-06,
        -1.0414646438159999e-05,
        3.837517618167721e-06,
        -1.2764337051423448e-05,
        -0.945120203854669,
        -0.9454287499961277,
        0.945399203482446,
        -2.1290524550604573e-05,
        4.889002681444829e-07,
        -0.9454594487282312,
        0.94541902055353,
        0.9454619459053908,
        0.9454708156376507,
        -1.870332285723877e-05,
        -2.242606790222972e-06,
        -0.00015889534122879757,
        0.00010071416320033396,
        1.0380599706762815e-05
    ],
    "elapsed_time_s": 0.23646500008180737,
    "iterations_completed": 500,
    "best_value_history": [
        19.637680753915074,
        19.637680753915074,
        19.637680753915074,
        19.542834809467717,
        18.758436251244348,
        18.758436251244348,
        18.758436251244348,
        18.758436251244348,
        18.711181652025004,
        18.656131962816495,
        18.329891770988652,
        18.329891770988652,
        18.315381542095988,
        18.315381542095988,
        18.315381542095988,
        18.06863407925544,
        18.06863407925544,
        18.06863407925544,
        17.81559053776788,
        17.813742209474164,
        17.45496332548475,
        17.042562401076832,
        17.042562401076832,
        16.514767247547827,
        16.39045428459845,
        16.385689780472784,
        16.385689780472784,
        16.385689780472784,
        16.053498037843113,
        16.053498037843113,
        16.022780802401467,
        15.640696604766958,
        15.634871813066773,
        15.634871813066773,
        15.07207240322475,
        14.712229643290213,
        14.712229643290213,
        14.712229643290213,
        14.651776144069967,
        14.651776144069967,
        14.651776144069967,
        14.543519063341117,
        13.53508384866282,
        13.53508384866282,
        13.53508384866282,
        13.53508384866282,
        13.53508384866282,
        13.53508384866282,
        13.134927747857146,
        12.682790278756569,
        12.682790278756569,
        12.682790278756569,
        12.523671901163514,
        12.306721391597266,
        12.306721391597266,
        12.282580265161151,
        12.115096380701717,
        11.876472052781837,
        11.834570908852879,
        11.773546965773294,
        11.412756626982352,
        11.412756626982352,
        11.412756626982352,
        11.38713163077908,
        10.944957274398574,
        10.944957274398574,
        10.944957274398574,
        10.944957274398574,
        10.812766487770407,
        10.693932676867037,
        10.693932676867037,
        10.693932676867037,
        10.646826613135833,
        10.646826613135833,
        10.646826613135833,
        10.646826613135833,
        10.606429874967468,
        10.482863364820972,
        10.451450089731129,
        10.412448007981752,
        10.383321083749742,
        10.192894810394058,
        10.192894810394058,
        10.192894810394058,
        10.192894810394058,
        10.169769587180902,
        10.137042905581568,
        10.034778678505843,
        9.81042544027749,
        9.586273642282741,
        9.533239972098901,
        9.301072584394554,
        9.29357624928915,
        9.107186249847963,
        9.012983346466479,
        8.699873230636639,
        8.699873230636639,
        8.591674626936022,
        8.338393312440544,
        7.933188355764784,
        7.85217856131958,
        7.235536742720342,
        6.716020145445917,
        6.716020145445917,
        6.716020145445917,
        6.358761784961889,
        6.134887380821002,
        6.134887380821002,
        6.1307820945425,
        5.900885143550596,
        5.900885143550596,
        5.900885143550596,
        5.900885143550596,
        5.801606368236001,
        5.801606368236001,
        5.444869571102185,
        5.2828312898943715,
        5.275946658587213,
        5.013530858326643,
        4.793138333927303,
        4.793138333927303,
        4.7469759390822865,
        4.7469759390822865,
        4.714339523972729,
        4.714339523972729,
        4.603428567214092,
        4.582030055772737,
        4.582030055772737,
        4.582030055772737,
        4.582030055772737,
        4.497192928211806,
        4.497192928211806,
        4.497192928211806,
        4.37903206694164,
        4.214782693241794,
        4.214782693241794,
        4.190166923972175,
        4.146608579524184,
        4.014145507167125,
        3.9738089192714665,
        3.8047509515329883,
        3.8047509515329883,
        3.6421075609080487,
        3.6421075609080487,
        3.480418614878794,
        3.371976664891808,
        3.371976664891808,
        3.371976664891808,
        3.371976664891808,
        3.3189551388409666,
        3.30671130315697,
        3.30671130315697,
        3.301941684453429,
        3.301941684453429,
        3.2700545499562073,
        3.220776288204821,
        3.220776288204821,
        3.220776288204821,
        3.220776288204821,
        3.220776288204821,
        3.1912293692520817,
        3.180674059196001,
        3.1688290708374223,
        3.1688290708374223,
        3.069254928148386,
        3.0662610582653405,
        2.9956815452724723,
        2.9933645321637603,
        2.942093167059316,
        2.942093167059316,
        2.8918953824579217,
        2.867462860841336,
        2.8576405655478365,
        2.8576405655478365,
        2.7738901874338784,
        2.7738901874338784,
        2.7738901874338784,
        2.6820628857907143,
        2.6820628857907143,
        2.6689082327654963,
        2.6689082327654963,
        2.6591384462724545,
        2.6591384462724545,
        2.6591384462724545,
        2.639605825930247,
        2.6320476381218723,
        2.616188940475141,
        2.616188940475141,
        2.616188940475141,
        2.6151193401875195,
        2.60969184397791,
        2.5936693388687933,
        2.5796300516834028,
        2.5658619246301986,
        2.557870635749581,
        2.557870635749581,
        2.557870635749581,
        2.5373165364582495,
        2.5373165364582495,
        2.534009533677587,
        2.5311067991932856,
        2.524176948043501,
        2.522168499188457,
        2.522168499188457,
        2.5144993618056124,
        2.5093746174067957,
        2.5001378203933027,
        2.5001378203933027,
        2.5001378203933027,
        2.497353166909367,
        2.4910711935368046,
        2.484899792385289,
        2.4744012366639976,
        2.465086633985831,
        2.4618890542380183,
        2.454408423285724,
        2.4421023206273884,
        2.4421023206273884,
        2.4421023206273884,
        2.4421023206273884,
        2.441209700280386,
        2.4324255595629656,
        2.4301327983491565,
        2.4203653196888486,
        2.4147126355616852,
        2.401847323050785,
        2.3991276266343786,
        2.398298083670849,
        2.394241644951148,
        2.394241644951148,
        2.3929318134729027,
        2.3856240659052586,
        2.3814860941129408,
        2.3807270517857657,
        2.3807270517857657,
        2.378736731794302,
        2.371465008790882,
        2.3707451679687037,
        2.3707451679687037,
        2.3707451679687037,
        2.369001240275296,
        2.3582906161365824,
        2.3495617004592444,
        2.3460301459262287,
        2.3415300219110304,
        2.339479059286504,
        2.338533667953222,
        2.3372272885052365,
        2.3372272885052365,
