{
    "objective_name": "rosenbrock",
    "num_runs": 5,
    "mean_best_value": 298.9061271827329,
    "std_best_value": 431.3644077865071,
    "min_best_value": 44.60647620494794,
    "max_best_value": 1160.4815093513184,
    "mean_elapsed_time_s": 0.03757969995494932,
    "std_elapsed_time_s": 0.003946098040173268,
    "mean_iterations": 100.0,
    "min_iterations": 100,
    "max_iterations": 100,
    "evaluation_mode": "threading"
}