{
    "objective_name": "rastrigin",
    "num_runs": 5,
    "mean_best_value": 2.381989787636485e-08,
    "std_best_value": 3.3639399789845993e-08,
    "min_best_value": 1.2143175354140112e-11,
    "max_best_value": 8.822687647125349e-08,
    "mean_elapsed_time_s": 0.06458807999733836,
    "std_elapsed_time_s": 0.0020354835187566997,
    "mean_iterations": 100.0,
    "min_iterations": 100,
    "max_iterations": 100
}