{
    "objective_name": "sphere",
    "num_runs": 5,
    "mean_best_value": 1.025870293793846e-29,
    "std_best_value": 1.232061003500388e-29,
    "min_best_value": 4.265293909963569e-31,
    "max_best_value": 3.227010011144754e-29,
    "mean_elapsed_time_s": 0.014375380001729355,
    "std_elapsed_time_s": 0.0006839033466480183,
    "mean_iterations": 100.0,
    "min_iterations": 100,
    "max_iterations": 100
}