{
    "objective_name": "sphere",
    "num_runs": 5,
    "mean_best_value": 9.863060826447012e-28,
    "std_best_value": 1.653672968372874e-27,
    "min_best_value": 2.3177085623425585e-29,
    "max_best_value": 4.2830091473438494e-27,
    "mean_elapsed_time_s": 0.013669359998311847,
    "std_elapsed_time_s": 0.00011039136103321509,
    "mean_iterations": 100.0,
    "min_iterations": 100,
    "max_iterations": 100
}