{
    "objective": "sphere",
    "evaluation_mode": "threading",
    "best_value": 0.37957953036443737,
    "best_position": [
        0.0817520893415754,
        0.06537563728658659,
        0.06077628424967753,
        0.4906735140174153,
        -0.04803303082211187,
        0.13437087273487058,
        -0.02028462473034863,
        -0.030661136092515737,
        0.007283181821455629,
        -0.04464612451398184,
        -0.062380508189164775,
        0.045661311012677154,
        0.04515959687668182,
        -0.004935659829846213,
        0.0024133154115322892,
        -0.05227982806798617,
        0.006995282945507664,
        -0.02956107145626358,
        0.020904748184323984,
        -0.04935887650291612,
        -0.25913687089974213,
        0.043451569255382676,
        0.008971754689461469,
        -0.047110985477709026,
        -0.05502872576441098,
        -0.023499206010630963,
        0.10273931200470215,
        0.01815554183612941,
        -0.003792307341129902,
        -0.003539445236849394
    ],
    "elapsed_time_s": 0.0271976999938488,
    "iterations_completed": 100,
    "best_value_history": [
        96.70410774063257,
        94.09236751652797,
        91.77818241217196,
        76.44486382384389,
        64.46572524041478,
        64.46572524041478,
        61.55405883912734,
        43.60873793091055,
        35.692305422238796,
        29.18673521919161,
        22.56565175889959,
        19.449647022326378,
        17.885439870239708,
        15.825521442571013,
        14.639672776004042,
        13.114678830636457,
        13.114678830636457,
        13.114678830636457,
        12.162103932025447,
        9.576292809993474,
        9.029302310943226,
        8.776722690748159,
        7.361327017925905,
        6.5781132641120434,
        6.5781132641120434,
        6.415657969342854,
        5.691395873544707,
        5.124622704520549,
        5.124622704520549,
        5.124622704520549,
        5.124622704520549,
        4.7952173290572775,
        3.7644445507261834,
        3.7644445507261834,
        3.7644445507261834,
        3.7644445507261834,
        3.466696616809424,
        3.3582507369879626,
        3.3582507369879626,
        3.154090781032796,
        3.0498492473579883,
        2.784801542275609,
        2.6151290469307886,
        2.6058744103924822,
        2.4981520926524845,
        2.285343354517127,
        2.1980144220880713,
        1.8583447609265364,
        1.4797959860218235,
        1.4797959860218235,
        1.4651686821859475,
        1.4651686821859475,
        1.2994594938487787,
        1.2541446182507872,
        1.2110003789284667,
        1.0868405295209465,
        1.0868405295209465,
        1.0117505289350166,
        1.0117505289350166,
        0.9682033031433611,
        0.9309474138443392,
        0.8990898185292842,
        0.8679427058312843,
        0.8343346884104547,
        0.7991492161754863,
        0.7991492161754863,
        0.7547126040776129,
        0.7445278019861055,
        0.7256205424387538,
        0.6738323516417448,
        0.6509305422904359,
        0.6035141555657574,
        0.586298214554393,
        0.5827437746826146,
        0.5827437746826146,
        0.55763499578671,
        0.5545968246264048,
        0.5423168215669152,
        0.5392117022693308,
        0.534068576876043,
        0.508898815105883,
        0.5066697157149128,
        0.4986906204137081,
        0.4986906204137081,
        0.4986906204137081,
        0.4876439567116037,
        0.4851319662709183,
        0.4770524898927842,
        0.4556808412359435,
        0.4556808412359435,
        0.44547025407635277,
        0.4364956206578636,
        0.4266246687273138,
        0.4135989643515479,
        0.4082404315715426,
        0.40408123687051173,
        0.39886058815087355,
        0.3941120387008906,
        0.3862576584672674,
        0.37957953036443737
    ],
    "timing_stats": {
        "total_time_s": 0.02719349996186793,
        "fitness_time_s": 0.024053099914453924,
        "velocity_update_time_s": 0.001261599943973124,
        "position_update_time_s": 0.000690800603479147
    },
    "config": {
        "num_particles": 30,
        "dimensions": 30,
        "max_iterations": 100,
        "inertia_weight": 0.7,
        "cognitive_coefficient": 2.0,
        "social_coefficient": 1.0,
        "seed": 3,
        "tolerance": 0.0,
        "stagnation_patience": null,
        "track_history": true
    }
}