{
    "objective": "sphere",
    "evaluation_mode": "threading",
    "best_value": 0.06527323143713777,
    "best_position": [
        -0.03236381174230309,
        -0.02943506620883224,
        0.06492858913990368,
        -0.054353554008328295,
        0.005291698072639638,
        0.00046857375143817895,
        0.010072477262436444,
        -0.007131401927268546,
        -0.028692218968249104,
        0.01890959474953337,
        -0.025127385812903823,
        0.08438591377057206,
        -0.07078591240787345,
        0.03725707382287417,
        -0.029870331852575552,
        0.10384559299707008,
        0.00974691540317172,
        -0.04375686105372832,
        0.00029751127816303805,
        -0.09005931981248223,
        0.007120576007305399,
        0.0649582440812243,
        0.028520721382858154,
        0.0020439394781762935,
        0.010181247654171102,
        0.025647815177291502,
        0.10859660451367517,
        0.012685173126268746,
        0.0072196908283085354,
        -0.03201119632088082
    ],
    "elapsed_time_s": 0.027379900100640953,
    "iterations_completed": 100,
    "best_value_history": [
        99.57474396683628,
        99.57474396683628,
        98.21611145546714,
        98.21611145546714,
        75.45027273279656,
        39.563459751219405,
        39.563459751219405,
        39.49049248011837,
        39.49049248011837,
        39.49049248011837,
        39.49049248011837,
        36.88128786134894,
        29.686717021166864,
        29.686717021166864,
        28.473429671429088,
        22.59880263103194,
        20.256534524086465,
        17.046987709735937,
        17.046987709735937,
        16.22319044293385,
        13.060962058646675,
        12.380272939202145,
        10.922438630504262,
        10.136138070397593,
        9.686269296990274,
        9.404198473643927,
        8.877293197966374,
        8.383893511310472,
        7.592028196285497,
        7.592028196285497,
        6.988125914742172,
        6.686636152438863,
        6.020991670452419,
        5.645484278038558,
        5.645484278038558,
        5.607315826594069,
        5.607315826594069,
        5.48807335870391,
        4.590490114605201,
        4.441306841153038,
        4.311083472698715,
        3.5841670080777797,
        3.3645401316468364,
        2.9539077615879923,
        2.6736981452209982,
        2.215990894443421,
        2.0495240941228845,
        2.0357118129217575,
        1.9601227380171202,
        1.8238691459304948,
        1.8238691459304948,
        1.7280053245284162,
        1.540761388949148,
        1.4373205987073938,
        1.3258203084138174,
        1.2097032328293567,
        1.2097032328293567,
        1.1674790743047778,
        1.0688371942707944,
        1.0688371942707944,
        0.9642144699276569,
        0.9642144699276569,
        0.9348193718224741,
        0.7707342324721054,
        0.7707342324721054,
        0.7366961658786045,
        0.7102588350887761,
        0.7013997192486703,
        0.5512982380558903,
        0.46026413403610655,
        0.4206878214727923,
        0.4206878214727923,
        0.41570137267463686,
        0.3835912140558306,
        0.35940695081998897,
        0.35940695081998897,
        0.35641593121986026,
        0.3203185947940213,
        0.30902891167697066,
        0.27198750771066843,
        0.22534549031068155,
        0.22534549031068155,
        0.22091946589073036,
        0.19498519577806578,
        0.1849520896340136,
        0.17838424123867452,
        0.1509002079624058,
        0.1399994778697011,
        0.1164466004307025,
        0.11210144635109448,
        0.10105320159650437,
        0.09979364799900434,
        0.09534554674982386,
        0.08821893328081655,
        0.08700901112003276,
        0.08481449953370311,
        0.07643277267032753,
        0.07024934197800355,
        0.07024934197800355,
        0.06527323143713777
    ],
    "timing_stats": {
        "total_time_s": 0.02737570006866008,
        "fitness_time_s": 0.024175600381568074,
        "velocity_update_time_s": 0.001280900090932846,
        "position_update_time_s": 0.0007054995512589812
    },
    "config": {
        "num_particles": 30,
        "dimensions": 30,
        "max_iterations": 100,
        "inertia_weight": 0.7,
        "cognitive_coefficient": 2.0,
        "social_coefficient": 1.0,
        "seed": 2,
        "tolerance": 0.0,
        "stagnation_patience": null,
        "track_history": true
    }
}