{
    "objective": "ackley",
    "evaluation_mode": null,
    "best_value": 3.2223881172819024,
    "best_position": [
        0.9635207578704523,
        -0.9639303234792423,
        5.296215699977981e-05,
        0.9636707803943982,
        0.9638886896252606,
        9.221649537479739e-05,
        -9.628791205221226e-05,
        0.00036622738916966975,
        0.9638483656230189,
        -0.9636683510391285,
        -0.965427826519536,
        -1.925771934815651,
        -0.0001227625375770781,
        -0.00015477457198612008,
        -3.73151751576997e-05,
        -0.00015467125688278522,
        2.4774307502871836e-05,
        -0.00013223503146437437,
        1.925676811067723,
        -0.963777123930507,
        -0.0007046311008275059,
        0.96391282018312,
        -0.9637979632544741,
        0.00010320386823578444,
        -1.925817738363585,
        -0.9639525179201119,
        -0.0001765307843292,
        5.0194204192838406e-05,
        0.9637981093133631,
        3.436421797936116e-05
    ],
    "elapsed_time_s": 0.5875131000066176,
    "iterations_completed": 500,
    "best_value_history": [
        19.789407118973077,
        19.789407118973077,
        19.789407118973077,
        19.789407118973077,
        19.603415510501378,
        19.478575913379963,
        19.478575913379963,
        19.478575913379963,
        19.031948994732844,
        19.031948994732844,
        19.031948994732844,
        19.031948994732844,
        19.031948994732844,
        19.031948994732844,
        19.026448440656647,
        18.54217065127104,
        18.400987813727202,
        17.78898571506178,
        17.390746677736647,
        16.855647673889123,
        16.855647673889123,
        16.855647673889123,
        16.855647673889123,
        16.855647673889123,
        16.855647673889123,
        16.855647673889123,
        16.855647673889123,
        16.790813138076842,
        15.937664536659348,
        15.937664536659348,
        15.85946083023919,
        14.897452829236057,
        14.55231662077388,
        14.386512271303413,
        14.386512271303413,
        14.386512271303413,
        14.314145519278062,
        14.284994378797487,
        14.167490653376108,
        14.167490653376108,
        13.855947170928134,
        13.855947170928134,
        13.521056398055542,
        12.708307180677057,
        12.708307180677057,
        12.355436437218241,
        11.887451571617436,
        11.850596384791581,
        11.536832321706655,
        11.536832321706655,
        11.536832321706655,
        11.536832321706655,
        11.536832321706655,
        10.852756817896434,
        10.852756817896434,
        10.777099483656247,
        10.777099483656247,
        10.766729020837793,
        10.766729020837793,
        10.702753554873027,
        10.343906564977695,
        10.150935057945816,
        10.150935057945816,
        9.794554387439364,
        9.794554387439364,
        9.583800078157733,
        9.417451407474385,
        9.113695333312652,
        8.796152990797351,
        8.641876855242254,
        8.641876855242254,
        8.058009597150248,
        8.058009597150248,
        7.7544170642634285,
        7.609648588761884,
        7.003528733267023,
        7.003528733267023,
        7.003528733267023,
        6.441249762304054,
        6.279020189983225,
        6.279020189983225,
        5.841213991193484,
        5.701687590541852,
        5.701687590541852,
        5.701687590541852,
        5.606096580300061,
        5.463266857721983,
        5.463266857721983,
        5.463266857721983,
        5.463266857721983,
        5.361530102018325,
        5.361530102018325,
        5.361530102018325,
        5.361530102018325,
        5.29979500198192,
        5.29979500198192,
        5.29979500198192,
        5.17187852853036,
        5.016331735314001,
        5.016331735314001,
        5.016331735314001,
        4.919732386679794,
        4.919732386679794,
        4.919732386679794,
        4.897120502836014,
        4.462194513484899,
        4.462194513484899,
        4.462194513484899,
        4.462194513484899,
        4.462194513484899,
        4.455234321386683,
        4.451705028042625,
        4.451705028042625,
        4.451705028042625,
        4.324812262145411,
        4.324812262145411,
        4.324812262145411,
        4.324812262145411,
        4.324812262145411,
        4.309175772936339,
        4.309175772936339,
        4.309175772936339,
        4.309175772936339,
        4.309175772936339,
        4.297273888960309,
        4.2394706773950475,
        4.1869969810707985,
        4.141788615277733,
        4.141788615277733,
        4.1000006348051095,
        4.074028171005168,
        4.074028171005168,
        4.074028171005168,
        4.045561821206206,
        4.045561821206206,
        4.004107170171231,
        3.8972475057978113,
        3.8972475057978113,
        3.8921268864197924,
        3.8595835902339606,
        3.8595835902339606,
        3.8595835902339606,
        3.8595835902339606,
        3.8425694247794238,
        3.8425694247794238,
        3.8415422024669756,
        3.831887860190083,
        3.811173188174202,
        3.811173188174202,
        3.795724137409142,
        3.733344377185475,
        3.733344377185475,
        3.628905824371945,
        3.6162260593753115,
        3.6162260593753115,
        3.6002435404667428,
        3.6002435404667428,
        3.6002435404667428,
        3.5745767065313854,
        3.5745767065313854,
        3.5745767065313854,
        3.5518213075477445,
        3.5329851600897695,
        3.5329851600897695,
        3.529082910465999,
        3.5240365470174173,
        3.5161040788224374,
        3.5028173896329133,
        3.4873132091756713,
        3.4810173235461765,
        3.477610032818085,
        3.4626436748586156,
        3.462159405753749,
        3.4524437807140917,
        3.4457731898191253,
        3.435523942327443,
        3.4317537337058686,
        3.4277375903184333,
        3.421787052930274,
        3.41261542589432,
        3.4034592815610947,
        3.4007375586888497,
        3.3960389794320105,
        3.365763393498409,
        3.365763393498409,
        3.3612306696872456,
        3.3537914760777423,
        3.3537914760777423,
        3.3537914760777423,
        3.3537914760777423,
        3.3386443001673354,
        3.332822589617408,
        3.332822589617408,
        3.332822589617408,
        3.3282727454490133,
        3.3282727454490133,
        3.316764463667593,
        3.313294719843775,
        3.313294719843775,
        3.313294719843775,
        3.313294719843775,
        3.311359162245371,
        3.305414422505248,
        3.304289357835533,
        3.3014858125147275,
        3.2981539192936897,
        3.2933185875120476,
        3.2905234705412316,
        3.2905234705412316,
        3.2905234705412316,
        3.2871564733742358,
        3.281306863650919,
        3.274820133495013,
        3.2738292027957887,
        3.2731262889649106,
        3.2712037881523526,
        3.2694408813495603,
        3.2694408813495603,
        3.2676571923083455,
        3.265507149880787,
        3.2618254648980423,
        3.2601128269379456,
        3.2601128269379456,
        3.2594571113802897,
        3.258934876278009,
        3.2579954417353787,
        3.25736759424348,
        3.25736759424348,
        3.25736759424348,
        3.25736759424348,
        3.257264317808748,
        3.257264317808748,
        3.255798195524424,
        3.255798195524424,
        3.255463834804115,
        3.255186812240652,
        3.2547740964671914,
        3.2526184737310193,
        3.2523388088731235,
        3.252303497377135,
        3.252303497377135,
        3.252227096078635,
        3.251535958091669,
        3.251358726991168,
        3.251358726991168,
        3.251358726991168,
        3.250745860739585,
        3.250745860739585,
        3.250745860739585,
        3.2503258990300457,
