{
    "objective": "ackley",
    "evaluation_mode": null,
    "best_value": 2.321463969517343,
    "best_position": [
        -9.264107723336697e-05,
        0.9447027471778716,
        -0.943929092872148,
        -0.0008667803168409039,
        -0.0006846410091518617,
        0.0010669202592972571,
        -0.0006881778346051089,
        -0.0006150288085923969,
        0.0013410915383979993,
        -0.0010915785861222002,
        0.9447492925892602,
        -0.00031966809199190514,
        0.0001293653376273236,
        0.00035602207368572744,
        -0.0008030974034185964,
        -1.8806657825398678,
        0.9433792938740112,
        0.00021939233564889236,
        0.00016004357884402793,
        0.00043829710242531056,
        -0.0004278388540092559,
        -0.0006382366491183815,
        -0.8883983431554036,
        0.9442381066582124,
        -0.0005681907127978722,
        -0.0022211303605142968,
        0.00050248066738048,
        -0.9445227372390834,
        0.9452398776327214,
        0.0010755870476272264
    ],
    "elapsed_time_s": 0.5798956999788061,
    "iterations_completed": 500,
    "best_value_history": [
        20.059588963886977,
        20.059588963886977,
        20.059588963886977,
        20.024248797699318,
        19.772828272413523,
        19.772828272413523,
        19.772828272413523,
        19.772828272413523,
        19.772828272413523,
        19.772828272413523,
        19.588251379459745,
        19.588251379459745,
        19.588251379459745,
        19.574056210539833,
        19.56010926685387,
        19.53392348496216,
        19.181809278465277,
        19.181809278465277,
        19.181809278465277,
        19.181809278465277,
        18.880648638370353,
        18.880648638370353,
        18.880648638370353,
        18.58127453861187,
        18.50353839778132,
        18.50353839778132,
        18.50353839778132,
        18.50353839778132,
        18.50353839778132,
        18.26019602288887,
        18.26019602288887,
        18.26019602288887,
        18.199083859483068,
        18.199083859483068,
        17.94716245312338,
        17.601476954322063,
        17.601476954322063,
        17.601476954322063,
        17.601476954322063,
        17.601476954322063,
        17.601476954322063,
        17.601476954322063,
        17.601476954322063,
        17.601476954322063,
        17.601476954322063,
        17.456467734826383,
        17.456467734826383,
        17.25843747578855,
        17.08061504345864,
        17.06031214271977,
        16.8454518606866,
        16.72040642375277,
        16.60391581848779,
        16.10144614694383,
        15.356496183300859,
        15.14729196236704,
        14.778096880992308,
        14.291932745503107,
        13.926269815036896,
        13.125947503188579,
        12.705893792457111,
        10.98371090315681,
        10.98371090315681,
        10.98371090315681,
        10.932013263692093,
        10.710051784755962,
        10.710051784755962,
        10.65863175211491,
        10.404683101721304,
        10.36140946654263,
        10.36140946654263,
        10.36140946654263,
        10.184746247572726,
        9.988870272811374,
        9.840571531646171,
        9.840571531646171,
        9.38713301443584,
        9.141695959900678,
        9.141695959900678,
        9.141695959900678,
        8.713308430671598,
        8.713308430671598,
        8.271463448259636,
        8.271463448259636,
        8.271463448259636,
        8.091525336783267,
        7.927476944320494,
        7.927476944320494,
        7.927476944320494,
        7.927476944320494,
        7.656364447614608,
        7.379905834520688,
        7.3580690007640435,
        7.131135505656172,
        6.941762544964556,
        6.782190529484904,
        6.782190529484904,
        6.782190529484904,
        6.6406682741965355,
        6.51425038843605,
        6.334049699457889,
        6.247880678568304,
        6.01562077026443,
        6.01562077026443,
        6.01562077026443,
        5.903843020896616,
        5.903843020896616,
        5.625304621457538,
        5.617045652016479,
        5.466732373915793,
        5.466732373915793,
        5.330927672230821,
        5.330927672230821,
        5.199553131801267,
        5.012713789288313,
        5.012713789288313,
        4.993147789072999,
        4.993147789072999,
        4.936910561800538,
        4.936910561800538,
        4.886511876270323,
        4.826215884813468,
        4.723951723495087,
        4.723951723495087,
        4.68269095174967,
        4.68269095174967,
        4.68269095174967,
        4.68269095174967,
        4.534676358543692,
        4.534676358543692,
        4.534676358543692,
        4.53169045283823,
        4.487009373926217,
        4.487009373926217,
        4.344655055808136,
        4.0942714329291725,
        4.05964541397325,
        3.9456228516682796,
        3.807997576716517,
        3.807997576716517,
        3.7543788592313843,
        3.720164570226807,
        3.720164570226807,
        3.720164570226807,
        3.720164570226807,
        3.6609225390721645,
        3.6609225390721645,
        3.620938682142516,
        3.4971522477472026,
        3.430143173908306,
        3.430143173908306,
        3.4221925983884494,
        3.364854892797283,
        3.351211323028871,
        3.351211323028871,
        3.3445902879007403,
        3.3445902879007403,
        3.2985843448585617,
        3.2985843448585617,
        3.229970051880262,
        3.229970051880262,
        3.183927784404603,
        3.154352810779987,
        3.154352810779987,
        3.154352810779987,
        3.134682783104513,
        3.100685311322373,
        3.0614846950556474,
        3.04830805033998,
        3.033017138072293,
        2.970317196755748,
        2.970317196755748,
        2.959161807611068,
        2.959161807611068,
        2.9467654955608116,
        2.9421474709253563,
        2.8902698854473354,
        2.884388953195526,
        2.884388953195526,
        2.884388953195526,
        2.8586641995579716,
        2.8486643905028193,
        2.8486643905028193,
        2.8395244412307616,
        2.8359356907194138,
        2.8359356907194138,
        2.8254277447832803,
        2.8219094367321067,
        2.8177707799184515,
        2.8177707799184515,
        2.8177707799184515,
        2.7970705904707356,
        2.7934528727881873,
        2.7930027776987463,
        2.786720635126511,
        2.7734795594217982,
        2.759654797733074,
        2.759654797733074,
        2.740050281977578,
        2.740050281977578,
        2.7383574624316727,
        2.731948520553147,
        2.731948520553147,
        2.731948520553147,
        2.7149978040039966,
        2.7024461212673185,
        2.6700006629131896,
        2.6591279473074008,
        2.6281802705736834,
        2.596239058768195,
        2.596239058768195,
        2.5880222493218317,
        2.5880222493218317,
        2.583002431560463,
        2.573547218948708,
        2.570859978817371,
        2.5706437941964677,
        2.565436024246534,
        2.5639228398249014,
        2.563016887538336,
        2.557986810623824,
        2.545428507117528,
        2.5442391171975918,
        2.542762048081205,
        2.538514993319606,
        2.537014549221294,
        2.528460167951185,
        2.5230293914175417,
        2.509097546187164,
        2.5029754434463354,
        2.498462988487852,
        2.482979173091501,
        2.4775348211406087,
        2.4720212028139774,
        2.463355865640811,
        2.463355865640811,
        2.461339591953078,
        2.4555684945934826,
        2.4555684945934826,
        2.4543711351439197,
        2.452588301941216,
        2.448901620147343,
        2.448901620147343,
        2.444896720366707,
        2.444896720366707,
        2.4438599901174993,
        2.4425840549998914,
        2.4418539021460863,
        2.4418539021460863,
        2.441372598560655,
