{
    "objective": "ackley",
    "evaluation_mode": null,
    "best_value": 5.016331735314001,
    "best_position": [
        1.1482535053365919,
        -0.8019464549732594,
        -1.9533767468762273,
        0.9536477814975096,
        1.028407523480538,
        1.768505793299797,
        1.2504300992054982,
        -0.1974544170617154,
        0.7501235631363393,
        0.39609338411944117,
        -1.742567529434369,
        -2.0565928010329033,
        0.946257823405587,
        -0.2796341947555876,
        -0.265775440413083,
        -0.11625144314863473,
        0.051573178222613425,
        -0.05182946928200732,
        1.6995240689026725,
        -0.716591853788415,
        -0.08246747622722995,
        0.8952905376639735,
        -1.0798149155809402,
        0.47210693874099996,
        -1.8670945442296085,
        -0.6783806691517082,
        -0.06296450016118135,
        -0.10705910399646001,
        1.252347870795571,
        0.06374411016004533
    ],
    "elapsed_time_s": 0.24414640001486987,
    "iterations_completed": 100,
    "best_value_history": [
        19.789407118973077,
        19.789407118973077,
        19.789407118973077,
        19.789407118973077,
        19.603415510501378,
        19.478575913379963,
        19.478575913379963,
        19.478575913379963,
        19.031948994732844,
        19.031948994732844,
        19.031948994732844,
        19.031948994732844,
        19.031948994732844,
        19.031948994732844,
        19.026448440656647,
        18.54217065127104,
        18.400987813727202,
        17.78898571506178,
        17.390746677736647,
        16.855647673889123,
        16.855647673889123,
        16.855647673889123,
        16.855647673889123,
        16.855647673889123,
        16.855647673889123,
        16.855647673889123,
        16.855647673889123,
        16.790813138076842,
        15.937664536659348,
        15.937664536659348,
        15.85946083023919,
        14.897452829236057,
        14.55231662077388,
        14.386512271303413,
        14.386512271303413,
        14.386512271303413,
        14.314145519278062,
        14.284994378797487,
        14.167490653376108,
        14.167490653376108,
        13.855947170928134,
        13.855947170928134,
        13.521056398055542,
        12.708307180677057,
        12.708307180677057,
        12.355436437218241,
        11.887451571617436,
        11.850596384791581,
        11.536832321706655,
        11.536832321706655,
        11.536832321706655,
        11.536832321706655,
        11.536832321706655,
        10.852756817896434,
        10.852756817896434,
        10.777099483656247,
        10.777099483656247,
        10.766729020837793,
        10.766729020837793,
        10.702753554873027,
        10.343906564977695,
        10.150935057945816,
        10.150935057945816,
        9.794554387439364,
        9.794554387439364,
        9.583800078157733,
        9.417451407474385,
        9.113695333312652,
        8.796152990797351,
        8.641876855242254,
        8.641876855242254,
        8.058009597150248,
        8.058009597150248,
        7.7544170642634285,
        7.609648588761884,
        7.003528733267023,
        7.003528733267023,
        7.003528733267023,
        6.441249762304054,
        6.279020189983225,
        6.279020189983225,
        5.841213991193484,
        5.701687590541852,
        5.701687590541852,
        5.701687590541852,
        5.606096580300061,
        5.463266857721983,
        5.463266857721983,
        5.463266857721983,
        5.463266857721983,
        5.361530102018325,
        5.361530102018325,
        5.361530102018325,
        5.361530102018325,
        5.29979500198192,
        5.29979500198192,
        5.29979500198192,
        5.17187852853036,
        5.016331735314001,
        5.016331735314001
    ],
    "config": {
        "num_particles": 30,
        "dimensions": 30,
        "max_iterations": 100,
        "inertia_weight": 0.7,
        "cognitive_coefficient": 1.5,
        "social_coefficient": 1.5,
        "seed": 3,
        "tolerance": 0.0,
        "stagnation_patience": null,
        "track_history": true
    }
}