{
    "objective_name": "rosenbrock",
    "num_runs": 5,
    "mean_best_value": 298.9061271827329,
    "std_best_value": 431.3644077865071,
    "min_best_value": 44.60647620494794,
    "max_best_value": 1160.4815093513184,
    "mean_elapsed_time_s": 0.035181020002346484,
    "std_elapsed_time_s": 0.0033831192139405384,
    "mean_iterations": 100.0,
    "min_iterations": 100,
    "max_iterations": 100
}