{
    "objective": "rosenbrock",
    "evaluation_mode": "multiprocessing",
    "best_value": 1.1643780188230046e-08,
    "best_position": [
        1.0001073030418364,
        1.0002134781354577
    ],
    "elapsed_time_s": 0.5496662000077777,
    "iterations_completed": 100,
    "best_value_history": [
        1.5544890323467193,
        0.46084070645091146,
        0.46084070645091146,
        0.3633195053744984,
        0.05819189245734534,
        0.05819189245734534,
        0.0561550065585093,
        0.010537372547606512,
        0.007831902253781742,
        0.007831902253781742,
        0.0007948175744232407,
        0.0007948175744232407,
        0.0002500457476770125,
        0.0002500457476770125,
        0.0002500457476770125,
        0.0002500457476770125,
        0.0002500457476770125,
        0.0002500457476770125,
        0.0002500457476770125,
        5.757853526493349e-05,
        5.757853526493349e-05,
        5.757853526493349e-05,
        5.757853526493349e-05,
        5.757853526493349e-05,
        1.9853562125716388e-05,
        1.9853562125716388e-05,
        1.2900152357114396e-05,
        1.2900152357114396e-05,
        1.2837475293420504e-05,
        1.2837475293420504e-05,
        1.2837475293420504e-05,
        1.263014668558764e-05,
        1.2217394912814242e-05,
        1.2200216933278468e-05,
        1.2200216933278468e-05,
        1.2200216933278468e-05,
        4.46707785809475e-06,
        4.46707785809475e-06,
        4.46707785809475e-06,
        4.199032291382281e-06,
        4.199032291382281e-06,
        4.199032291382281e-06,
        4.199032291382281e-06,
        3.872214223650595e-06,
        3.7912817606692085e-06,
        3.6069365421896625e-06,
        3.542358020577684e-06,
        3.5179899769180136e-06,
        3.5084767593725433e-06,
        3.077727705697367e-06,
        2.9493484831916277e-06,
        2.9493484831916277e-06,
        2.6634840568748137e-06,
        2.6634840568748137e-06,
        2.6634840568748137e-06,
        2.4737075805351483e-06,
        2.4737075805351483e-06,
        2.452557422039022e-06,
        2.452557422039022e-06,
        2.452557422039022e-06,
        2.452557422039022e-06,
        2.452557422039022e-06,
        2.4422561692019204e-06,
        2.396560912869195e-06,
        2.2356523649737284e-06,
        2.156245361807692e-06,
        2.125074722568289e-06,
        1.915244454635544e-07,
        1.915244454635544e-07,
        1.915244454635544e-07,
        1.915244454635544e-07,
        1.915244454635544e-07,
        1.915244454635544e-07,
        1.915244454635544e-07,
        1.915244454635544e-07,
        1.915244454635544e-07,
        1.915244454635544e-07,
        1.915244454635544e-07,
        1.915244454635544e-07,
        1.7396976596085486e-07,
        1.7396976596085486e-07,
        1.7396976596085486e-07,
        1.7396976596085486e-07,
        1.7396976596085486e-07,
        1.7339327751643095e-07,
        1.39673558002589e-07,
        8.121336104762336e-08,
        5.8646880913863434e-08,
        5.1927135192805675e-08,
        4.9608091180075223e-08,
        4.873947484466563e-08,
        4.840146752671536e-08,
        4.826777481201369e-08,
        2.9486103486137474e-08,
        2.3998044316832262e-08,
        1.87957083527834e-08,
        1.5955975253529183e-08,
        1.398091453031439e-08,
        1.398091453031439e-08,
        1.1643780188230046e-08
    ],
    "config": {
        "num_particles": 30,
        "dimensions": 2,
        "max_iterations": 100,
        "inertia_weight": 0.4,
        "cognitive_coefficient": 1.5,
        "social_coefficient": 1.5,
        "seed": 3,
        "tolerance": 0.0,
        "stagnation_patience": null,
        "track_history": true
    }
}