{
    "objective_name": "ackley",
    "num_runs": 5,
    "mean_best_value": 0.00012049312855042516,
    "std_best_value": 0.000149901905299377,
    "min_best_value": 1.1760972978169804e-05,
    "max_best_value": 0.00041690425391438524,
    "mean_elapsed_time_s": 0.03100324000697583,
    "std_elapsed_time_s": 0.00026762228185082785,
    "mean_iterations": 100.0,
    "min_iterations": 100,
    "max_iterations": 100
}