{
    "objective": "rastrigin",
    "evaluation_mode": "threading",
    "best_value": 2.835431430944212e-33,
    "best_position": [
        2.6625109671397543e-17,
        -4.6114368324094664e-17
    ],
    "elapsed_time_s": 0.03247340000234544,
    "iterations_completed": 100,
    "best_value_history": [
        5.146401746337744,
        3.1659155638114864,
        2.1520503233594774,
        2.1520503233594774,
        2.1520503233594774,
        1.4423551194827422,
        1.4423551194827422,
        0.7985936488806704,
        0.7985936488806704,
        0.26173511023985396,
        0.26173511023985396,
        0.26173511023985396,
        0.26173511023985396,
        0.10402459287468854,
        0.0932642668584657,
        0.04565516786836114,
        0.004646132763875743,
        0.0003274005055008471,
        0.0003274005055008471,
        0.0001382519298446789,
        0.0001382519298446789,
        0.0001382519298446789,
        4.658535267655515e-05,
        3.462566645792915e-05,
        3.462566645792915e-05,
        3.462566645792915e-05,
        2.0552949668804572e-05,
        1.0620311945505736e-05,
        1.0620311945505736e-05,
        4.02666844049543e-07,
        4.02666844049543e-07,
        4.02666844049543e-07,
        4.02666844049543e-07,
        4.004238611757449e-07,
        3.951606418188009e-07,
        1.2398557393105596e-07,
        4.800888035072711e-09,
        4.800888035072711e-09,
        3.653462066105777e-09,
        5.618403616308728e-10,
        9.984491570190994e-11,
        3.8991059668832294e-11,
        3.448191445203939e-11,
        3.448191445203939e-11,
        2.8667237918955982e-11,
        1.1389456208368286e-11,
        4.8528223075401435e-12,
        6.047892535047321e-13,
        6.047892535047321e-13,
        6.047892535047321e-13,
        5.489985632273186e-13,
        5.489985632273186e-13,
        2.2316891088337187e-13,
        2.901135086254224e-14,
        3.345944577391262e-15,
        3.345944577391262e-15,
        3.345944577391262e-15,
        2.2296891187773878e-15,
        6.472710469627788e-19,
        6.472710469627788e-19,
        5.931546875592739e-19,
        5.931546875592739e-19,
        2.7649044609920376e-19,
        1.2519284206359287e-22,
        1.2519284206359287e-22,
        1.2519284206359287e-22,
        1.2519284206359287e-22,
        1.2519284206359287e-22,
        1.2519284206359287e-22,
        1.2519284206359287e-22,
        1.3863445140210616e-23,
        1.3863445140210616e-23,
        1.3863445140210616e-23,
        1.2707293458956532e-23,
        1.2707293458956532e-23,
        8.275686414899205e-24,
        5.472451845674022e-24,
        2.5837187228778042e-24,
        5.056949545218318e-25,
        5.056949545218318e-25,
        8.151648550147685e-27,
        8.151648550147685e-27,
        8.151648550147685e-27,
        4.678699326791728e-27,
        8.794838434810588e-28,
        8.794838434810588e-28,
        8.794838434810588e-28,
        6.3549623851042195e-28,
        2.8249454828344144e-28,
        2.1898743262912645e-28,
        1.4284814184265052e-28,
        3.1631476798316915e-29,
        7.734333317540045e-30,
        1.4723818083634875e-30,
        3.67719421741946e-31,
        1.498733818211825e-31,
        7.33709067325841e-32,
        7.33709067325841e-32,
        3.190713175701808e-32,
        2.835431430944212e-33
    ],
    "swarm_position_history": null,
    "timing_stats": {
        "total_time_s": 0.03246899996884167,
        "fitness_time_s": 0.030004899483174086,
        "velocity_update_time_s": 0.0008418994257226586,
        "position_update_time_s": 0.0004653005162253976
    },
    "config": {
        "num_particles": 30,
        "dimensions": 2,
        "max_iterations": 100,
        "inertia_weight": 0.4,
        "cognitive_coefficient": 1.5,
        "social_coefficient": 1.0,
        "seed": 0,
        "tolerance": 0.0,
        "stagnation_patience": null,
        "track_history": true,
        "track_swarm_history": false
    }
}