{
    "objective": "rastrigin",
    "evaluation_mode": "threading",
    "best_value": 8.373639494522715e-35,
    "best_position": [
        7.950602945188544e-18,
        4.530376116084227e-18
    ],
    "elapsed_time_s": 0.037299899966455996,
    "iterations_completed": 100,
    "best_value_history": [
        0.9294953770377035,
        0.1218173571043844,
        0.1218173571043844,
        0.1218173571043844,
        0.1218173571043844,
        0.014300839112092267,
        0.014300839112092267,
        0.014300839112092267,
        0.0024770690179031097,
        0.0024770690179031097,
        0.0024770690179031097,
        0.0024770690179031097,
        0.00039202735945135603,
        0.0003661101921659845,
        5.600379977765311e-05,
        1.3087434587803393e-05,
        1.3087434587803393e-05,
        1.3087434587803393e-05,
        1.1741988223354524e-05,
        1.1741988223354524e-05,
        1.0670208234341728e-05,
        1.0519974990478493e-06,
        1.0519974990478493e-06,
        7.334512587576137e-07,
        1.9518209742450233e-07,
        4.666422721680104e-08,
        4.2514294473959026e-08,
        4.2514294473959026e-08,
        2.370890234787266e-09,
        2.370890234787266e-09,
        5.077898252963773e-10,
        1.7250778954676617e-10,
        1.7250778954676617e-10,
        1.0238012131029074e-10,
        6.350289102362256e-12,
        6.350289102362256e-12,
        6.350289102362256e-12,
        3.3676250065040717e-12,
        2.3176168018283444e-12,
        1.0645173392215806e-12,
        1.0645173392215806e-12,
        8.402329265210929e-13,
        7.92252214698038e-14,
        7.92252214698038e-14,
        7.92252214698038e-14,
        4.466370817358174e-15,
        4.466370817358174e-15,
        4.466370817358174e-15,
        2.232617201039994e-15,
        8.67466806465207e-19,
        8.67466806465207e-19,
        1.3273446489166947e-19,
        1.4315178691432478e-20,
        1.4315178691432478e-20,
        7.603599923079385e-21,
        7.603599923079385e-21,
        7.603599923079385e-21,
        6.21122627447788e-21,
        2.7626201100690443e-21,
        1.2627635716784458e-22,
        1.2627635716784458e-22,
        1.0845736853385028e-22,
        1.0845736853385028e-22,
        9.875923771422922e-23,
        3.8054216819482053e-23,
        2.43327838873e-24,
        1.350372016164107e-24,
        1.3496071432677784e-24,
        1.3496071432677784e-24,
        1.9015453204496328e-25,
        9.416353930478703e-26,
        1.8676922168036069e-26,
        1.0237106632840988e-26,
        1.0237106632840988e-26,
        1.0237106632840988e-26,
        5.4952875866361026e-27,
        5.060088980664901e-27,
        2.7038321064285854e-27,
        1.783681948649709e-27,
        1.290721538345303e-27,
        1.120922544341395e-27,
        1.5893597000394795e-28,
        9.588347720727716e-29,
        9.588347720727716e-29,
        9.588347720727716e-29,
        4.623360249056325e-29,
        2.3571675670591853e-29,
        8.824759243559732e-30,
        1.906422060137345e-30,
        1.0832881077241783e-30,
        1.0832881077241783e-30,
        5.778292052447013e-32,
        4.6419236317630757e-32,
        4.6419236317630757e-32,
        1.4906685159429017e-32,
        5.738671566017606e-33,
        3.918054490391264e-34,
        3.918054490391264e-34,
        2.5923357110796913e-34,
        8.373639494522715e-35
    ],
    "swarm_position_history": null,
    "timing_stats": {
        "total_time_s": 0.037293899920769036,
        "fitness_time_s": 0.03389819979202002,
        "velocity_update_time_s": 0.0011380994692444801,
        "position_update_time_s": 0.000545299262739718
    },
    "config": {
        "num_particles": 30,
        "dimensions": 2,
        "max_iterations": 100,
        "inertia_weight": 0.4,
        "cognitive_coefficient": 1.5,
        "social_coefficient": 1.0,
        "seed": 4,
        "tolerance": 0.0,
        "stagnation_patience": null,
        "track_history": true,
        "track_swarm_history": false
    }
}