{
    "objective_name": "rastrigin",
    "num_runs": 5,
    "mean_best_value": 1.1243939791768038e-08,
    "std_best_value": 1.3798690973648951e-08,
    "min_best_value": 5.581060733596902e-15,
    "max_best_value": 3.242969231860291e-08,
    "mean_elapsed_time_s": 0.19170668001752347,
    "std_elapsed_time_s": 0.0160942759951259,
    "mean_iterations": 500.0,
    "min_iterations": 500,
    "max_iterations": 500
}