{
    "objective_name": "rastrigin",
    "num_runs": 5,
    "mean_best_value": 2.2401660103864934e-07,
    "std_best_value": 3.8823170303047054e-07,
    "min_best_value": 2.1195935708997625e-09,
    "max_best_value": 9.985864640835813e-07,
    "mean_elapsed_time_s": 0.03217749998439103,
    "std_elapsed_time_s": 0.00227696058378936,
    "mean_iterations": 100.0,
    "min_iterations": 100,
    "max_iterations": 100
}