{
    "objective_name": "rastrigin",
    "num_runs": 5,
    "mean_best_value": 3.165236812925904e-57,
    "std_best_value": 6.330463455074479e-57,
    "min_best_value": 1.1367834312846902e-64,
    "max_best_value": 1.582616372306919e-56,
    "mean_elapsed_time_s": 0.19204593999311328,
    "std_elapsed_time_s": 0.013536783932317713,
    "mean_iterations": 500.0,
    "min_iterations": 500,
    "max_iterations": 500
}