{
    "objective_name": "rastrigin",
    "num_runs": 5,
    "mean_best_value": 0.19899181141865815,
    "std_best_value": 0.39798362283731625,
    "min_best_value": 2.0548321783008732e-32,
    "max_best_value": 0.9949590570932908,
    "mean_elapsed_time_s": 0.03730917999055237,
    "std_elapsed_time_s": 0.004371659954225611,
    "mean_iterations": 100.0,
    "min_iterations": 100,
    "max_iterations": 100,
    "evaluation_mode": "v1"
}