{
    "objective_name": "rastrigin",
    "num_runs": 5,
    "mean_best_value": 2.9463196003430708e-40,
    "std_best_value": 5.883559927916907e-40,
    "min_best_value": 1.964727175542807e-44,
    "max_best_value": 1.4713433433120198e-39,
    "mean_elapsed_time_s": 0.19134990000166,
    "std_elapsed_time_s": 0.010700577795355003,
    "mean_iterations": 500.0,
    "min_iterations": 500,
    "max_iterations": 500
}