{
    "objective_name": "rastrigin",
    "num_runs": 5,
    "mean_best_value": 1.3145625553050025e-39,
    "std_best_value": 2.5760964522515552e-39,
    "min_best_value": 5.152617690965012e-44,
    "max_best_value": 6.466539800715438e-39,
    "mean_elapsed_time_s": 0.1892583199776709,
    "std_elapsed_time_s": 0.01422168845736925,
    "mean_iterations": 500.0,
    "min_iterations": 500,
    "max_iterations": 500
}