{
    "objective_name": "rastrigin",
    "num_runs": 5,
    "mean_best_value": 0.36253791823375203,
    "std_best_value": 0.39949167131385077,
    "min_best_value": 0.009422219709025403,
    "max_best_value": 1.0739671121916095,
    "mean_elapsed_time_s": 0.0376699399901554,
    "std_elapsed_time_s": 0.0009614174705414064,
    "mean_iterations": 100.0,
    "min_iterations": 100,
    "max_iterations": 100
}