{
    "objective_name": "rastrigin",
    "num_runs": 5,
    "mean_best_value": 0.014247432126813033,
    "std_best_value": 0.01793344405940177,
    "min_best_value": 0.0012715130639119432,
    "max_best_value": 0.04934859635491773,
    "mean_elapsed_time_s": 0.19503030001651495,
    "std_elapsed_time_s": 0.005753750711297466,
    "mean_iterations": 500.0,
    "min_iterations": 500,
    "max_iterations": 500
}