{
    "objective_name": "rastrigin",
    "num_runs": 5,
    "mean_best_value": 0.0011730610919495738,
    "std_best_value": 0.001499850490383022,
    "min_best_value": 2.754116926606754e-06,
    "max_best_value": 0.003891665162399819,
    "mean_elapsed_time_s": 0.1953639199724421,
    "std_elapsed_time_s": 0.0020321727252805926,
    "mean_iterations": 500.0,
    "min_iterations": 500,
    "max_iterations": 500
}