{
    "objective_name": "rastrigin",
    "num_runs": 5,
    "mean_best_value": 6.509569011188116e-08,
    "std_best_value": 1.2438599443449748e-07,
    "min_best_value": 1.4286194480315515e-11,
    "max_best_value": 3.1382005823336635e-07,
    "mean_elapsed_time_s": 0.18323296001181005,
    "std_elapsed_time_s": 0.014692383073791044,
    "mean_iterations": 500.0,
    "min_iterations": 500,
    "max_iterations": 500
}