{
    "objective_name": "rastrigin",
    "num_runs": 5,
    "mean_best_value": 0.0032988211943524776,
    "std_best_value": 0.0018770847321569492,
    "min_best_value": 0.0001270484702327959,
    "max_best_value": 0.00541880816504538,
    "mean_elapsed_time_s": 0.03715190002694726,
    "std_elapsed_time_s": 0.0004188401435366447,
    "mean_iterations": 100.0,
    "min_iterations": 100,
    "max_iterations": 100
}