{
    "objective_name": "rastrigin",
    "num_runs": 5,
    "mean_best_value": 2.61733304698806e-12,
    "std_best_value": 5.19680260968091e-12,
    "min_best_value": 1.475368318326925e-20,
    "max_best_value": 1.301078481414194e-11,
    "mean_elapsed_time_s": 0.19292844000738113,
    "std_elapsed_time_s": 0.006843812754237166,
    "mean_iterations": 500.0,
    "min_iterations": 500,
    "max_iterations": 500
}