{
    "objective_name": "rastrigin",
    "num_runs": 5,
    "mean_best_value": 1.1795518600687235e-08,
    "std_best_value": 2.3583531769772608e-08,
    "min_best_value": 3.1132073753526367e-13,
    "max_best_value": 5.8962581505006276e-08,
    "mean_elapsed_time_s": 0.038847759994678197,
    "std_elapsed_time_s": 0.0019264134561331873,
    "mean_iterations": 100.0,
    "min_iterations": 100,
    "max_iterations": 100
}