{
    "objective_name": "rastrigin",
    "num_runs": 5,
    "mean_best_value": 0.5117404847332723,
    "std_best_value": 0.5334049613370356,
    "min_best_value": 0.001281306805974493,
    "max_best_value": 1.2387339043023893,
    "mean_elapsed_time_s": 0.03555377996526658,
    "std_elapsed_time_s": 0.0023426552963160805,
    "mean_iterations": 100.0,
    "min_iterations": 100,
    "max_iterations": 100,
    "evaluation_mode": "v1"
}