{
    "objective_name": "rastrigin",
    "num_runs": 5,
    "mean_best_value": 2.7670749973688396e-123,
    "std_best_value": 5.468549974303148e-123,
    "min_best_value": 1.9752212579995873e-129,
    "max_best_value": 1.3704045137888792e-122,
    "mean_elapsed_time_s": 0.18366094001103192,
    "std_elapsed_time_s": 0.0038367011283938005,
    "mean_iterations": 500.0,
    "min_iterations": 500,
    "max_iterations": 500
}