{
    "objective_name": "rosenbrock",
    "num_runs": 5,
    "mean_best_value": 0.0265344224417171,
    "std_best_value": 0.03936216793657403,
    "min_best_value": 2.75485396193863e-14,
    "max_best_value": 0.10350817723534342,
    "mean_elapsed_time_s": 0.5568503599846736,
    "std_elapsed_time_s": 0.0037392382966598635,
    "mean_iterations": 500.0,
    "min_iterations": 500,
    "max_iterations": 500
}