{
    "objective_name": "rosenbrock",
    "num_runs": 5,
    "mean_best_value": 2.1479863031346375e-05,
    "std_best_value": 2.250443078442024e-05,
    "min_best_value": 3.263024279057608e-06,
    "max_best_value": 6.526346981831442e-05,
    "mean_elapsed_time_s": 0.5583378599956632,
    "std_elapsed_time_s": 0.004584475688176327,
    "mean_iterations": 500.0,
    "min_iterations": 500,
    "max_iterations": 500
}