{
    "objective_name": "rosenbrock",
    "num_runs": 5,
    "mean_best_value": 1.8502962650316207e-13,
    "std_best_value": 3.5096028126507243e-13,
    "min_best_value": 3.84070677864384e-16,
    "max_best_value": 8.865736499273729e-13,
    "mean_elapsed_time_s": 0.5809469000436366,
    "std_elapsed_time_s": 0.007815700461021783,
    "mean_iterations": 500.0,
    "min_iterations": 500,
    "max_iterations": 500
}