{
    "objective_name": "rosenbrock",
    "num_runs": 5,
    "mean_best_value": 9.224645486891079e-07,
    "std_best_value": 1.1707309712690105e-06,
    "min_best_value": 5.392300618110785e-08,
    "max_best_value": 3.1557914450349597e-06,
    "mean_elapsed_time_s": 0.5494931200053543,
    "std_elapsed_time_s": 0.01284816332354231,
    "mean_iterations": 500.0,
    "min_iterations": 500,
    "max_iterations": 500
}