{
    "objective_name": "rosenbrock",
    "num_runs": 5,
    "mean_best_value": 6.884138242686886e-06,
    "std_best_value": 1.3118322659459032e-05,
    "min_best_value": 1.5917204229373365e-09,
    "max_best_value": 3.3111939487404405e-05,
    "mean_elapsed_time_s": 0.26333494000136853,
    "std_elapsed_time_s": 0.008645873815548318,
    "mean_iterations": 100.0,
    "min_iterations": 100,
    "max_iterations": 100
}