{
    "objective_name": "rosenbrock",
    "num_runs": 5,
    "mean_best_value": 1.009121799458163e-19,
    "std_best_value": 1.800803533384564e-19,
    "min_best_value": 8.160818092353257e-24,
    "max_best_value": 4.595473514814968e-19,
    "mean_elapsed_time_s": 0.5649927799822763,
    "std_elapsed_time_s": 0.015865315269141,
    "mean_iterations": 500.0,
    "min_iterations": 500,
    "max_iterations": 500
}