{
    "objective_name": "rosenbrock",
    "num_runs": 5,
    "mean_best_value": 2.7335848353515084e-20,
    "std_best_value": 4.919670823343303e-20,
    "min_best_value": 2.4296685890875437e-23,
    "max_best_value": 1.2551175559401593e-19,
    "mean_elapsed_time_s": 0.5551362999947742,
    "std_elapsed_time_s": 0.010262887091495511,
    "mean_iterations": 500.0,
    "min_iterations": 500,
    "max_iterations": 500
}