{
    "objective_name": "rosenbrock",
    "num_runs": 5,
    "mean_best_value": 6.2125136598057375e-06,
    "std_best_value": 1.1601650456628178e-05,
    "min_best_value": 1.797342957807855e-08,
    "max_best_value": 2.9406094767342017e-05,
    "mean_elapsed_time_s": 0.26348367996979505,
    "std_elapsed_time_s": 0.0038297762747863183,
    "mean_iterations": 100.0,
    "min_iterations": 100,
    "max_iterations": 100,
    "evaluation_mode": "v2"
}