{
    "objective_name": "rosenbrock",
    "num_runs": 5,
    "mean_best_value": 0.00011467057947658382,
    "std_best_value": 9.412063999961382e-05,
    "min_best_value": 1.2369431952471638e-05,
    "max_best_value": 0.00026670864111007507,
    "mean_elapsed_time_s": 0.2655791799537838,
    "std_elapsed_time_s": 0.001685431918226808,
    "mean_iterations": 100.0,
    "min_iterations": 100,
    "max_iterations": 100,
    "evaluation_mode": "v2"
}