{
    "objective_name": "rosenbrock",
    "num_runs": 5,
    "mean_best_value": 1.7487225938511883e-21,
    "std_best_value": 3.014057604109337e-21,
    "min_best_value": 2.302369437978045e-26,
    "max_best_value": 7.726743595496389e-21,
    "mean_elapsed_time_s": 0.5557602999964729,
    "std_elapsed_time_s": 0.01666450372701822,
    "mean_iterations": 500.0,
    "min_iterations": 500,
    "max_iterations": 500
}