{
    "objective_name": "rosenbrock",
    "num_runs": 5,
    "mean_best_value": 3.382256956229158e-05,
    "std_best_value": 6.216308475374682e-05,
    "min_best_value": 8.46458778674895e-08,
    "max_best_value": 0.00015797438689392986,
    "mean_elapsed_time_s": 0.26374696001876147,
    "std_elapsed_time_s": 0.002762168338548174,
    "mean_iterations": 100.0,
    "min_iterations": 100,
    "max_iterations": 100,
    "evaluation_mode": "v2"
}