{
    "objective_name": "rosenbrock",
    "num_runs": 5,
    "mean_best_value": 7.683505216852655e-29,
    "std_best_value": 1.3756189893286034e-28,
    "min_best_value": 0.0,
    "max_best_value": 3.5074727998389237e-28,
    "mean_elapsed_time_s": 0.5667191999964416,
    "std_elapsed_time_s": 0.008631636489757856,
    "mean_iterations": 500.0,
    "min_iterations": 500,
    "max_iterations": 500
}