{
    "objective_name": "rosenbrock",
    "num_runs": 5,
    "mean_best_value": 3.1788743822820635e-24,
    "std_best_value": 6.3559134249538804e-24,
    "min_best_value": 4.979684464207637e-30,
    "max_best_value": 1.5890701119751195e-23,
    "mean_elapsed_time_s": 0.558134979987517,
    "std_elapsed_time_s": 0.008318080222291918,
    "mean_iterations": 500.0,
    "min_iterations": 500,
    "max_iterations": 500
}