{
    "objective_name": "rosenbrock",
    "num_runs": 5,
    "mean_best_value": 3.672599481798695e-25,
    "std_best_value": 7.270122027100748e-25,
    "min_best_value": 0.0,
    "max_best_value": 1.8212418037031175e-24,
    "mean_elapsed_time_s": 0.552405900019221,
    "std_elapsed_time_s": 0.016051668197416314,
    "mean_iterations": 500.0,
    "min_iterations": 500,
    "max_iterations": 500
}