{
    "objective_name": "rosenbrock",
    "num_runs": 5,
    "mean_best_value": 1.1661139116203301e-27,
    "std_best_value": 1.5645338880266642e-27,
    "min_best_value": 0.0,
    "max_best_value": 3.971963961594371e-27,
    "mean_elapsed_time_s": 0.5623719199793413,
    "std_elapsed_time_s": 0.005612246807946887,
    "mean_iterations": 500.0,
    "min_iterations": 500,
    "max_iterations": 500
}