{
    "objective": "sphere",
    "evaluation_mode": "sequential",
    "best_value": 0.12203249400187167,
    "best_position": [
        0.06027203481174008,
        -0.007797917667429845,
        -0.05030470418515343,
        0.021386454500508502,
        0.039774458386629505,
        -0.02634374441571377,
        0.10989738585878892,
        -0.034303892305617346,
        -0.04547212356354517,
        -0.08348679403677126,
        -0.023226251339872467,
        -0.019823126535601643,
        0.02767171560869825,
        -0.0710555208483809,
        -0.014298530130993326,
        0.06818265587890227,
        0.2233140821106862,
        -0.0014845500329343977,
        -0.03564292082260238,
        0.0033165640580600985,
        -0.0035085754885769847,
        -0.06130621337202003,
        0.039355764639293564,
        0.002631819087032725,
        0.021904294299149057,
        0.06884540171886819,
        0.10122828166044173,
        0.04295018708313985,
        0.03535413328983519,
        -0.06435894287544405
    ],
    "elapsed_time_s": 0.00712650001514703,
    "iterations_completed": 100,
    "best_value_history": [
        105.16087819881089,
        99.39122997738053,
        99.14084878393473,
        94.1546749420941,
        62.04723411709019,
        62.04723411709019,
        62.04723411709019,
        62.04723411709019,
        62.04723411709019,
        56.810852902520466,
        50.120015420882396,
        48.38051880441556,
        40.01268199932366,
        40.01268199932366,
        32.792506570746866,
        32.792506570746866,
        27.386415116718617,
        20.670424632267757,
        15.184129553651392,
        15.184129553651392,
        15.184129553651392,
        15.184129553651392,
        13.809000131685771,
        11.961335058842158,
        10.868734072759224,
        9.29684060729374,
        8.573661955565155,
        7.713830943379533,
        6.924326690444953,
        6.2194971566375195,
        6.088509834111726,
        4.681755848379098,
        4.4705337041028175,
        4.344874759025296,
        4.005710992596053,
        3.747904069958781,
        3.5225156979442898,
        3.5225156979442898,
        3.2195580183641272,
        3.2195580183641272,
        2.9868786503223674,
        2.727296936090106,
        2.727296936090106,
        2.727296936090106,
        2.604348476425646,
        2.604348476425646,
        2.5713770296967096,
        2.3556217560484467,
        2.3274457629972445,
        2.232228485528381,
        2.147280891038599,
        2.039152670896407,
        1.96609567319369,
        1.9502351005271215,
        1.8572632360924708,
        1.6839787296887354,
        1.5182706321195027,
        1.5096133563018481,
        1.3963154809120162,
        1.275079291152314,
        1.2286734893309554,
        1.172419578216015,
        1.1241675341856436,
        1.0915783024373036,
        1.0456456240355525,
        0.9480017064334303,
        0.9062650299087797,
        0.8461127788029489,
        0.7969479741286539,
        0.7273555876828907,
        0.6952424924333456,
        0.602780768853768,
        0.5782527392896262,
        0.5323214163124869,
        0.4766225532791662,
        0.45536870111126965,
        0.4074069331918969,
        0.3982933273302175,
        0.35356011050089314,
        0.3398610831298099,
        0.3398610831298099,
        0.3217810092557383,
        0.3157849245008341,
        0.30873361781845216,
        0.28951304767086045,
        0.2826553834195914,
        0.27401890752468694,
        0.26205520546987077,
        0.24924013692097505,
        0.23816901841655555,
        0.22922969766135756,
        0.2161777957317052,
        0.2003137794484617,
        0.1819177439819761,
        0.18137806425882882,
        0.17421575271444326,
        0.15397297313253885,
        0.14224517309788676,
        0.12203249400187167,
        0.12203249400187167
    ],
    "timing_stats": {
        "total_time_s": 0.0071229999884963036,
        "fitness_time_s": 0.005251300171948969,
        "velocity_update_time_s": 0.000929100438952446,
        "position_update_time_s": 0.0004914996679872274
    },
    "config": {
        "num_particles": 30,
        "dimensions": 30,
        "max_iterations": 100,
        "inertia_weight": 0.7,
        "cognitive_coefficient": 2.0,
        "social_coefficient": 1.0,
        "seed": 1,
        "tolerance": 0.0,
        "stagnation_patience": null,
        "track_history": true
    }
}