{
    "objective": "rastrigin",
    "evaluation_mode": "pyswarm",
    "best_value": 92.94053205318303,
    "best_position": [
        -0.06500634314483598,
        -1.9967678776487183,
        -0.03086028947798531,
        1.2035767329666658,
        1.9843545876458129,
        1.95644274581491,
        1.9485607192350927,
        0.024754170027015444,
        1.0491606611337265,
        0.057347858925702745,
        -0.008998312188383723,
        -0.9658157505963971,
        3.969917760327371,
        -0.0638471676216798,
        0.9800892654213034,
        2.022481253356606,
        2.9488861216101228,
        -0.03229383743398013,
        -0.03051661434974815,
        -0.00791414317250632,
        2.9580076878125316,
        1.060048916986849,
        -1.11762519522331,
        2.0355032593730735,
        -0.981991629622264,
        -2.010585142377834,
        -1.9720697881746856,
        0.9806724457097731,
        1.0132392342281826,
        -0.9516154198701
    ],
    "elapsed_time_s": 0.03644880000501871,
    "iterations_completed": 100,
    "best_value_history": [
        387.86849795308564,
        387.86849795308564,
        387.86849795308564,
        387.86849795308564,
        387.86849795308564,
        387.86849795308564,
        376.9347212392511,
        376.9347212392511,
        376.9347212392511,
        366.2410605517462,
        366.2410605517462,
        350.5794807930409,
        350.5794807930409,
        350.5794807930409,
        350.5794807930409,
        350.5794807930409,
        350.5794807930409,
        350.5794807930409,
        350.5794807930409,
        333.0144556100635,
        277.9244506055253,
        277.9244506055253,
        277.9244506055253,
        269.89383012211465,
        269.89383012211465,
        269.89383012211465,
        269.89383012211465,
        269.89383012211465,
        269.89383012211465,
        250.5466716060082,
        250.5466716060082,
        250.5466716060082,
        250.5466716060082,
        250.5466716060082,
        250.5466716060082,
        250.5466716060082,
        250.5466716060082,
        230.75091785556876,
        230.75091785556876,
        230.75091785556876,
        230.75091785556876,
        230.75091785556876,
        230.75091785556876,
        230.75091785556876,
        221.0743454463438,
        193.12306418763455,
        193.12306418763455,
        193.12306418763455,
        193.12306418763455,
        193.12306418763455,
        193.12306418763455,
        193.12306418763455,
        193.12306418763455,
        193.12306418763455,
        193.12306418763455,
        171.82190623106064,
        171.82190623106064,
        171.82190623106064,
        171.82190623106064,
        171.60393044831514,
        170.82035324319102,
        170.82035324319102,
        170.82035324319102,
        170.81506288108923,
        156.73677112943878,
        156.73677112943878,
        156.73677112943878,
        156.44399174801305,
        156.44399174801305,
        156.44399174801305,
        156.44399174801305,
        156.44399174801305,
        156.44399174801305,
        148.44488028444042,
        144.5655894352515,
        144.5655894352515,
        144.5655894352515,
        132.28096596369795,
        132.28096596369795,
        115.00767623686497,
        115.00767623686497,
        115.00767623686497,
        115.00767623686497,
        115.00767623686497,
        114.53577583573255,
        113.81865965759488,
        108.7763856175839,
        105.10803017764466,
        103.30162791532736,
        103.30162791532736,
        103.30162791532736,
        103.30162791532736,
        103.30162791532736,
        103.30162791532736,
        103.30162791532736,
        99.80903417955041,
        97.00615965547624,
        97.00615965547624,
        97.00615965547624,
        92.94053205318303
    ],
    "swarm_position_history": null,
    "timing_stats": {
        "total_time_s": 0.03644880000501871,
        "fitness_time_s": null,
        "velocity_update_time_s": null,
        "position_update_time_s": null,
        "solver": "pyswarm",
        "solver_messages": [
            "Stopping search: maximum iterations reached --> 100"
        ]
    },
    "config": {
        "num_particles": 30,
        "dimensions": 30,
        "max_iterations": 100,
        "inertia_weight": 0.7,
        "cognitive_coefficient": 1.5,
        "social_coefficient": 1.5,
        "seed": 4,
        "tolerance": 0.0,
        "stagnation_patience": null,
        "track_history": true,
        "track_swarm_history": false
    }
}