{
    "objective": "rastrigin",
    "evaluation_mode": "pyswarm",
    "best_value": 161.91047788224427,
    "best_position": [
        0.047841794161489204,
        0.8977658265808026,
        -1.943766747611285,
        3.937711670090751,
        1.8198797092590202,
        3.917663101470628,
        -2.8888332312734364,
        -0.958792561049996,
        1.8256846364826789,
        -2.0917101657593253,
        -1.053048602289206,
        3.0716269564682266,
        2.0381976206776837,
        -2.0139081433998647,
        -1.8952967549618323,
        -0.11928228574105049,
        1.0596383619347518,
        -3.18408456852914,
        0.08987621428741917,
        -1.9508645304058507,
        0.9218929363420079,
        2.0482661395771973,
        -0.08160833926658209,
        -1.9562693855005635,
        -1.049194806138428,
        -0.026882987134883574,
        -1.9976971269722852,
        -0.9062511908917353,
        0.9179943868330194,
        -2.9006792484169486
    ],
    "elapsed_time_s": 0.03971449995879084,
    "iterations_completed": 100,
    "best_value_history": [
        427.86326554217857,
        427.86326554217857,
        427.86326554217857,
        425.4051727115959,
        425.4051727115959,
        425.4051727115959,
        414.6254018047439,
        414.6254018047439,
        414.6254018047439,
        414.6254018047439,
        414.6254018047439,
        414.6254018047439,
        397.7869364881895,
        397.7869364881895,
        397.7869364881895,
        397.7869364881895,
        378.2342196889378,
        378.2342196889378,
        378.2342196889378,
        378.2342196889378,
        378.2342196889378,
        378.2342196889378,
        378.2342196889378,
        325.50604429967535,
        325.50604429967535,
        325.50604429967535,
        325.50604429967535,
        325.50604429967535,
        325.50604429967535,
        318.84297343767935,
        318.84297343767935,
        318.84297343767935,
        318.84297343767935,
        318.84297343767935,
        318.84297343767935,
        318.84297343767935,
        318.84297343767935,
        318.84297343767935,
        318.84297343767935,
        318.84297343767935,
        315.7700264481439,
        309.9452525993887,
        309.9452525993887,
        309.9452525993887,
        309.9452525993887,
        309.9452525993887,
        309.9452525993887,
        309.9452525993887,
        309.9452525993887,
        309.9452525993887,
        308.7189915873935,
        308.7189915873935,
        308.7189915873935,
        264.59750021283884,
        264.59750021283884,
        264.59750021283884,
        264.59750021283884,
        264.59750021283884,
        264.59750021283884,
        261.6725080098868,
        254.5658647243485,
        254.5658647243485,
        254.5658647243485,
        254.5658647243485,
        224.46467483459318,
        224.46467483459318,
        216.4527111506003,
        216.4527111506003,
        216.4527111506003,
        216.4527111506003,
        216.4527111506003,
        216.4527111506003,
        194.07256380355392,
        194.07256380355392,
        194.07256380355392,
        194.07256380355392,
        194.07256380355392,
        194.07256380355392,
        194.07256380355392,
        194.07256380355392,
        192.30062070443037,
        191.3188241204471,
        186.03515325855506,
        179.91639331521154,
        179.91639331521154,
        179.91639331521154,
        179.91639331521154,
        179.91639331521154,
        168.6694337089803,
        168.6694337089803,
        168.6694337089803,
        168.6683661374561,
        165.4874192330039,
        162.95428365678356,
        162.95428365678356,
        162.95428365678356,
        162.03879094708083,
        161.91047788224427,
        161.91047788224427,
        161.91047788224427
    ],
    "swarm_position_history": null,
    "timing_stats": {
        "total_time_s": 0.03971449995879084,
        "fitness_time_s": null,
        "velocity_update_time_s": null,
        "position_update_time_s": null,
        "solver": "pyswarm",
        "solver_messages": [
            "Stopping search: maximum iterations reached --> 100"
        ]
    },
    "config": {
        "num_particles": 30,
        "dimensions": 30,
        "max_iterations": 100,
        "inertia_weight": 0.7,
        "cognitive_coefficient": 1.5,
        "social_coefficient": 1.5,
        "seed": 1,
        "tolerance": 0.0,
        "stagnation_patience": null,
        "track_history": true,
        "track_swarm_history": false
    }
}