{
    "objective": "rastrigin",
    "evaluation_mode": "pyswarm",
    "best_value": 136.09917278514425,
    "best_position": [
        0.9752870520022169,
        1.951596889685838,
        0.9591077430424159,
        0.9500521758410772,
        -0.5261175546488457,
        0.03519407514321504,
        -2.0356197203008857,
        0.9691929511917357,
        0.9737870264641941,
        -2.0344570429280813,
        1.0500746554395317,
        0.15350513703456897,
        -0.988128043216289,
        -0.9578408212565023,
        -0.029750181347027636,
        -4.00380626401582,
        1.0013298429773387,
        -2.0446410462049394,
        -1.0121528344345345,
        -0.13709157946879647,
        0.9797682540366248,
        -1.9732600164244085,
        -0.8940080544281478,
        5.0278907387387,
        -2.0273598037880736,
        0.06659963346266984,
        -0.9666628332378667,
        0.9723542043472596,
        1.9010209609766462,
        -3.9845990157154794
    ],
    "elapsed_time_s": 0.03754930000286549,
    "iterations_completed": 100,
    "best_value_history": [
        425.7249514429126,
        424.8963930855543,
        424.8963930855543,
        424.8963930855543,
        424.8963930855543,
        424.8963930855543,
        424.8963930855543,
        424.8963930855543,
        424.8963930855543,
        420.3978216516466,
        420.3978216516466,
        420.3978216516466,
        420.3978216516466,
        420.3978216516466,
        420.3978216516466,
        389.65397294883485,
        389.65397294883485,
        389.65397294883485,
        389.65397294883485,
        389.65397294883485,
        389.65397294883485,
        389.65397294883485,
        389.65397294883485,
        389.65397294883485,
        368.9190650365986,
        368.9190650365986,
        368.9190650365986,
        367.8459796664061,
        367.8459796664061,
        367.8459796664061,
        367.8459796664061,
        367.8459796664061,
        345.1775245036861,
        345.1775245036861,
        345.1775245036861,
        345.1775245036861,
        344.0296218287126,
        344.0296218287126,
        330.8620168173769,
        330.8620168173769,
        330.8620168173769,
        330.8620168173769,
        309.44663819754305,
        309.44663819754305,
        304.1868381064767,
        282.5824744562072,
        282.5824744562072,
        282.5824744562072,
        282.5824744562072,
        282.5824744562072,
        265.07963473000746,
        265.07963473000746,
        265.07963473000746,
        265.07963473000746,
        265.07963473000746,
        265.07963473000746,
        257.8826478152851,
        257.8826478152851,
        257.8826478152851,
        257.8826478152851,
        195.58690042275458,
        195.58690042275458,
        195.58690042275458,
        195.58690042275458,
        195.58690042275458,
        195.58690042275458,
        195.58690042275458,
        195.58690042275458,
        195.58690042275458,
        195.58690042275458,
        195.58690042275458,
        195.58690042275458,
        195.58690042275458,
        195.58690042275458,
        195.58690042275458,
        183.6551092357844,
        183.6551092357844,
        178.53927746948318,
        178.53927746948318,
        178.53927746948318,
        167.99683984786952,
        167.38292556989748,
        167.38292556989748,
        156.79062461581572,
        156.79062461581572,
        150.6639013869903,
        143.40724702949888,
        143.40724702949888,
        143.40724702949888,
        142.6535931787918,
        142.19447114818917,
        142.19447114818917,
        141.8351369467776,
        141.8351369467776,
        138.23482444750047,
        138.23482444750047,
        138.23482444750047,
        137.66508666844626,
        136.09917278514425,
        136.09917278514425
    ],
    "swarm_position_history": null,
    "timing_stats": {
        "total_time_s": 0.03754930000286549,
        "fitness_time_s": null,
        "velocity_update_time_s": null,
        "position_update_time_s": null,
        "solver": "pyswarm",
        "solver_messages": [
            "Stopping search: maximum iterations reached --> 100"
        ]
    },
    "config": {
        "num_particles": 30,
        "dimensions": 30,
        "max_iterations": 100,
        "inertia_weight": 0.7,
        "cognitive_coefficient": 1.5,
        "social_coefficient": 1.5,
        "seed": 2,
        "tolerance": 0.0,
        "stagnation_patience": null,
        "track_history": true,
        "track_swarm_history": false
    }
}