{
    "objective": "rastrigin",
    "evaluation_mode": "pyswarm",
    "best_value": 202.87819296525447,
    "best_position": [
        -1.9076086142723563,
        0.03271317115848049,
        1.0298303346339186,
        2.0611266262970984,
        -0.03552406390659521,
        -0.824729057087697,
        -1.0185847597486353,
        -2.990224797064855,
        5.12,
        -0.14374175424296215,
        1.9415813105179558,
        5.12,
        -0.9161818199070804,
        1.9963744269706558,
        -3.3772784154870763,
        -3.0255833917549118,
        -3.033605855443136,
        -0.9943667164659068,
        -1.998839116153002,
        0.12828637207481455,
        -1.987245853508587,
        -2.965246121535289,
        0.031428961616134975,
        -0.05410223100044754,
        0.121286394152641,
        -0.07972042836825484,
        -0.9323369514279488,
        2.9558031287057007,
        -3.0322491162478276,
        2.9778100541234327
    ],
    "elapsed_time_s": 0.03714529995340854,
    "iterations_completed": 100,
    "best_value_history": [
        454.1406333692495,
        454.1406333692495,
        454.1406333692495,
        441.5521936867587,
        441.5521936867587,
        414.04881098627413,
        414.04881098627413,
        414.04881098627413,
        414.04881098627413,
        414.04881098627413,
        376.01526005873336,
        376.01526005873336,
        376.01526005873336,
        376.01526005873336,
        327.8074770477056,
        327.8074770477056,
        327.8074770477056,
        327.8074770477056,
        327.8074770477056,
        327.8074770477056,
        327.8074770477056,
        327.8074770477056,
        327.8074770477056,
        309.0216413073218,
        309.0216413073218,
        299.1647533966585,
        299.1647533966585,
        299.1647533966585,
        299.1647533966585,
        299.1647533966585,
        299.1647533966585,
        299.1647533966585,
        299.1647533966585,
        299.1647533966585,
        299.1647533966585,
        299.1647533966585,
        299.1647533966585,
        299.1647533966585,
        282.5503305270637,
        282.5503305270637,
        274.91532454277484,
        274.91532454277484,
        274.91532454277484,
        274.91532454277484,
        274.91532454277484,
        274.91532454277484,
        274.91532454277484,
        274.91532454277484,
        272.03615573709783,
        272.03615573709783,
        272.03615573709783,
        272.03615573709783,
        266.6576803078156,
        266.6576803078156,
        266.6576803078156,
        266.6576803078156,
        266.6576803078156,
        266.6576803078156,
        266.6576803078156,
        259.04190749892643,
        259.04190749892643,
        259.04190749892643,
        259.04190749892643,
        257.0312107609294,
        257.0312107609294,
        253.99301562105651,
        253.99301562105651,
        251.1668148716593,
        251.1668148716593,
        251.1668148716593,
        251.1668148716593,
        250.18055365429933,
        247.0992787077096,
        243.8851253356037,
        242.77272633101126,
        237.0420257099966,
        237.0420257099966,
        234.43846107593856,
        234.43846107593856,
        234.43846107593856,
        231.20100463792738,
        223.58592345977678,
        223.58592345977678,
        223.58592345977678,
        221.21358729565821,
        215.64742613204626,
        215.64742613204626,
        215.64742613204626,
        215.64742613204626,
        215.64742613204626,
        215.64742613204626,
        213.67028846952195,
        213.67028846952195,
        209.62302877070488,
        209.62302877070488,
        203.2032908373019,
        202.87819296525447,
        202.87819296525447,
        202.87819296525447,
        202.87819296525447
    ],
    "swarm_position_history": null,
    "timing_stats": {
        "total_time_s": 0.03714529995340854,
        "fitness_time_s": null,
        "velocity_update_time_s": null,
        "position_update_time_s": null,
        "solver": "pyswarm",
        "solver_messages": [
            "Stopping search: maximum iterations reached --> 100"
        ]
    },
    "config": {
        "num_particles": 30,
        "dimensions": 30,
        "max_iterations": 100,
        "inertia_weight": 0.7,
        "cognitive_coefficient": 1.5,
        "social_coefficient": 1.5,
        "seed": 0,
        "tolerance": 0.0,
        "stagnation_patience": null,
        "track_history": true,
        "track_swarm_history": false
    }
}