{
    "objective": "rastrigin",
    "evaluation_mode": "pyswarm",
    "best_value": 149.66411155774145,
    "best_position": [
        1.1183141625728956,
        -2.974927846837655,
        -0.9994160534035312,
        -0.08120122298812503,
        0.026093319637421397,
        1.8866808435236968,
        -2.1440709314782347,
        0.0789584055572208,
        -0.1498039997560015,
        0.10510735316833948,
        -3.074153086015215,
        -1.0539937172539455,
        -0.9176482798117084,
        0.02905819480191031,
        -1.0557931666802205,
        -1.0337506355748853,
        0.9624456628797007,
        0.9351662108780969,
        -5.12,
        -0.9752231940066475,
        -0.995328318445351,
        -1.0460723856129734,
        -1.0460695124029418,
        1.9738171666727475,
        -1.1296667543456116,
        1.0128442439426502,
        5.094144687025617,
        -1.962093909700689,
        3.1328784028453573,
        -1.1137618304126353
    ],
    "elapsed_time_s": 0.038002500077709556,
    "iterations_completed": 100,
    "best_value_history": [
        444.2184844175079,
        444.2184844175079,
        444.2184844175079,
        444.2184844175079,
        434.0809459440483,
        432.08312712525384,
        432.08312712525384,
        432.08312712525384,
        426.85454166915235,
        421.2782286385041,
        411.7514787289924,
        411.7514787289924,
        411.7514787289924,
        409.465292758882,
        399.23667488138796,
        399.23667488138796,
        399.23667488138796,
        380.6477285027228,
        380.6477285027228,
        380.6477285027228,
        380.6477285027228,
        329.83791453744766,
        329.83791453744766,
        329.83791453744766,
        329.83791453744766,
        329.83791453744766,
        329.83791453744766,
        327.96014586699295,
        300.90601738011634,
        300.90601738011634,
        300.90601738011634,
        293.06705354177194,
        293.06705354177194,
        293.06705354177194,
        292.9209582647338,
        292.9209582647338,
        292.9209582647338,
        262.5825427921685,
        262.5825427921685,
        262.5825427921685,
        262.5825427921685,
        260.65907433536836,
        260.65907433536836,
        260.65907433536836,
        260.65907433536836,
        260.65907433536836,
        260.65907433536836,
        260.65907433536836,
        260.65907433536836,
        254.07068059621076,
        254.07068059621076,
        254.07068059621076,
        254.07068059621076,
        254.07068059621076,
        254.07068059621076,
        254.07068059621076,
        243.30555383874378,
        243.30555383874378,
        243.30555383874378,
        231.5702742355829,
        231.5702742355829,
        229.52556221904453,
        229.52556221904453,
        219.22364630410186,
        219.22364630410186,
        219.22364630410186,
        196.77425958272633,
        196.77425958272633,
        196.54194140730706,
        196.54194140730706,
        195.7224721229788,
        186.7706397295025,
        185.4695971862215,
        185.4695971862215,
        185.4695971862215,
        181.7528127562009,
        178.9400442853805,
        178.9400442853805,
        178.9400442853805,
        178.9400442853805,
        178.9400442853805,
        178.9400442853805,
        178.9400442853805,
        178.9400442853805,
        178.55042635046246,
        178.55042635046246,
        178.52468119253118,
        178.52468119253118,
        175.37657463507395,
        175.37657463507395,
        173.0277785775225,
        173.0277785775225,
        173.0277785775225,
        173.0277785775225,
        173.0277785775225,
        173.0277785775225,
        164.23482291808472,
        149.66411155774145,
        149.66411155774145,
        149.66411155774145
    ],
    "swarm_position_history": null,
    "timing_stats": {
        "total_time_s": 0.038002500077709556,
        "fitness_time_s": null,
        "velocity_update_time_s": null,
        "position_update_time_s": null,
        "solver": "pyswarm",
        "solver_messages": [
            "Stopping search: maximum iterations reached --> 100"
        ]
    },
    "config": {
        "num_particles": 30,
        "dimensions": 30,
        "max_iterations": 100,
        "inertia_weight": 0.7,
        "cognitive_coefficient": 1.5,
        "social_coefficient": 1.5,
        "seed": 3,
        "tolerance": 0.0,
        "stagnation_patience": null,
        "track_history": true,
        "track_swarm_history": false
    }
}