{
    "objective_name": "sphere",
    "num_runs": 5,
    "mean_best_value": 1.975604600224204e-33,
    "std_best_value": 2.698428861244555e-33,
    "min_best_value": 1.120878629141174e-35,
    "max_best_value": 7.090701885309552e-33,
    "mean_elapsed_time_s": 0.0063874199986457825,
    "std_elapsed_time_s": 2.9387872251645757e-05,
    "mean_iterations": 100.0,
    "min_iterations": 100,
    "max_iterations": 100
}