{
    "objective_name": "sphere",
    "num_runs": 5,
    "mean_best_value": 1.809240454795441e-05,
    "std_best_value": 1.8464324609248564e-05,
    "min_best_value": 8.085989648635934e-07,
    "max_best_value": 4.501401520650601e-05,
    "mean_elapsed_time_s": 0.006284500006586313,
    "std_elapsed_time_s": 7.337037340705428e-05,
    "mean_iterations": 100.0,
    "min_iterations": 100,
    "max_iterations": 100
}