{
    "objective_name": "sphere",
    "num_runs": 5,
    "mean_best_value": 6.285013123594068e-11,
    "std_best_value": 1.1282957240613913e-10,
    "min_best_value": 1.6205946225554219e-12,
    "max_best_value": 2.8834111469310365e-10,
    "mean_elapsed_time_s": 0.006361580011434853,
    "std_elapsed_time_s": 0.00020694412254258893,
    "mean_iterations": 100.0,
    "min_iterations": 100,
    "max_iterations": 100
}