{
    "objective_name": "sphere",
    "num_runs": 2,
    "mean_best_value": 1.1812314664499166e-31,
    "std_best_value": 9.324250987035187e-32,
    "min_best_value": 2.48806367746398e-32,
    "max_best_value": 2.1136565651534354e-31,
    "mean_elapsed_time_s": 0.006287099968176335,
    "std_elapsed_time_s": 6.469996878877282e-05,
    "mean_iterations": 100.0,
    "min_iterations": 100,
    "max_iterations": 100
}