{
    "objective_name": "sphere",
    "num_runs": 5,
    "mean_best_value": 4.837989752871274e-37,
    "std_best_value": 3.093875572862125e-37,
    "min_best_value": 3.6031300901916456e-38,
    "max_best_value": 8.656087005444408e-37,
    "mean_elapsed_time_s": 0.006468060030601919,
    "std_elapsed_time_s": 0.00019090696395091967,
    "mean_iterations": 100.0,
    "min_iterations": 100,
    "max_iterations": 100
}