{
    "objective_name": "sphere",
    "num_runs": 2,
    "mean_best_value": 1.1113520933066417e-15,
    "std_best_value": 1.03255696421324e-15,
    "min_best_value": 7.879512909340183e-17,
    "max_best_value": 2.1439090575198816e-15,
    "mean_elapsed_time_s": 0.006281400041189045,
    "std_elapsed_time_s": 8.209998486563563e-05,
    "mean_iterations": 100.0,
    "min_iterations": 100,
    "max_iterations": 100
}