{
    "objective_name": "sphere",
    "num_runs": 5,
    "mean_best_value": 3.312537614878096e-05,
    "std_best_value": 2.260619528769139e-05,
    "min_best_value": 9.384872711881599e-07,
    "max_best_value": 6.204270279235517e-05,
    "mean_elapsed_time_s": 0.006685739988461137,
    "std_elapsed_time_s": 0.00046346774643996253,
    "mean_iterations": 100.0,
    "min_iterations": 100,
    "max_iterations": 100
}