{
    "objective": "rosenbrock",
    "evaluation_mode": "multiprocessing",
    "best_value": 1.6446808654996636e-09,
    "best_position": [
        1.0000404750049565,
        1.0000812057118962
    ],
    "elapsed_time_s": 0.49999519999255426,
    "iterations_completed": 100,
    "best_value_history": [
        0.39814932832349537,
        0.29717174038253125,
        0.29717174038253125,
        0.2755269597865875,
        0.26675732015775605,
        0.20706190718507625,
        0.19444273639671783,
        0.18016991760626877,
        0.17525711998358234,
        0.15043579319973444,
        0.15043579319973444,
        0.1334595314784921,
        0.11963872119084373,
        0.06629186632327384,
        0.06629186632327384,
        0.06629186632327384,
        0.06629186632327384,
        0.06194241136610013,
        0.031597449250349234,
        0.025677395939042082,
        0.017443985147052615,
        0.013933491308897018,
        0.013933491308897018,
        0.012916922523281067,
        0.012869954434387607,
        0.012869954434387607,
        0.012716334345639816,
        0.012535185649075168,
        0.01197394271138853,
        0.011710443073355684,
        0.011430630319700732,
        0.011321959598766312,
        0.011082951985024486,
        0.010949955462578072,
        0.010943475398407043,
        0.010561062564186157,
        0.01042956961170481,
        0.010137458699883058,
        0.010045614224476668,
        0.009931918377266544,
        0.009882298432538026,
        0.009865946815399278,
        0.00978065224468214,
        0.00972498050845576,
        0.003970302403274521,
        0.003970302403274521,
        0.003918535864654205,
        0.003918535864654205,
        0.002968040205010173,
        0.0020243341139860706,
        0.0020243341139860706,
        0.0020243341139860706,
        0.0020243341139860706,
        0.0020243341139860706,
        0.0019303369017967646,
        0.0015793373699845052,
        0.0015426783045361882,
        0.0013753817990959864,
        0.0011441547211180302,
        0.0011441547211180302,
        0.0011441547211180302,
        0.0007579509122577093,
        0.000608430953260377,
        8.838167995227987e-05,
        5.7896849164867453e-05,
        5.7896849164867453e-05,
        5.7896849164867453e-05,
        5.7896849164867453e-05,
        5.7896849164867453e-05,
        5.7896849164867453e-05,
        5.7896849164867453e-05,
        2.8025030675750602e-05,
        2.331227637323919e-05,
        2.331227637323919e-05,
        2.2304748134257312e-05,
        2.2304748134257312e-05,
        1.903867399848608e-05,
        1.903867399848608e-05,
        1.8574651250572935e-05,
        1.8574651250572935e-05,
        1.8574651250572935e-05,
        1.8535289794533752e-05,
        3.901009831302464e-06,
        3.901009831302464e-06,
        3.901009831302464e-06,
        3.901009831302464e-06,
        5.591569341813901e-07,
        5.591569341813901e-07,
        5.591569341813901e-07,
        5.591569341813901e-07,
        5.04685976152858e-09,
        5.04685976152858e-09,
        5.04685976152858e-09,
        5.04685976152858e-09,
        1.6446808654996636e-09,
        1.6446808654996636e-09,
        1.6446808654996636e-09,
        1.6446808654996636e-09,
        1.6446808654996636e-09,
        1.6446808654996636e-09
    ],
    "config": {
        "num_particles": 30,
        "dimensions": 2,
        "max_iterations": 100,
        "inertia_weight": 0.4,
        "cognitive_coefficient": 1.5,
        "social_coefficient": 1.5,
        "seed": 4,
        "tolerance": 0.0,
        "stagnation_patience": null,
        "track_history": true
    }
}