{
    "objective_name": "sphere",
    "num_runs": 5,
    "mean_best_value": 1.9794727757750187e-50,
    "std_best_value": 3.0045044133270145e-50,
    "min_best_value": 3.148578803825589e-52,
    "max_best_value": 7.877200637567216e-50,
    "mean_elapsed_time_s": 0.031705259974114594,
    "std_elapsed_time_s": 0.0002462476129528112,
    "mean_iterations": 500.0,
    "min_iterations": 500,
    "max_iterations": 500
}