{
    "objective_name": "sphere",
    "num_runs": 5,
    "mean_best_value": 8.697125111546293e-41,
    "std_best_value": 1.1797324760819143e-40,
    "min_best_value": 3.67882959285996e-44,
    "max_best_value": 3.013035744689796e-40,
    "mean_elapsed_time_s": 0.03211514002177864,
    "std_elapsed_time_s": 0.0007158394363172319,
    "mean_iterations": 500.0,
    "min_iterations": 500,
    "max_iterations": 500
}