{
    "objective_name": "sphere",
    "num_runs": 5,
    "mean_best_value": 2.069449125803021e-07,
    "std_best_value": 2.5391241001536034e-07,
    "min_best_value": 1.1781792975356568e-08,
    "max_best_value": 7.02540414696405e-07,
    "mean_elapsed_time_s": 0.03205454002600163,
    "std_elapsed_time_s": 0.0014172751498930751,
    "mean_iterations": 500.0,
    "min_iterations": 500,
    "max_iterations": 500
}