{
    "objective_name": "sphere",
    "num_runs": 5,
    "mean_best_value": 2.907088660366883e-124,
    "std_best_value": 4.970426177730056e-124,
    "min_best_value": 8.725868350289625e-129,
    "max_best_value": 1.2773078582520956e-123,
    "mean_elapsed_time_s": 0.03312096002046019,
    "std_elapsed_time_s": 0.0021889190341083673,
    "mean_iterations": 500.0,
    "min_iterations": 500,
    "max_iterations": 500
}