{
    "objective_name": "sphere",
    "num_runs": 5,
    "mean_best_value": 1.975604600224204e-33,
    "std_best_value": 2.698428861244555e-33,
    "min_best_value": 1.120878629141174e-35,
    "max_best_value": 7.090701885309552e-33,
    "mean_elapsed_time_s": 0.006615020032040775,
    "std_elapsed_time_s": 0.0001713711656901963,
    "mean_iterations": 100.0,
    "min_iterations": 100,
    "max_iterations": 100
}