{
    "objective_name": "sphere",
    "num_runs": 5,
    "mean_best_value": 2.2979891315891567e-13,
    "std_best_value": 1.3010208090449214e-13,
    "min_best_value": 5.116395095879846e-14,
    "max_best_value": 4.4692908117922074e-13,
    "mean_elapsed_time_s": 0.006286040018312633,
    "std_elapsed_time_s": 4.360356049739815e-05,
    "mean_iterations": 100.0,
    "min_iterations": 100,
    "max_iterations": 100,
    "evaluation_mode": "v0"
}