{
    "objective_name": "sphere",
    "num_runs": 5,
    "mean_best_value": 6.694655543941163e-97,
    "std_best_value": 9.613165025381769e-97,
    "min_best_value": 4.168888573963456e-99,
    "max_best_value": 2.578064890247483e-96,
    "mean_elapsed_time_s": 0.031791640003211795,
    "std_elapsed_time_s": 0.00021967031247238538,
    "mean_iterations": 500.0,
    "min_iterations": 500,
    "max_iterations": 500
}