{
    "objective_name": "sphere",
    "num_runs": 5,
    "mean_best_value": 6.924397561920328e-140,
    "std_best_value": 1.1730278133938071e-139,
    "min_best_value": 4.18479491278459e-141,
    "max_best_value": 3.0374565212648216e-139,
    "mean_elapsed_time_s": 0.03143110000528395,
    "std_elapsed_time_s": 0.00011785669820105522,
    "mean_iterations": 500.0,
    "min_iterations": 500,
    "max_iterations": 500
}