{
    "objective_name": "sphere",
    "num_runs": 5,
    "mean_best_value": 0.00019399086425355919,
    "std_best_value": 0.00010094223835147297,
    "min_best_value": 8.381454096874678e-05,
    "max_best_value": 0.00035873558007199966,
    "mean_elapsed_time_s": 0.03168661999516189,
    "std_elapsed_time_s": 0.000795703217367037,
    "mean_iterations": 500.0,
    "min_iterations": 500,
    "max_iterations": 500
}