{
    "objective_name": "sphere",
    "num_runs": 5,
    "mean_best_value": 0.0003041229473302879,
    "std_best_value": 0.00027149648945903497,
    "min_best_value": 6.588070583375189e-06,
    "max_best_value": 0.0006424329018714571,
    "mean_elapsed_time_s": 0.006774139986373484,
    "std_elapsed_time_s": 0.00021875607921702917,
    "mean_iterations": 100.0,
    "min_iterations": 100,
    "max_iterations": 100
}