{
    "objective_name": "sphere",
    "num_runs": 5,
    "mean_best_value": 5.022218714451702e-151,
    "std_best_value": 5.4693032464582825e-151,
    "min_best_value": 2.9928743773153725e-153,
    "max_best_value": 1.3247626660781914e-150,
    "mean_elapsed_time_s": 0.03225199996959418,
    "std_elapsed_time_s": 0.0007572704936016503,
    "mean_iterations": 500.0,
    "min_iterations": 500,
    "max_iterations": 500
}