{
    "objective_name": "sphere",
    "num_runs": 5,
    "mean_best_value": 3.412539060003853e-158,
    "std_best_value": 6.519359020996917e-158,
    "min_best_value": 3.639629468953939e-160,
    "max_best_value": 1.6447637366385672e-157,
    "mean_elapsed_time_s": 0.03214276002254337,
    "std_elapsed_time_s": 0.00046840141375366665,
    "mean_iterations": 500.0,
    "min_iterations": 500,
    "max_iterations": 500
}