{
    "objective_name": "sphere",
    "num_runs": 5,
    "mean_best_value": 4.309245220437848e-120,
    "std_best_value": 3.5244107170374805e-120,
    "min_best_value": 1.7551255697775468e-122,
    "max_best_value": 8.431314383975218e-120,
    "mean_elapsed_time_s": 0.03230808002408594,
    "std_elapsed_time_s": 0.0012057547198764706,
    "mean_iterations": 500.0,
    "min_iterations": 500,
    "max_iterations": 500
}