{
    "objective_name": "sphere",
    "num_runs": 5,
    "mean_best_value": 2.326479287934515e-14,
    "std_best_value": 2.1362862758361844e-14,
    "min_best_value": 5.050378647037238e-16,
    "max_best_value": 5.838374168703637e-14,
    "mean_elapsed_time_s": 0.00743109998293221,
    "std_elapsed_time_s": 0.0011054279342810505,
    "mean_iterations": 100.0,
    "min_iterations": 100,
    "max_iterations": 100,
    "evaluation_mode": "v0"
}