{
    "objective_name": "sphere",
    "num_runs": 5,
    "mean_best_value": 1.112176734807283e-10,
    "std_best_value": 1.788335413263629e-10,
    "min_best_value": 2.9711729213650485e-13,
    "max_best_value": 4.655278372254224e-10,
    "mean_elapsed_time_s": 0.032123160012997684,
    "std_elapsed_time_s": 0.0007749653671509537,
    "mean_iterations": 500.0,
    "min_iterations": 500,
    "max_iterations": 500
}