{
    "objective": "ackley",
    "evaluation_mode": "multiprocessing",
    "best_value": 4.440892098500626e-16,
    "best_position": [
        3.9131038157885064e-17,
        1.570441644080035e-16
    ],
    "elapsed_time_s": 0.5011973999789916,
    "iterations_completed": 100,
    "best_value_history": [
        5.671624067471441,
        4.796409518162296,
        4.796409518162296,
        3.8009572789537036,
        0.17065086350135106,
        0.17065086350135106,
        0.17065086350135106,
        0.17065086350135106,
        0.17065086350135106,
        0.17065086350135106,
        0.0792988489396298,
        0.0792988489396298,
        0.057833990543113334,
        0.012156093091995945,
        0.012156093091995945,
        0.0069410723112679484,
        0.0069410723112679484,
        0.006586493963276485,
        0.0052605608948295135,
        0.003344582240956573,
        0.003344582240956573,
        0.003344582240956573,
        0.000898522919286382,
        0.0005707071550955511,
        0.000183208954951386,
        0.000183208954951386,
        7.325845431838118e-05,
        4.457044318373349e-05,
        4.457044318373349e-05,
        4.457044318373349e-05,
        3.2260099665837316e-05,
        2.7213455468189096e-05,
        1.7651371476024025e-05,
        1.1792830342916005e-05,
        7.243719583716057e-06,
        6.367844559651559e-06,
        4.277730884627573e-06,
        1.8050720460571767e-06,
        1.8050720460571767e-06,
        9.481730711691227e-07,
        9.481730711691227e-07,
        6.58158758159999e-07,
        3.94126108194115e-07,
        1.828695030958727e-07,
        1.0722186560840896e-07,
        7.26103377424181e-08,
        3.53150615417519e-08,
        2.385882469368994e-08,
        2.1839138941714964e-08,
        1.3324584546836604e-08,
        1.3324584546836604e-08,
        1.3324584546836604e-08,
        1.0637972724936162e-08,
        4.195680691765347e-09,
        4.195680691765347e-09,
        2.6676834075090028e-09,
        2.5188673369314074e-09,
        2.261334675068838e-09,
        6.341633884687781e-10,
        6.341633884687781e-10,
        6.341633884687781e-10,
        5.08919573150024e-10,
        3.593183528494137e-10,
        7.488454301096681e-11,
        7.488454301096681e-11,
        3.9527936479544223e-11,
        3.047917473963935e-11,
        2.0833557101695988e-11,
        2.0833557101695988e-11,
        1.865929633027008e-11,
        9.15223452579994e-12,
        4.3076653355456074e-14,
        4.3076653355456074e-14,
        4.3076653355456074e-14,
        4.3076653355456074e-14,
        4.3076653355456074e-14,
        4.3076653355456074e-14,
        4.3076653355456074e-14,
        4.3076653355456074e-14,
        4.3076653355456074e-14,
        4.3076653355456074e-14,
        4.3076653355456074e-14,
        4.3076653355456074e-14,
        3.952393967665557e-14,
        1.4654943925052066e-14,
        7.549516567451064e-15,
        3.9968028886505635e-15,
        3.9968028886505635e-15,
        3.9968028886505635e-15,
        3.9968028886505635e-15,
        3.9968028886505635e-15,
        3.9968028886505635e-15,
        3.9968028886505635e-15,
        3.9968028886505635e-15,
        3.9968028886505635e-15,
        3.9968028886505635e-15,
        3.9968028886505635e-15,
        3.9968028886505635e-15,
        4.440892098500626e-16,
        4.440892098500626e-16
    ],
    "config": {
        "num_particles": 30,
        "dimensions": 2,
        "max_iterations": 100,
        "inertia_weight": 0.4,
        "cognitive_coefficient": 1.5,
        "social_coefficient": 1.0,
        "seed": 1,
        "tolerance": 0.0,
        "stagnation_patience": null,
        "track_history": true
    }
}