{
    "objective": "ackley",
    "evaluation_mode": "multiprocessing",
    "best_value": 4.440892098500626e-16,
    "best_position": [
        2.0370999055997874e-16,
        9.579910589263089e-18
    ],
    "elapsed_time_s": 0.5481380999844987,
    "iterations_completed": 100,
    "best_value_history": [
        9.209024555860864,
        3.219951285744678,
        3.219951285744678,
        3.0284916996028888,
        2.4672068119365353,
        0.49334086575717295,
        0.49334086575717295,
        0.17977488180635648,
        0.17977488180635648,
        0.17977488180635648,
        0.12869979202734827,
        0.10895514989995592,
        0.029517458594430668,
        0.029517458594430668,
        0.01872372366316144,
        0.01872372366316144,
        0.016192744301822604,
        0.007971098156485557,
        0.001167359723048822,
        0.001167359723048822,
        0.00014411605338837674,
        0.00014411605338837674,
        0.00014411605338837674,
        0.00014411605338837674,
        0.00014198283842903336,
        8.711274379935574e-05,
        8.711274379935574e-05,
        8.711274379935574e-05,
        4.902148426966235e-05,
        2.043780647698057e-05,
        2.043780647698057e-05,
        1.7085267515870584e-05,
        1.137553076846487e-05,
        1.137553076846487e-05,
        3.5729985055077407e-06,
        3.5729985055077407e-06,
        2.8891859007451615e-06,
        9.708479891124e-07,
        5.489044849760205e-07,
        5.489044849760205e-07,
        5.489044849760205e-07,
        4.1462485045329345e-07,
        1.9854111288353238e-07,
        1.8933205270244002e-07,
        1.449254871666028e-07,
        1.4199274689374874e-07,
        4.672653419746098e-08,
        4.672653419746098e-08,
        2.3250841696409452e-08,
        2.3250841696409452e-08,
        2.3250841696409452e-08,
        1.2800910997867732e-08,
        5.745264264334082e-09,
        5.745264264334082e-09,
        2.8002564711471223e-09,
        2.150621458696378e-09,
        2.0802848332834856e-09,
        1.3590910619143415e-09,
        4.4979531210742607e-10,
        2.435105450615538e-10,
        1.5679235687571236e-10,
        9.208322993004003e-11,
        4.085309868173681e-11,
        4.085309868173681e-11,
        4.085309868173681e-11,
        3.15556469843159e-11,
        2.268452092835105e-11,
        2.199529447466375e-11,
        8.633538328695067e-12,
        2.4766855233337992e-12,
        2.4766855233337992e-12,
        1.4286349880876514e-12,
        1.4286349880876514e-12,
        1.4286349880876514e-12,
        1.4286349880876514e-12,
        1.1621814621776139e-12,
        1.0627054791711998e-12,
        7.749356711883593e-13,
        3.3439917501709715e-13,
        2.4558133304708463e-13,
        1.0347278589506459e-13,
        7.860379014346108e-14,
        5.728750807065808e-14,
        4.6629367034256575e-14,
        2.1760371282653068e-14,
        7.549516567451064e-15,
        7.549516567451064e-15,
        7.549516567451064e-15,
        3.9968028886505635e-15,
        3.9968028886505635e-15,
        3.9968028886505635e-15,
        3.9968028886505635e-15,
        3.9968028886505635e-15,
        3.9968028886505635e-15,
        4.440892098500626e-16,
        4.440892098500626e-16,
        4.440892098500626e-16,
        4.440892098500626e-16,
        4.440892098500626e-16,
        4.440892098500626e-16
    ],
    "config": {
        "num_particles": 30,
        "dimensions": 2,
        "max_iterations": 100,
        "inertia_weight": 0.4,
        "cognitive_coefficient": 1.5,
        "social_coefficient": 1.0,
        "seed": 0,
        "tolerance": 0.0,
        "stagnation_patience": null,
        "track_history": true
    }
}