{
    "objective": "rastrigin",
    "evaluation_mode": null,
    "best_value": 10.626737375277411,
    "best_position": [
        0.981906424603518,
        -0.012731373861945117,
        -0.9761306793617284,
        0.9615838672431399,
        1.0105021307385047,
        -0.9758681383563184,
        0.01866858126735853,
        0.97592035312343,
        2.0067206647373252,
        0.004913430235046257
    ],
    "elapsed_time_s": 0.26981929992325604,
    "iterations_completed": 100,
    "best_value_history": [
        85.0005854870932,
        85.0005854870932,
        85.0005854870932,
        78.39223541529014,
        78.39223541529014,
        78.39223541529014,
        73.41668842017818,
        73.41668842017818,
        73.41668842017818,
        73.41668842017818,
        73.41668842017818,
        73.41668842017818,
        73.41668842017818,
        69.51747950100459,
        69.51747950100459,
        66.5942456749449,
        61.45298736247226,
        57.24978769568664,
        57.24978769568664,
        57.24978769568664,
        57.24978769568664,
        42.00084449438005,
        42.00084449438005,
        42.00084449438005,
        42.00084449438005,
        42.00084449438005,
        42.00084449438005,
        30.79970380339467,
        30.79970380339467,
        30.79970380339467,
        30.79970380339467,
        30.79970380339467,
        30.79970380339467,
        30.79970380339467,
        30.79970380339467,
        30.79970380339467,
        30.79970380339467,
        30.79970380339467,
        30.79970380339467,
        30.79970380339467,
        30.79970380339467,
        30.59335729978782,
        30.59335729978782,
        30.59335729978782,
        30.232662320858424,
        27.378823703798986,
        27.378823703798986,
        27.378823703798986,
        24.423162360330362,
        24.423162360330362,
        24.423162360330362,
        23.345632942639604,
        23.345632942639604,
        23.345632942639604,
        23.345632942639604,
        22.53789248539728,
        22.53789248539728,
        21.098078555449153,
        19.780414012618394,
        16.3933334021689,
        16.3933334021689,
        16.3933334021689,
        16.3933334021689,
        16.3933334021689,
        16.3933334021689,
        16.3933334021689,
        16.3933334021689,
        16.3933334021689,
        16.3933334021689,
        16.3933334021689,
        16.3933334021689,
        14.685951791591524,
        13.776177485654483,
        13.772912749358326,
        13.772912749358326,
        13.57850855485509,
        13.118305519330798,
        13.118305519330798,
        12.642354182206763,
        12.563963574016004,
        12.563963574016004,
        12.563963574016004,
        12.074467454249287,
        12.074467454249287,
        12.074467454249287,
        12.074467454249287,
        12.074467454249287,
        12.074467454249287,
        12.074467454249287,
        12.074467454249287,
        12.043572511416942,
        12.043572511416942,
        11.895657113722324,
        11.895657113722324,
        11.677836365444328,
        10.626737375277411,
        10.626737375277411,
        10.626737375277411,
        10.626737375277411,
        10.626737375277411
    ],
    "swarm_position_history": null,
    "timing_stats": {
        "total_time_s": 0.2698122999863699,
        "fitness_time_s": 0.2641834005480632,
        "velocity_update_time_s": 0.002118801116012037,
        "position_update_time_s": 0.0008677986916154623
    },
    "config": {
        "num_particles": 30,
        "dimensions": 10,
        "max_iterations": 100,
        "inertia_weight": 0.7,
        "cognitive_coefficient": 1.5,
        "social_coefficient": 1.5,
        "seed": 2,
        "tolerance": 0.0,
        "stagnation_patience": null,
        "track_history": true,
        "track_swarm_history": false
    }
}