{
    "objective": "rastrigin",
    "evaluation_mode": null,
    "best_value": 9.41251932439046,
    "best_position": [
        0.010799780797303388,
        0.016778923960673292,
        -0.99018987075418,
        -0.9704468902865552,
        1.9786951623378168,
        1.018573972947228,
        -0.0019263197278979053,
        1.0094701059588789,
        0.011437567540026113,
        1.0111307763917572
    ],
    "elapsed_time_s": 0.26156300003640354,
    "iterations_completed": 100,
    "best_value_history": [
        92.99742241992159,
        92.99742241992159,
        92.99742241992159,
        92.99742241992159,
        88.91975203199281,
        88.91975203199281,
        59.83506432997655,
        58.487456605439846,
        58.487456605439846,
        58.487456605439846,
        58.487456605439846,
        58.487456605439846,
        58.487456605439846,
        58.487456605439846,
        58.487456605439846,
        58.487456605439846,
        58.487456605439846,
        58.487456605439846,
        57.63218757662546,
        42.31050711808565,
        42.31050711808565,
        42.31050711808565,
        42.31050711808565,
        42.31050711808565,
        42.31050711808565,
        42.31050711808565,
        42.31050711808565,
        42.31050711808565,
        28.59300661474082,
        24.91415070826724,
        24.91415070826724,
        24.91415070826724,
        24.91415070826724,
        24.91415070826724,
        24.91415070826724,
        24.91415070826724,
        24.91415070826724,
        22.931420770693595,
        22.931420770693595,
        22.931420770693595,
        22.527343563080898,
        19.175545270483784,
        19.175545270483784,
        16.831536934780065,
        16.831536934780065,
        16.831536934780065,
        16.72122489947108,
        16.084827435676196,
        16.084827435676196,
        16.084827435676196,
        15.974289326251025,
        15.6549818784005,
        15.6549818784005,
        14.174131655263663,
        13.492821293336714,
        13.492821293336714,
        13.492821293336714,
        13.492821293336714,
        13.492821293336714,
        13.434789313788393,
        13.434789313788393,
        12.631614112243103,
        12.55177541336376,
        12.55177541336376,
        12.55177541336376,
        11.792049294453228,
        11.792049294453228,
        11.792049294453228,
        11.573345270046753,
        11.134483162894895,
        10.990042527752118,
        10.990042527752118,
        10.981892026994933,
        10.724415798121237,
        10.690798278006056,
        10.690798278006056,
        10.690798278006056,
        10.690798278006056,
        10.690798278006056,
        10.533651768255673,
        10.37649254800804,
        9.982568946070678,
        9.982568946070678,
        9.982568946070678,
        9.982568946070678,
        9.982568946070678,
        9.88812400919739,
        9.88812400919739,
        9.88812400919739,
        9.88812400919739,
        9.88812400919739,
        9.88812400919739,
        9.88812400919739,
        9.746751100652611,
        9.746751100652611,
        9.538476565816788,
        9.518942383802262,
        9.450658665054473,
        9.41251932439046,
        9.41251932439046
    ],
    "swarm_position_history": null,
    "timing_stats": {
        "total_time_s": 0.26155690010637045,
        "fitness_time_s": 0.2563343000365421,
        "velocity_update_time_s": 0.001934999949298799,
        "position_update_time_s": 0.0007928005652502179
    },
    "config": {
        "num_particles": 30,
        "dimensions": 10,
        "max_iterations": 100,
        "inertia_weight": 0.7,
        "cognitive_coefficient": 1.5,
        "social_coefficient": 1.5,
        "seed": 3,
        "tolerance": 0.0,
        "stagnation_patience": null,
        "track_history": true,
        "track_swarm_history": false
    }
}