{
    "objective": "rastrigin",
    "evaluation_mode": null,
    "best_value": 8.954626476020543,
    "best_position": [
        7.429293461468277e-10,
        9.702153606384844e-10,
        -0.9949586374068145,
        -0.9949586364695707,
        1.9899122343426272,
        0.9949586377200511,
        -5.014226658513919e-10,
        0.9949586394154112,
        5.54271176976311e-10,
        0.9949586381114814
    ],
    "elapsed_time_s": 0.5904420999577269,
    "iterations_completed": 500,
    "best_value_history": [
        92.99742241992159,
        92.99742241992159,
        92.99742241992159,
        92.99742241992159,
        88.91975203199281,
        88.91975203199281,
        59.83506432997655,
        58.487456605439846,
        58.487456605439846,
        58.487456605439846,
        58.487456605439846,
        58.487456605439846,
        58.487456605439846,
        58.487456605439846,
        58.487456605439846,
        58.487456605439846,
        58.487456605439846,
        58.487456605439846,
        57.63218757662546,
        42.31050711808565,
        42.31050711808565,
        42.31050711808565,
        42.31050711808565,
        42.31050711808565,
        42.31050711808565,
        42.31050711808565,
        42.31050711808565,
        42.31050711808565,
        28.59300661474082,
        24.91415070826724,
        24.91415070826724,
        24.91415070826724,
        24.91415070826724,
        24.91415070826724,
        24.91415070826724,
        24.91415070826724,
        24.91415070826724,
        22.931420770693595,
        22.931420770693595,
        22.931420770693595,
        22.527343563080898,
        19.175545270483784,
        19.175545270483784,
        16.831536934780065,
        16.831536934780065,
        16.831536934780065,
        16.72122489947108,
        16.084827435676196,
        16.084827435676196,
        16.084827435676196,
        15.974289326251025,
        15.6549818784005,
        15.6549818784005,
        14.174131655263663,
        13.492821293336714,
        13.492821293336714,
        13.492821293336714,
        13.492821293336714,
        13.492821293336714,
        13.434789313788393,
        13.434789313788393,
        12.631614112243103,
        12.55177541336376,
        12.55177541336376,
        12.55177541336376,
        11.792049294453228,
        11.792049294453228,
        11.792049294453228,
        11.573345270046753,
        11.134483162894895,
        10.990042527752118,
        10.990042527752118,
        10.981892026994933,
        10.724415798121237,
        10.690798278006056,
        10.690798278006056,
        10.690798278006056,
        10.690798278006056,
        10.690798278006056,
        10.533651768255673,
        10.37649254800804,
        9.982568946070678,
        9.982568946070678,
        9.982568946070678,
        9.982568946070678,
        9.982568946070678,
        9.88812400919739,
        9.88812400919739,
        9.88812400919739,
        9.88812400919739,
        9.88812400919739,
        9.88812400919739,
        9.88812400919739,
        9.746751100652611,
        9.746751100652611,
        9.538476565816788,
        9.518942383802262,
        9.450658665054473,
        9.41251932439046,
        9.41251932439046,
        9.345542122892752,
        9.345542122892752,
        9.345542122892752,
        9.345542122892752,
        9.27846973062777,
        9.213327097030408,
        9.213327097030408,
        9.159275971689652,
        9.15656072937832,
        9.149185410437992,
        9.149185410437992,
        9.124479645893963,
        9.1075912155949,
        9.101985209456066,
        9.101985209456066,
        9.095620425344903,
        9.068601529237336,
        9.056430178629501,
        9.056430178629501,
        9.056430178629501,
        9.056430178629501,
        9.056430178629501,
        9.056430178629501,
        9.046207547449793,
        9.03475378511168,
        9.005437325293414,
        8.99342970366041,
        8.992005228151259,
        8.973343816191191,
        8.973343816191191,
        8.97046939852542,
        8.968545607346659,
        8.968545607346659,
        8.967625493980826,
        8.962554512585143,
        8.962554512585143,
        8.962554512585143,
        8.960914545727785,
        8.960914545727785,
        8.960914545727785,
        8.960914545727785,
        8.960914545727785,
        8.960914545727785,
        8.960914545727785,
        8.959323323748297,
        8.959323323748297,
        8.958927736004949,
        8.958613121094935,
        8.95784913860302,
        8.957294054066008,
        8.956948403799002,
        8.956420366718893,
        8.956099954303118,
        8.955416617903255,
        8.955416617903255,
        8.955416617903255,
        8.955416617903255,
        8.955346043024472,
        8.955346043024472,
        8.955305460835486,
        8.955296564312434,
        8.95523366521901,
        8.95523366521901,
        8.955184301085085,
        8.955184301085085,
        8.955034091239746,
        8.955010275630883,
        8.954731713179454,
        8.954731713179454,
        8.954728766748921,
        8.954728766748921,
        8.954716611804463,
        8.954716611804463,
        8.954663510500506,
        8.954663510500506,
        8.954663510500506,
        8.954663510500506,
        8.954663510500506,
        8.954663510500506,
        8.954660530324118,
        8.954658324260256,
        8.954658324260256,
        8.954653557264622,
        8.954651466032821,
        8.954647911735941,
        8.954647911735941,
        8.954643593163714,
        8.95463984499239,
        8.95463984499239,
        8.95463984499239,
        8.954636937786383,
        8.954634145596485,
        8.954634145596485,
        8.954634145596485,
        8.954634145596485,
        8.954632748908963,
        8.954632748908963,
        8.95463240480602,
        8.95463240480602,
        8.954630943864473,
        8.954630370193682,
        8.954628543635913,
        8.954628128307261,
        8.954627977043454,
        8.954627832125153,
        8.954627832125153,
        8.954627832125153,
        8.954627815536217,
        8.954627306263744,
        8.954627242982795,
        8.954627242982795,
        8.954627122687757,
        8.954627078559339,
        8.95462693065992,
        8.954626906870827,
        8.954626844926045,
        8.954626844926045,
        8.954626763396647,
        8.954626734165766,
        8.954626673027935,
        8.954626633993986,
        8.954626633993986,
        8.954626572732575,
        8.954626572732575,
        8.954626572732575,
        8.954626572732575,
        8.954626546135668,
        8.954626546135668,
        8.954626546135668,
        8.954626546135668,
        8.954626546135668,
        8.954626546135668,
        8.954626523723153,
        8.954626523723153,
        8.954626523723153,
        8.954626510249623,
        8.954626497228809,
        8.954626497228809,
        8.95462649661498,
        8.95462649661498,
        8.95462648464422,
        8.95462648464422,
        8.95462648464422,
        8.95462648464422,
        8.95462648464422,
        8.95462648464422,
        8.95462648464422,
        8.95462648464422,
        8.95462648464422,
        8.95462648464422,
        8.954626483982258,
        8.954626483528054,
        8.954626482396552,
        8.954626482396552,
        8.954626482396552,
        8.954626481873321,
        8.954626479966228,
        8.954626478726153,
        8.954626478385125,
        8.954626478333786,
        8.954626477318707,
        8.954626477318707,
        8.954626477318707,
        8.954626477048697,
        8.954626477048697,
        8.954626477048697,
        8.954626476879927,
        8.954626476870361,
        8.954626476870361,
        8.954626476870361,
        8.954626476870361,
        8.954626476723682,
        8.954626476652985,
        8.954626476623996,
        8.95462647659758,
        8.95462647643238,
