{
    "objective_name": "rastrigin",
    "num_runs": 5,
    "mean_best_value": 0.19899181141865815,
    "std_best_value": 0.39798362283731625,
    "min_best_value": 1.4155837234170083e-98,
    "max_best_value": 0.9949590570932908,
    "mean_elapsed_time_s": 0.059661539969965816,
    "std_elapsed_time_s": 0.0021633688682431524,
    "mean_iterations": 500.0,
    "min_iterations": 500,
    "max_iterations": 500
}