{
    "objective_name": "rastrigin",
    "num_runs": 5,
    "mean_best_value": 1.8638767794886827e-49,
    "std_best_value": 3.594548209049927e-49,
    "min_best_value": 8.831019683688457e-54,
    "max_best_value": 9.050734088393225e-49,
    "mean_elapsed_time_s": 0.05998619999736547,
    "std_elapsed_time_s": 0.001914215303373128,
    "mean_iterations": 500.0,
    "min_iterations": 500,
    "max_iterations": 500
}