{
    "objective_name": "rastrigin",
    "num_runs": 5,
    "mean_best_value": 0.19899181141865815,
    "std_best_value": 0.3979836228373163,
    "min_best_value": 1.606385522537509e-30,
    "max_best_value": 0.9949590570932908,
    "mean_elapsed_time_s": 0.012022419995628298,
    "std_elapsed_time_s": 0.000239728642969093,
    "mean_iterations": 100.0,
    "min_iterations": 100,
    "max_iterations": 100,
    "evaluation_mode": "v0"
}