{
    "objective_name": "rastrigin",
    "num_runs": 5,
    "mean_best_value": 0.19899181141865815,
    "std_best_value": 0.39798362283731625,
    "min_best_value": 5.300375378683475e-149,
    "max_best_value": 0.9949590570932908,
    "mean_elapsed_time_s": 0.05998056000098586,
    "std_elapsed_time_s": 0.0030872422924115035,
    "mean_iterations": 500.0,
    "min_iterations": 500,
    "max_iterations": 500
}