{
    "objective_name": "rastrigin",
    "num_runs": 5,
    "mean_best_value": 1.144153198031451e-49,
    "std_best_value": 2.2071216817393356e-49,
    "min_best_value": 6.330692328259149e-53,
    "max_best_value": 5.556716123462353e-49,
    "mean_elapsed_time_s": 0.0605963000562042,
    "std_elapsed_time_s": 0.004055937765001331,
    "mean_iterations": 500.0,
    "min_iterations": 500,
    "max_iterations": 500
}