{
    "objective_name": "rastrigin",
    "num_runs": 5,
    "mean_best_value": 7.743776588184049e-07,
    "std_best_value": 9.832546463204402e-07,
    "min_best_value": 5.44250149256545e-10,
    "max_best_value": 2.6569979683485227e-06,
    "mean_elapsed_time_s": 0.011960780015215278,
    "std_elapsed_time_s": 0.0001901339287347546,
    "mean_iterations": 100.0,
    "min_iterations": 100,
    "max_iterations": 100,
    "evaluation_mode": "v0"
}