{
    "objective_name": "rastrigin",
    "num_runs": 5,
    "mean_best_value": 4.304536755235635e-132,
    "std_best_value": 8.598277036760732e-132,
    "min_best_value": 9.376458848223403e-138,
    "max_best_value": 2.1501087418928982e-131,
    "mean_elapsed_time_s": 0.058924539992585775,
    "std_elapsed_time_s": 0.0004255755472597666,
    "mean_iterations": 500.0,
    "min_iterations": 500,
    "max_iterations": 500
}