{
    "objective_name": "rastrigin",
    "num_runs": 5,
    "mean_best_value": 7.638488166695825e-59,
    "std_best_value": 8.901570225340809e-59,
    "min_best_value": 2.363044304373119e-61,
    "max_best_value": 2.432826473226448e-58,
    "mean_elapsed_time_s": 0.06126104001887143,
    "std_elapsed_time_s": 0.0035686968180246676,
    "mean_iterations": 500.0,
    "min_iterations": 500,
    "max_iterations": 500
}