{
    "objective_name": "rastrigin",
    "num_runs": 5,
    "mean_best_value": 2.2177953699432675e-111,
    "std_best_value": 4.390524547430894e-111,
    "min_best_value": 4.604177989810987e-122,
    "max_best_value": 1.09985652624543e-110,
    "mean_elapsed_time_s": 0.06012489995919168,
    "std_elapsed_time_s": 0.0019671481339071806,
    "mean_iterations": 500.0,
    "min_iterations": 500,
    "max_iterations": 500
}