{
    "objective_name": "rastrigin",
    "num_runs": 5,
    "mean_best_value": 0.5117404847332723,
    "std_best_value": 0.5334049613370356,
    "min_best_value": 0.001281306805974493,
    "max_best_value": 1.2387339043023893,
    "mean_elapsed_time_s": 0.011745060002431274,
    "std_elapsed_time_s": 8.6528951256058e-05,
    "mean_iterations": 100.0,
    "min_iterations": 100,
    "max_iterations": 100,
    "evaluation_mode": "v0"
}