{
    "objective_name": "rastrigin",
    "num_runs": 5,
    "mean_best_value": 0.033680544573441204,
    "std_best_value": 0.031105852950960383,
    "min_best_value": 0.0049073333513893185,
    "max_best_value": 0.09056428001972235,
    "mean_elapsed_time_s": 0.011729760002344847,
    "std_elapsed_time_s": 1.080491627165849e-05,
    "mean_iterations": 100.0,
    "min_iterations": 100,
    "max_iterations": 100
}