{
    "objective_name": "rastrigin",
    "num_runs": 5,
    "mean_best_value": 2.9022947489107737e-09,
    "std_best_value": 3.509366751558339e-09,
    "min_best_value": 1.5510288890035374e-13,
    "max_best_value": 9.354230880397672e-09,
    "mean_elapsed_time_s": 0.01254420003388077,
    "std_elapsed_time_s": 0.0005465989098629889,
    "mean_iterations": 100.0,
    "min_iterations": 100,
    "max_iterations": 100
}