{
    "objective_name": "rastrigin",
    "num_runs": 5,
    "mean_best_value": 0.531796776876422,
    "std_best_value": 0.4240297071783181,
    "min_best_value": 0.00373177300302799,
    "max_best_value": 1.0356293055704697,
    "mean_elapsed_time_s": 0.011919260025024414,
    "std_elapsed_time_s": 0.0002448879543163211,
    "mean_iterations": 100.0,
    "min_iterations": 100,
    "max_iterations": 100,
    "evaluation_mode": "v0"
}