{
    "objective_name": "rastrigin",
    "num_runs": 5,
    "mean_best_value": 0.19955931811130292,
    "std_best_value": 0.3977013878937022,
    "min_best_value": 1.4922116147763871e-21,
    "max_best_value": 0.994959057093291,
    "mean_elapsed_time_s": 0.011957939993590117,
    "std_elapsed_time_s": 0.0001509931410667929,
    "mean_iterations": 100.0,
    "min_iterations": 100,
    "max_iterations": 100
}