{
    "objective_name": "rastrigin",
    "num_runs": 5,
    "mean_best_value": 1.269854671443768e-23,
    "std_best_value": 2.509777750236315e-23,
    "min_best_value": 1.2268970164446986e-31,
    "max_best_value": 6.28919715414063e-23,
    "mean_elapsed_time_s": 0.011882619978860021,
    "std_elapsed_time_s": 7.193281450557714e-05,
    "mean_iterations": 100.0,
    "min_iterations": 100,
    "max_iterations": 100
}