{
    "objective_name": "ackley",
    "num_runs": 5,
    "mean_best_value": 0.32094574745068033,
    "std_best_value": 0.3203636629962051,
    "min_best_value": 0.023183467691648918,
    "max_best_value": 0.8332892524939806,
    "mean_elapsed_time_s": 0.01441241999855265,
    "std_elapsed_time_s": 0.00016317239696508545,
    "mean_iterations": 100.0,
    "min_iterations": 100,
    "max_iterations": 100
}