{
    "objective_name": "ackley",
    "num_runs": 5,
    "mean_best_value": 1.0070425543240446e-06,
    "std_best_value": 9.289154756153459e-07,
    "min_best_value": 1.1128028321039096e-07,
    "max_best_value": 2.49448692857257e-06,
    "mean_elapsed_time_s": 0.014270040020346642,
    "std_elapsed_time_s": 0.00012637476673414764,
    "mean_iterations": 100.0,
    "min_iterations": 100,
    "max_iterations": 100
}