{
    "objective_name": "ackley",
    "num_runs": 5,
    "mean_best_value": 7.549516567451064e-15,
    "std_best_value": 2.2469334198890887e-15,
    "min_best_value": 3.9968028886505635e-15,
    "max_best_value": 1.1102230246251565e-14,
    "mean_elapsed_time_s": 0.015014839987270535,
    "std_elapsed_time_s": 0.0007136055558477601,
    "mean_iterations": 100.0,
    "min_iterations": 100,
    "max_iterations": 100
}