{
    "objective_name": "ackley",
    "num_runs": 5,
    "mean_best_value": 0.0007785583807444318,
    "std_best_value": 0.0005392958176807331,
    "min_best_value": 0.0001315031449782289,
    "max_best_value": 0.0016792139755605895,
    "mean_elapsed_time_s": 0.014193059992976487,
    "std_elapsed_time_s": 8.528160377303505e-05,
    "mean_iterations": 100.0,
    "min_iterations": 100,
    "max_iterations": 100
}