{
    "objective_name": "ackley",
    "num_runs": 5,
    "mean_best_value": 4.694022948115162e-13,
    "std_best_value": 3.7957216886208727e-13,
    "min_best_value": 9.281464485866309e-14,
    "max_best_value": 1.1337597527472099e-12,
    "mean_elapsed_time_s": 0.01446797999087721,
    "std_elapsed_time_s": 0.00037541375525242717,
    "mean_iterations": 100.0,
    "min_iterations": 100,
    "max_iterations": 100
}