{
    "objective_name": "ackley",
    "num_runs": 5,
    "mean_best_value": 8.34658381477772,
    "std_best_value": 4.209760402464308,
    "min_best_value": 5.016331735314001,
    "max_best_value": 16.540391111840343,
    "mean_elapsed_time_s": 0.01751546000596136,
    "std_elapsed_time_s": 0.0009747911680322421,
    "mean_iterations": 100.0,
    "min_iterations": 100,
    "max_iterations": 100,
    "evaluation_mode": "sequential"
}