{
    "objective_name": "rastrigin",
    "num_runs": 5,
    "mean_best_value": 169.36803772851692,
    "std_best_value": 44.10803395876971,
    "min_best_value": 110.65841750442839,
    "max_best_value": 231.06342066413467,
    "mean_elapsed_time_s": 0.015278079966083168,
    "std_elapsed_time_s": 0.001280640130954142,
    "mean_iterations": 100.0,
    "min_iterations": 100,
    "max_iterations": 100
}