{
    "objective_name": "rastrigin",
    "num_runs": 5,
    "mean_best_value": 169.36803772851692,
    "std_best_value": 44.10803395876972,
    "min_best_value": 110.65841750442837,
    "max_best_value": 231.0634206641347,
    "mean_elapsed_time_s": 0.012748920009471476,
    "std_elapsed_time_s": 0.0006774560262446468,
    "mean_iterations": 100.0,
    "min_iterations": 100,
    "max_iterations": 100
}