{
    "objective_name": "rosenbrock",
    "num_runs": 5,
    "mean_best_value": 228.67717691460115,
    "std_best_value": 412.39044315025535,
    "min_best_value": 14.560150403852303,
    "max_best_value": 1053.4066576537327,
    "mean_elapsed_time_s": 0.06996617999393492,
    "std_elapsed_time_s": 0.0018474579719133166,
    "mean_iterations": 500.0,
    "min_iterations": 500,
    "max_iterations": 500
}