{
    "objective_name": "ackley",
    "num_runs": 5,
    "mean_best_value": 1.0071439021874795e-05,
    "std_best_value": 9.096594154405052e-06,
    "min_best_value": 4.89256447355757e-07,
    "max_best_value": 2.567074684067805e-05,
    "mean_elapsed_time_s": 0.26766361996997146,
    "std_elapsed_time_s": 0.0028061507943445982,
    "mean_iterations": 100.0,
    "min_iterations": 100,
    "max_iterations": 100,
    "evaluation_mode": "v2"
}