{
    "objective_name": "ackley",
    "num_runs": 5,
    "mean_best_value": 0.0297595030875482,
    "std_best_value": 0.020086340881376237,
    "min_best_value": 0.0049000723450665085,
    "max_best_value": 0.0641614396473078,
    "mean_elapsed_time_s": 0.2648463000077754,
    "std_elapsed_time_s": 0.005679962381506487,
    "mean_iterations": 100.0,
    "min_iterations": 100,
    "max_iterations": 100
}