{
    "objective_name": "ackley",
    "num_runs": 5,
    "mean_best_value": 3.2862601528904635e-15,
    "std_best_value": 1.4210854715202005e-15,
    "min_best_value": 4.440892098500626e-16,
    "max_best_value": 3.9968028886505635e-15,
    "mean_elapsed_time_s": 0.2659409000305459,
    "std_elapsed_time_s": 0.0072476904969109735,
    "mean_iterations": 100.0,
    "min_iterations": 100,
    "max_iterations": 100
}