{
    "objective_name": "ackley",
    "num_runs": 5,
    "mean_best_value": 0.006949021370148234,
    "std_best_value": 0.005029377782982447,
    "min_best_value": 0.0011832594746192804,
    "max_best_value": 0.013083811658273437,
    "mean_elapsed_time_s": 0.5542205799836666,
    "std_elapsed_time_s": 0.008543032633668948,
    "mean_iterations": 500.0,
    "min_iterations": 500,
    "max_iterations": 500
}