{
    "objective_name": "ackley",
    "num_runs": 5,
    "mean_best_value": 0.0002541743752442649,
    "std_best_value": 0.0002993774891865552,
    "min_best_value": 9.491822063001365e-06,
    "max_best_value": 0.0007753481873717938,
    "mean_elapsed_time_s": 0.5674764999886974,
    "std_elapsed_time_s": 0.014856314809381205,
    "mean_iterations": 500.0,
    "min_iterations": 500,
    "max_iterations": 500
}