{
    "objective_name": "ackley",
    "num_runs": 5,
    "mean_best_value": 0.0007785583807444318,
    "std_best_value": 0.0005392958176807331,
    "min_best_value": 0.0001315031449782289,
    "max_best_value": 0.0016792139755605895,
    "mean_elapsed_time_s": 0.26436806002166124,
    "std_elapsed_time_s": 0.005026821695640134,
    "mean_iterations": 100.0,
    "min_iterations": 100,
    "max_iterations": 100
}