{
    "objective_name": "ackley",
    "num_runs": 5,
    "mean_best_value": 0.0035262317051174994,
    "std_best_value": 0.0022632438301075602,
    "min_best_value": 0.0007534841098011391,
    "max_best_value": 0.006643418033391857,
    "mean_elapsed_time_s": 0.559004980023019,
    "std_elapsed_time_s": 0.014461117962329273,
    "mean_iterations": 500.0,
    "min_iterations": 500,
    "max_iterations": 500
}