{
    "objective_name": "ackley",
    "num_runs": 5,
    "mean_best_value": 0.05302827576579831,
    "std_best_value": 0.050578996246452394,
    "min_best_value": 0.00034016862113306345,
    "max_best_value": 0.1263929046532053,
    "mean_elapsed_time_s": 0.5672478000167758,
    "std_elapsed_time_s": 0.02365432615728214,
    "mean_iterations": 500.0,
    "min_iterations": 500,
    "max_iterations": 500
}