{
    "objective_name": "ackley",
    "num_runs": 5,
    "mean_best_value": 0.03244169258724598,
    "std_best_value": 0.01950761712011826,
    "min_best_value": 0.006075861186144227,
    "max_best_value": 0.06651933347880545,
    "mean_elapsed_time_s": 0.5574515599757432,
    "std_elapsed_time_s": 0.00961841741971152,
    "mean_iterations": 500.0,
    "min_iterations": 500,
    "max_iterations": 500
}