{
    "objective": "rosenbrock",
    "evaluation_mode": "multiprocessing",
    "best_value": 8.484235399429278e-12,
    "best_position": [
        0.9999997166117515,
        0.9999991433283176
    ],
    "elapsed_time_s": 0.26850959996227175,
    "iterations_completed": 100,
    "best_value_history": [
        0.050604342075401265,
        0.050604342075401265,
        0.050604342075401265,
        0.050604342075401265,
        0.011555212025121634,
        0.011555212025121634,
        0.002714454842878179,
        0.002714454842878179,
        0.002714454842878179,
        0.002714454842878179,
        0.002260398078221002,
        9.734014410347128e-05,
        9.734014410347128e-05,
        9.734014410347128e-05,
        9.734014410347128e-05,
        9.734014410347128e-05,
        7.621859504978131e-05,
        7.621859504978131e-05,
        7.621859504978131e-05,
        7.621859504978131e-05,
        7.621859504978131e-05,
        6.898442330325896e-05,
        6.898442330325896e-05,
        6.268459041683113e-05,
        6.268459041683113e-05,
        6.268459041683113e-05,
        2.707987377794294e-05,
        2.707987377794294e-05,
        2.650345029425009e-06,
        2.650345029425009e-06,
        2.650345029425009e-06,
        2.650345029425009e-06,
        2.650345029425009e-06,
        2.650345029425009e-06,
        2.650345029425009e-06,
        2.594545814590193e-06,
        1.2273134661923323e-07,
        1.2273134661923323e-07,
        1.2273134661923323e-07,
        1.2273134661923323e-07,
        7.916569913920782e-08,
        7.916569913920782e-08,
        7.916569913920782e-08,
        7.916569913920782e-08,
        7.916569913920782e-08,
        9.80229093054127e-09,
        9.80229093054127e-09,
        9.80229093054127e-09,
        1.9388342734723824e-09,
        2.645228672387542e-10,
        2.645228672387542e-10,
        2.645228672387542e-10,
        2.645228672387542e-10,
        2.645228672387542e-10,
        2.6354816116903617e-10,
        2.6354816116903617e-10,
        2.6354816116903617e-10,
        2.6354816116903617e-10,
        2.6354816116903617e-10,
        1.6765420654565545e-10,
        1.6765420654565545e-10,
        1.6765420654565545e-10,
        1.6765420654565545e-10,
        1.6765420654565545e-10,
        1.6765420654565545e-10,
        1.6765420654565545e-10,
        1.6765420654565545e-10,
        1.6765420654565545e-10,
        1.6355390709011242e-10,
        1.6355390709011242e-10,
        1.6355390709011242e-10,
        1.2775921954788996e-10,
        1.243077324240997e-10,
        1.243077324240997e-10,
        1.1766804517471109e-10,
        1.1766804517471109e-10,
        1.1384454090128258e-10,
        1.1185741429820634e-10,
        1.1185741429820634e-10,
        1.1174455425442783e-10,
        1.1167943943006724e-10,
        1.1167943943006724e-10,
        1.116667840028349e-10,
        1.116667840028349e-10,
        1.116667840028349e-10,
        8.88046398301035e-11,
        8.88046398301035e-11,
        8.88046398301035e-11,
        8.88046398301035e-11,
        6.083190779303805e-11,
        3.745100697965537e-11,
        3.745100697965537e-11,
        3.745100697965537e-11,
        3.745100697965537e-11,
        3.745100697965537e-11,
        9.094187882469673e-12,
        9.094187882469673e-12,
        9.094187882469673e-12,
        9.094187882469673e-12,
        8.484235399429278e-12
    ],
    "swarm_position_history": null,
    "timing_stats": {
        "total_time_s": 0.2685034000314772,
        "fitness_time_s": 0.2636500005610287,
        "velocity_update_time_s": 0.00155740010086447,
        "position_update_time_s": 0.0007009998662397265
    },
    "config": {
        "num_particles": 30,
        "dimensions": 2,
        "max_iterations": 100,
        "inertia_weight": 0.4,
        "cognitive_coefficient": 1.5,
        "social_coefficient": 1.5,
        "seed": 0,
        "tolerance": 0.0,
        "stagnation_patience": null,
        "track_history": true,
        "track_swarm_history": false
    }
}