{
    "objective_name": "rastrigin",
    "num_runs": 5,
    "mean_best_value": 2.2401660118021028e-07,
    "std_best_value": 3.882317034855928e-07,
    "min_best_value": 2.1195916133365245e-09,
    "max_best_value": 9.985864650730036e-07,
    "mean_elapsed_time_s": 0.023384359996998682,
    "std_elapsed_time_s": 0.000625978635420422,
    "mean_iterations": 100.0,
    "min_iterations": 100,
    "max_iterations": 100
}