{
    "objective_name": "rastrigin",
    "num_runs": 5,
    "mean_best_value": 0.0015752798916750521,
    "std_best_value": 0.0014339783752988077,
    "min_best_value": 1.0225895479720748e-05,
    "max_best_value": 0.0036387817357734775,
    "mean_elapsed_time_s": 0.023154619993874803,
    "std_elapsed_time_s": 0.00016451608824802938,
    "mean_iterations": 100.0,
    "min_iterations": 100,
    "max_iterations": 100
}