{
    "objective_name": "rastrigin",
    "num_runs": 5,
    "mean_best_value": 7.16227077646181e-13,
    "std_best_value": 1.0233853068084189e-12,
    "min_best_value": 0.0,
    "max_best_value": 2.7071678232459817e-12,
    "mean_elapsed_time_s": 0.023461959994165227,
    "std_elapsed_time_s": 0.0004725164788228441,
    "mean_iterations": 100.0,
    "min_iterations": 100,
    "max_iterations": 100
}