{
    "objective_name": "rastrigin",
    "num_runs": 5,
    "mean_best_value": 0.0032988211943525414,
    "std_best_value": 0.0018770847321573545,
    "min_best_value": 0.0001270484702331487,
    "max_best_value": 0.005418808165046585,
    "mean_elapsed_time_s": 0.02318404000834562,
    "std_elapsed_time_s": 0.0002402678771446729,
    "mean_iterations": 100.0,
    "min_iterations": 100,
    "max_iterations": 100
}