{
    "objective_name": "rastrigin",
    "num_runs": 5,
    "mean_best_value": 1.049826892085548e-10,
    "std_best_value": 1.4512775725236144e-10,
    "min_best_value": 1.9753088054130785e-12,
    "max_best_value": 3.736388975994487e-10,
    "mean_elapsed_time_s": 0.023421859997324646,
    "std_elapsed_time_s": 0.000276244787109387,
    "mean_iterations": 100.0,
    "min_iterations": 100,
    "max_iterations": 100
}