{
    "objective_name": "ackley",
    "num_runs": 5,
    "mean_best_value": 7.204964034190908e-06,
    "std_best_value": 3.84982287142879e-06,
    "min_best_value": 3.2273934675863813e-06,
    "max_best_value": 1.2741858367082415e-05,
    "mean_elapsed_time_s": 0.03724646000191569,
    "std_elapsed_time_s": 0.0011482006573165927,
    "mean_iterations": 100.0,
    "min_iterations": 100,
    "max_iterations": 100,
    "evaluation_mode": "pyswarm"
}