{
    "objective_name": "rastrigin",
    "num_runs": 5,
    "mean_best_value": 1.9788111162904694e-09,
    "std_best_value": 2.113257357068093e-09,
    "min_best_value": 3.006505977031789e-10,
    "max_best_value": 5.5765783354462945e-09,
    "mean_elapsed_time_s": 0.033862160006538036,
    "std_elapsed_time_s": 0.0002048042155800743,
    "mean_iterations": 100.0,
    "min_iterations": 100,
    "max_iterations": 100,
    "evaluation_mode": "pyswarm"
}