{
    "objective_name": "rosenbrock",
    "num_runs": 5,
    "mean_best_value": 6.046534545579042e-05,
    "std_best_value": 6.576382601040339e-05,
    "min_best_value": 1.350682453817154e-06,
    "max_best_value": 0.00018531318200125922,
    "mean_elapsed_time_s": 0.03643518001772463,
    "std_elapsed_time_s": 0.0030925486623259494,
    "mean_iterations": 100.0,
    "min_iterations": 100,
    "max_iterations": 100,
    "evaluation_mode": "pyswarm"
}