{
    "objective_name": "sphere",
    "num_runs": 5,
    "mean_best_value": 2.2712518224889178e-13,
    "std_best_value": 2.3548407026138565e-13,
    "min_best_value": 8.076168924689427e-15,
    "max_best_value": 6.673430998773788e-13,
    "mean_elapsed_time_s": 0.030131739983335137,
    "std_elapsed_time_s": 0.0013218463061023555,
    "mean_iterations": 100.0,
    "min_iterations": 100,
    "max_iterations": 100,
    "evaluation_mode": "pyswarm"
}