{
    "objective_name": "sphere",
    "num_runs": 5,
    "mean_best_value": 1.1751581761370122e-14,
    "std_best_value": 1.4466041871437972e-14,
    "min_best_value": 1.6312538702483398e-18,
    "max_best_value": 3.3377824642100464e-14,
    "mean_elapsed_time_s": 0.554419120028615,
    "std_elapsed_time_s": 0.011754123879086881,
    "mean_iterations": 500.0,
    "min_iterations": 500,
    "max_iterations": 500
}