{
    "objective_name": "sphere",
    "num_runs": 5,
    "mean_best_value": 3.5475431640018345e-165,
    "std_best_value": 0.0,
    "min_best_value": 8.851602153486103e-168,
    "max_best_value": 1.0543140094521933e-164,
    "mean_elapsed_time_s": 0.5537026200210675,
    "std_elapsed_time_s": 0.009706878485358608,
    "mean_iterations": 500.0,
    "min_iterations": 500,
    "max_iterations": 500
}