{
    "objective_name": "sphere",
    "num_runs": 5,
    "mean_best_value": 1.412155244441874e-51,
    "std_best_value": 1.4682524750064834e-51,
    "min_best_value": 3.7387933739599704e-54,
    "max_best_value": 3.199617893284095e-51,
    "mean_elapsed_time_s": 0.5537539199693129,
    "std_elapsed_time_s": 0.004466527646677001,
    "mean_iterations": 500.0,
    "min_iterations": 500,
    "max_iterations": 500
}