{
    "objective_name": "sphere",
    "num_runs": 5,
    "mean_best_value": 1.0873249900392263e-06,
    "std_best_value": 1.258629905874097e-06,
    "min_best_value": 1.095114507544442e-08,
    "max_best_value": 3.304672967357479e-06,
    "mean_elapsed_time_s": 0.5408502999925986,
    "std_elapsed_time_s": 0.022734490186910615,
    "mean_iterations": 500.0,
    "min_iterations": 500,
    "max_iterations": 500
}