{
    "objective_name": "sphere",
    "num_runs": 5,
    "mean_best_value": 0.0006787164274168837,
    "std_best_value": 0.000569608462113732,
    "min_best_value": 8.381454096874678e-05,
    "max_best_value": 0.0017069681420668384,
    "mean_elapsed_time_s": 0.2670088400132954,
    "std_elapsed_time_s": 0.008527134944607507,
    "mean_iterations": 100.0,
    "min_iterations": 100,
    "max_iterations": 100,
    "evaluation_mode": "v2"
}