{
    "objective_name": "sphere",
    "num_runs": 5,
    "mean_best_value": 4.828865418102989e-16,
    "std_best_value": 8.309110248763663e-16,
    "min_best_value": 3.06165216619985e-17,
    "max_best_value": 2.1439090575198816e-15,
    "mean_elapsed_time_s": 0.25969674000516535,
    "std_elapsed_time_s": 0.00412787668046867,
    "mean_iterations": 100.0,
    "min_iterations": 100,
    "max_iterations": 100
}