{
    "objective_name": "sphere",
    "num_runs": 5,
    "mean_best_value": 2.039219979642338e-29,
    "std_best_value": 4.0417701177679063e-29,
    "min_best_value": 2.990256169567954e-33,
    "max_best_value": 1.0122708927559886e-28,
    "mean_elapsed_time_s": 0.5458248400362209,
    "std_elapsed_time_s": 0.011576623388362066,
    "mean_iterations": 500.0,
    "min_iterations": 500,
    "max_iterations": 500
}