{
    "objective_name": "sphere",
    "num_runs": 5,
    "mean_best_value": 4.0528621644310537e-144,
    "std_best_value": 7.974635671132389e-144,
    "min_best_value": 1.9402051336708658e-148,
    "max_best_value": 2.0001315116759853e-143,
    "mean_elapsed_time_s": 0.5487430000212044,
    "std_elapsed_time_s": 0.020470007605007844,
    "mean_iterations": 500.0,
    "min_iterations": 500,
    "max_iterations": 500
}