{
    "objective_name": "rastrigin",
    "num_runs": 5,
    "mean_best_value": 2.381989774286436e-08,
    "std_best_value": 3.3639401038022164e-08,
    "min_best_value": 1.2142651303644046e-11,
    "max_best_value": 8.822687898092475e-08,
    "mean_elapsed_time_s": 0.012164739985018968,
    "std_elapsed_time_s": 0.00039067817986180485,
    "mean_iterations": 100.0,
    "min_iterations": 100,
    "max_iterations": 100
}