{
    "objective_name": "sphere",
    "num_runs": 5,
    "mean_best_value": 5.308279408872851e-53,
    "std_best_value": 6.553632062414125e-53,
    "min_best_value": 1.2285845227732484e-57,
    "max_best_value": 1.8202679909497317e-52,
    "mean_elapsed_time_s": 0.0323796599637717,
    "std_elapsed_time_s": 0.0010631665051571008,
    "mean_iterations": 500.0,
    "min_iterations": 500,
    "max_iterations": 500
}