{
    "objective_name": "sphere",
    "num_runs": 2,
    "mean_best_value": 1.3280458473656777e-12,
    "std_best_value": 1.32082365241193e-12,
    "min_best_value": 7.2221949537478e-15,
    "max_best_value": 2.648869499777608e-12,
    "mean_elapsed_time_s": 0.006545600015670061,
    "std_elapsed_time_s": 0.000192799954675138,
    "mean_iterations": 100.0,
    "min_iterations": 100,
    "max_iterations": 100
}