{
    "objective": "rosenbrock",
    "evaluation_mode": null,
    "best_value": 2.0347467833225203,
    "best_position": [
        0.9883681530989757,
        0.9674745028351643,
        0.9425578910284116,
        0.8996547930861213,
        0.8127058159594824,
        0.6649107814709558,
        0.453676537234461,
        0.22219673795035955,
        0.05132939353504145,
        0.002569905827942742
    ],
    "elapsed_time_s": 0.06607850000727922,
    "iterations_completed": 500,
    "best_value_history": [
        424.37982110330495,
        422.8775004650737,
        220.54235885333784,
        220.54235885333784,
        220.54235885333784,
        184.24614167509657,
        130.4376927852885,
        130.4376927852885,
        122.55923968149766,
        90.82742913030378,
        90.82742913030378,
        90.82742913030378,
        90.82742913030378,
        90.82742913030378,
        53.93428592831119,
        53.93428592831119,
        44.17551938327301,
        43.271960994553325,
        39.72287954504799,
        39.72287954504799,
        27.07521477606387,
        16.164106970809442,
        16.164106970809442,
        16.164106970809442,
        16.164106970809442,
        15.077276283440177,
        15.077276283440177,
        15.077276283440177,
        14.863523247414687,
        14.559975299153914,
        14.559975299153914,
        14.559975299153914,
        14.280283169683797,
        13.527874260919283,
        11.086144036070337,
        10.327855011890101,
        10.327855011890101,
        9.66464528800614,
        9.639716007983955,
        9.639716007983955,
        9.639716007983955,
        9.42845564561101,
        9.42845564561101,
        9.18005915863441,
        9.050982760224349,
        8.936616548209066,
        8.779382649289497,
        8.606421759074724,
        8.606421759074724,
        8.606421759074724,
        8.606421759074724,
        8.591041745566244,
        8.41896382921789,
        8.41896382921789,
        8.298913034080606,
        8.298913034080606,
        8.283800302920971,
        8.245395926142614,
        8.24068882763051,
        8.229366047887662,
        8.179393002447151,
        8.179393002447151,
        8.126401856550206,
        8.126401856550206,
        8.116220174318101,
        8.087157156509678,
        8.036113792658979,
        8.014840410945709,
        7.977607734759907,
        7.956612722969833,
        7.943626389984984,
        7.9004328512007955,
        7.875662756001643,
        7.8562417883245,
        7.832489240284005,
        7.805354771861449,
        7.780689753256148,
        7.7642183656794845,
        7.747803534141342,
        7.7191850733399585,
        7.707746241405373,
        7.633190851235174,
        7.52386300722048,
        7.507950222447351,
        7.438280975934346,
        7.431989826602022,
        7.356590888785231,
        7.335606486909852,
        7.234495683329335,
        7.1634750660052795,
        7.076351773085571,
        7.016195837739158,
        7.016195837739158,
        6.976532991729076,
        6.952721297513098,
        6.917704009220777,
        6.759177347162071,
        6.759177347162071,
        6.759177347162071,
        6.759177347162071,
        6.707589205896964,
        6.662258313224957,
        6.662258313224957,
        6.662258313224957,
        6.658279587112925,
        6.658279587112925,
        6.624562477363242,
        6.60163092643362,
        6.554382195633742,
        6.553905642974774,
        6.455948547797588,
        6.379225619743299,
        6.330743963702445,
        6.313937327782323,
        6.247121248850462,
        6.18291975680638,
        6.18291975680638,
        6.18291975680638,
        6.18291975680638,
        6.181047295641138,
        6.137890235151957,
        6.096981092399875,
        6.096981092399875,
        6.0610912195632265,
        6.0610912195632265,
        6.041332523166013,
        6.038484133349621,
        6.038484133349621,
        6.037763352775648,
        6.012723897247114,
        6.012155937560572,
        6.012155937560572,
        5.949377490536636,
        5.949377490536636,
        5.949377490536636,
        5.94295325183548,
        5.94295325183548,
        5.928529988765049,
        5.8397210421385735,
        5.794473909107041,
        5.734435283025009,
        5.7326720638506785,
        5.676116539706989,
        5.622605144992004,
        5.622605144992004,
        5.529661429687714,
        5.529661429687714,
        5.526770034299858,
        5.523529559016191,
        5.486237122591953,
        5.479300574188942,
        5.479300574188942,
        5.471275559198592,
        5.466144780899944,
        5.449604985685308,
        5.449604985685308,
        5.449604985685308,
        5.445488154416283,
        5.445488154416283,
        5.4264182922094815,
        5.4259169181486,
        5.419613309687955,
        5.419613309687955,
        5.406430430512938,
        5.406430430512938,
        5.402286427428516,
        5.402286427428516,
        5.401542189451617,
        5.39684026979635,
        5.329290511210115,
        5.329290511210115,
        5.3140397836344855,
        5.295109794254494,
        5.270461459082386,
        5.255035648385129,
        5.255035648385129,
        5.2475445541662,
        5.188170078977277,
        5.162040084661618,
        5.162040084661618,
        5.162040084661618,
        5.12983085672338,
        5.12983085672338,
        5.12983085672338,
        5.12983085672338,
        5.1274903774074865,
        5.119209096431268,
        5.119209096431268,
        5.119209096431268,
        5.1181616059227775,
        5.1181616059227775,
        5.1181616059227775,
        5.09941397274442,
        5.073755863061023,
        5.072782753450905,
        5.044216622246901,
        5.030292627619902,
        4.996846391779667,
        4.996846391779667,
        4.996846391779667,
        4.993484863699403,
        4.993484863699403,
        4.993484863699403,
        4.993484863699403,
        4.953374521088863,
        4.953374521088863,
        4.953374521088863,
        4.952492522098847,
        4.952492522098847,
        4.935718680526402,
        4.935718680526402,
        4.9295977843218255,
        4.9187020595142465,
        4.916823268555157,
        4.911179979963404,
        4.90798688402864,
        4.90798688402864,
        4.906526152772182,
        4.906526152772182,
        4.9001879473298,
        4.9001879473298,
        4.890897234262952,
        4.879319458181525,
        4.87388424829224,
        4.857895546651954,
        4.857895546651954,
        4.848100933656183,
        4.834752295853141,
        4.814019680839222,
        4.812834193241985,
        4.804495183640733,
        4.784361385175207,
        4.772893972469743,
        4.771530155023875,
        4.769303791125819,
        4.765825312358454,
        4.765825312358454,
        4.752035257281043,
        4.742472356639119,
        4.741214761751869,
        4.719562599389377,
        4.704165942867149,
        4.693274689011406,
        4.675733952910667,
        4.665576809661816,
        4.642521101794176,
        4.637842367704501,
        4.624043151097275,
        4.613325122669774,
        4.603283186837857,
        4.587766543013863,
        4.58575123462046,
        4.5714800043256965,
        4.565219969490694,
        4.556980734199322,
        4.54070135852195,
        4.534657198304028,
        4.527605209859872,
        4.527605209859872,
        4.525304281118343,
        4.507415532352722,
        4.494173681022412,
        4.4864150764067,
        4.477072981636028,
        4.467501525368267,
        4.459006939134854,
        4.448466107261352,
        4.429585645006892,
        4.417710777008639,
        4.404279017196268,
        4.392932107839591,
        4.375325136810924,
        4.360186134405132,
        4.354942445432624,
        4.348462325035722,
        4.341572467753979,
        4.323546728147499,
