{
    "objective": "rosenbrock",
    "evaluation_mode": null,
    "best_value": 2.2796769394526892,
    "best_position": [
        0.9800649101922922,
        0.9635033329624814,
        0.9317315031070333,
        0.8805375246312537,
        0.7837482155166104,
        0.6170752913684152,
        0.38801157378209267,
        0.15724040037712186,
        0.028633878676822468,
        -0.001951507851447665
    ],
    "elapsed_time_s": 0.06915009999647737,
    "iterations_completed": 500,
    "best_value_history": [
        662.4457567908044,
        518.8494045866385,
        518.8494045866385,
        485.2264132173592,
        485.2264132173592,
        310.79936483246706,
        273.3020593452848,
        262.99030979208334,
        160.31551859779296,
        160.31551859779296,
        105.52453041877598,
        105.52453041877598,
        105.52453041877598,
        105.52453041877598,
        105.52453041877598,
        94.10541967286568,
        94.10541967286568,
        94.10541967286568,
        85.71358601987063,
        81.2142896526496,
        81.2142896526496,
        72.40681609506154,
        58.591092435249244,
        54.990382276132806,
        29.669274742368078,
        29.669274742368078,
        25.7593908664209,
        25.7593908664209,
        25.7593908664209,
        22.464564487201198,
        22.464564487201198,
        17.986087472381413,
        17.986087472381413,
        17.986087472381413,
        17.622512572823503,
        17.622512572823503,
        16.1471146308681,
        11.349327016533053,
        11.349327016533053,
        11.349327016533053,
        10.49967454281036,
        10.445541430491243,
        9.31144270555887,
        8.935884239489416,
        8.935884239489416,
        8.626310613203206,
        8.626310613203206,
        8.06570515847775,
        8.01517492310045,
        7.863430739559319,
        7.355179476827061,
        7.355179476827061,
        7.349720803574037,
        7.349720803574037,
        7.144769552763932,
        7.144769552763932,
        7.144769552763932,
        7.133033477988349,
        7.051751132823621,
        7.051751132823621,
        7.051751132823621,
        7.0224076076902815,
        7.0224076076902815,
        7.0224076076902815,
        7.011020533645764,
        6.989129979722465,
        6.989129979722465,
        6.9789322397224005,
        6.9789322397224005,
        6.976443964510642,
        6.968429654291069,
        6.949237039571276,
        6.938926828260268,
        6.938926828260268,
        6.938612756140085,
        6.938612756140085,
        6.91594525584514,
        6.9093703427449125,
        6.9093703427449125,
        6.8964170059620065,
        6.891129378870819,
        6.881579636390609,
        6.871497416442081,
        6.853567191803714,
        6.853567191803714,
        6.853567191803714,
        6.852545858494477,
        6.847669676388023,
        6.8264197636264115,
        6.821913456734959,
        6.807363992623248,
        6.803969318942023,
        6.800193814164615,
        6.772909811427721,
        6.760809465622057,
        6.7459686124108496,
        6.739683906697365,
        6.709981051273943,
        6.708756907630571,
        6.657648459031135,
        6.641582516330644,
        6.615562099829871,
        6.565965287373829,
        6.565965287373829,
        6.559257184828069,
        6.559257184828069,
        6.521462319678847,
        6.48711082491368,
        6.47044015355709,
        6.454071125596212,
        6.4243459899850075,
        6.313116851734345,
        6.313116851734345,
        6.2980566112039105,
        6.2980566112039105,
        6.277478739908973,
        6.135079464404566,
        6.089227894735949,
        6.089227894735949,
        6.089227894735949,
        5.992662365573038,
        5.992662365573038,
        5.992662365573038,
        5.992662365573038,
        5.992662365573038,
        5.992662365573038,
        5.992662365573038,
        5.985112382222714,
        5.965902719495221,
        5.965902719495221,
        5.965902719495221,
        5.965485168534874,
        5.957204191477127,
        5.926854179499635,
        5.8677131542517165,
        5.847190698136053,
        5.827391796949129,
        5.825547674975218,
        5.806747735311076,
        5.801336380325982,
        5.796090545220006,
        5.775490794887788,
        5.775490794887788,
        5.756570495942061,
        5.750304101295854,
        5.732969661175762,
        5.696358344140527,
        5.696358344140527,
        5.671967813008724,
        5.654409237478044,
        5.638288823354303,
        5.608670630561503,
        5.5749547239657025,
        5.553085997818187,
        5.542037299248593,
        5.525333098572975,
        5.5018245288325645,
        5.474721809692802,
        5.464745167502304,
        5.457759564085622,
        5.457759564085622,
        5.451268814783558,
        5.451268814783558,
        5.438781248773686,
        5.42656015795472,
        5.416638539374788,
        5.362797973367358,
        5.346007804004012,
        5.31952652901758,
        5.295645567981447,
        5.281139950245743,
        5.26101463205946,
        5.254510180776277,
        5.22517088125574,
        5.215158306517897,
        5.176474357148256,
        5.157420774697809,
        5.134222296262913,
        5.09490371342834,
        5.080717300007719,
        5.072216678481383,
        5.05913762206246,
        5.057085931198708,
        5.0507296859504205,
        5.046441718182113,
        5.038022014476123,
        5.038022014476123,
        5.038022014476123,
        5.038022014476123,
        5.038022014476123,
        5.038022014476123,
        5.038022014476123,
        5.037102337008151,
        5.034212481935556,
        5.034212481935556,
        5.034212481935556,
        5.034212481935556,
        5.031411378486215,
        5.028199050318475,
        5.022450565543676,
        5.018753380414473,
        5.018753380414473,
        5.016397614510337,
        5.009594831953291,
        5.007826870298805,
        5.003053043553727,
        5.003053043553727,
        4.995182731305584,
        4.995182731305584,
        4.990592108634009,
        4.984713766875987,
        4.98113901487613,
        4.968117595699812,
        4.95913803351132,
        4.952184701853309,
        4.951000112146126,
        4.943724873818788,
        4.937449715084372,
        4.918081293394877,
        4.8491458041805116,
        4.809215052562704,
        4.786748088583764,
        4.7642427016983895,
        4.740229170698465,
        4.734201883877118,
        4.726571105389205,
        4.714715878061551,
        4.664528657714969,
        4.655263194594806,
        4.635718524745994,
        4.612539973103539,
        4.61202850613314,
        4.5933704504892425,
        4.5721991314436226,
        4.538431896856423,
        4.538431896856423,
        4.529695283351501,
        4.526074676214722,
        4.5211162782725385,
        4.4836329760883515,
        4.471233941806263,
        4.460072931425045,
        4.44483506185773,
        4.44356044723363,
        4.434101783341443,
        4.434101783341443,
        4.434101783341443,
        4.38855259459385,
        4.355250745315078,
        4.321730215167916,
        4.28113139428831,
        4.266312613057869,
        4.215144047987209,
        4.179652753261586,
        4.143795537032021,
        4.143795537032021,
        4.134546217673523,
        4.134546217673523,
        4.134546217673523,
        4.134546217673523,
        4.134546217673523,
        4.116199168958477,
        4.1031155060182805,
        4.102757163760615,
        4.093263846907876,
        4.090749139681768,
        4.08410357585851,
        4.080191530663557,
        4.078806604149447,
        4.0779112765052306,
        4.073626124003946,
        4.063638059808813,
        4.063638059808813,
        4.061975502317887,
        4.061975502317887,
        4.061131504017701,
