{
    "objective": "rosenbrock",
    "evaluation_mode": null,
    "best_value": 6.759177347162071,
    "best_position": [
        0.7162404444720044,
        0.5195380844515448,
        0.27683024803200806,
        0.06318341349601697,
        0.0072134637483187505,
        -0.003934822690598545,
        0.0027162673423643366,
        0.014764941515130015,
        -0.0037265828136066464,
        -0.016460014417484632
    ],
    "elapsed_time_s": 0.013467599987052381,
    "iterations_completed": 100,
    "best_value_history": [
        424.37982110330495,
        422.8775004650737,
        220.54235885333784,
        220.54235885333784,
        220.54235885333784,
        184.24614167509657,
        130.4376927852885,
        130.4376927852885,
        122.55923968149766,
        90.82742913030378,
        90.82742913030378,
        90.82742913030378,
        90.82742913030378,
        90.82742913030378,
        53.93428592831119,
        53.93428592831119,
        44.17551938327301,
        43.271960994553325,
        39.72287954504799,
        39.72287954504799,
        27.07521477606387,
        16.164106970809442,
        16.164106970809442,
        16.164106970809442,
        16.164106970809442,
        15.077276283440177,
        15.077276283440177,
        15.077276283440177,
        14.863523247414687,
        14.559975299153914,
        14.559975299153914,
        14.559975299153914,
        14.280283169683797,
        13.527874260919283,
        11.086144036070337,
        10.327855011890101,
        10.327855011890101,
        9.66464528800614,
        9.639716007983955,
        9.639716007983955,
        9.639716007983955,
        9.42845564561101,
        9.42845564561101,
        9.18005915863441,
        9.050982760224349,
        8.936616548209066,
        8.779382649289497,
        8.606421759074724,
        8.606421759074724,
        8.606421759074724,
        8.606421759074724,
        8.591041745566244,
        8.41896382921789,
        8.41896382921789,
        8.298913034080606,
        8.298913034080606,
        8.283800302920971,
        8.245395926142614,
        8.24068882763051,
        8.229366047887662,
        8.179393002447151,
        8.179393002447151,
        8.126401856550206,
        8.126401856550206,
        8.116220174318101,
        8.087157156509678,
        8.036113792658979,
        8.014840410945709,
        7.977607734759907,
        7.956612722969833,
        7.943626389984984,
        7.9004328512007955,
        7.875662756001643,
        7.8562417883245,
        7.832489240284005,
        7.805354771861449,
        7.780689753256148,
        7.7642183656794845,
        7.747803534141342,
        7.7191850733399585,
        7.707746241405373,
        7.633190851235174,
        7.52386300722048,
        7.507950222447351,
        7.438280975934346,
        7.431989826602022,
        7.356590888785231,
        7.335606486909852,
        7.234495683329335,
        7.1634750660052795,
        7.076351773085571,
        7.016195837739158,
        7.016195837739158,
        6.976532991729076,
        6.952721297513098,
        6.917704009220777,
        6.759177347162071,
        6.759177347162071,
        6.759177347162071,
        6.759177347162071
    ],
    "swarm_position_history": null,
    "timing_stats": {
        "total_time_s": 0.013461999944411218,
        "fitness_time_s": 0.011965899029746652,
        "velocity_update_time_s": 0.0006911997916176915,
        "position_update_time_s": 0.0003382002469152212
    },
    "config": {
        "num_particles": 30,
        "dimensions": 10,
        "max_iterations": 100,
        "inertia_weight": 0.7,
        "cognitive_coefficient": 1.5,
        "social_coefficient": 1.5,
        "seed": 2,
        "tolerance": 0.0,
        "stagnation_patience": null,
        "track_history": true,
        "track_swarm_history": false
    }
}