{
    "objective": "rosenbrock",
    "evaluation_mode": null,
    "best_value": 4.02140359170979,
    "best_position": [
        -0.9921450870077678,
        0.9952177945901834,
        0.9954504325060988,
        0.9933602469738609,
        0.9882000215904776,
        0.9772298033073337,
        0.955479584744443,
        0.9135267496705589,
        0.8346941924316076,
        0.6962547908602196
    ],
    "elapsed_time_s": 0.06891549995634705,
    "iterations_completed": 500,
    "best_value_history": [
        901.9909988209408,
        901.9909988209408,
        648.4944216994886,
        501.2751522247475,
        501.2751522247475,
        342.6801626692628,
        288.6719183433209,
        288.6719183433209,
        211.98812235358616,
        180.36659309589683,
        158.49252250204563,
        158.49252250204563,
        158.49252250204563,
        111.90872366261179,
        111.90872366261179,
        111.90872366261179,
        111.90872366261179,
        111.90872366261179,
        88.05679235076421,
        76.67950957768582,
        65.30022876130906,
        54.52264309245461,
        54.52264309245461,
        54.52264309245461,
        54.52264309245461,
        42.73121249697382,
        42.73121249697382,
        37.83422551539379,
        33.79253038917825,
        33.79253038917825,
        29.518472381316485,
        27.106301192776435,
        24.889457366206795,
        17.880065146653184,
        12.293120365037597,
        12.293120365037597,
        9.359971315827673,
        9.359971315827673,
        9.359971315827673,
        9.359971315827673,
        9.257511460788397,
        8.932810157053249,
        8.932810157053249,
        8.932810157053249,
        8.73315040114853,
        8.73315040114853,
        7.922328221728494,
        5.529387972397182,
        5.529387972397182,
        5.529387972397182,
        5.219489692739539,
        5.219489692739539,
        5.165388340792561,
        5.165388340792561,
        5.099971542471268,
        4.47146248018259,
        4.47146248018259,
        4.47146248018259,
        4.47146248018259,
        4.47146248018259,
        4.4201220643748735,
        4.4201220643748735,
        4.4201220643748735,
        4.4144501933215246,
        4.393393793751926,
        4.393393793751926,
        4.35062220155743,
        4.35062220155743,
        4.35062220155743,
        4.35062220155743,
        4.326611488480214,
        4.323745481765022,
        4.323745481765022,
        4.323745481765022,
        4.319145574666094,
        4.319145574666094,
        4.313570874568736,
        4.313570874568736,
        4.312465760021112,
        4.305321063293278,
        4.298752445525938,
        4.298752445525938,
        4.298752445525938,
        4.297101259150296,
        4.297101259150296,
        4.297101259150296,
        4.297101259150296,
        4.297101259150296,
        4.296924504384012,
        4.296924504384012,
        4.296924504384012,
        4.293600170597905,
        4.293161761796199,
        4.289868258159956,
        4.289868258159956,
        4.289868258159956,
        4.288811364954123,
        4.288811364954123,
        4.287984967864487,
        4.287757246789051,
        4.287757246789051,
        4.287757246789051,
        4.285704197017885,
        4.285704197017885,
        4.285218263451457,
        4.283933759763407,
        4.283796110220907,
        4.283796110220907,
        4.283796110220907,
        4.283459089597823,
        4.2824538689683935,
        4.281710728040631,
        4.281254082927782,
        4.280695118409687,
        4.280559195364485,
        4.27937182816467,
        4.277838001705099,
        4.277838001705099,
        4.277838001705099,
        4.277141771989306,
        4.276940320822623,
        4.276198563104373,
        4.2758839629667085,
        4.275256859152852,
        4.275066375040115,
        4.273931875432628,
        4.273100171891578,
        4.272515850673578,
        4.271071781656258,
        4.270638967001576,
        4.2685289023173425,
        4.267507945736807,
        4.266617958338544,
        4.2654625518037665,
        4.264391954555954,
        4.264112536859148,
        4.261564584848146,
        4.259957981955822,
        4.259743618737926,
        4.258684847009643,
        4.256328148408387,
        4.255772348026613,
        4.253008021343727,
        4.251234311542653,
        4.251234311542653,
        4.251234311542653,
        4.249300322542545,
        4.248420681265683,
        4.2466811370100235,
        4.245900460446891,
        4.243015724612582,
        4.241933217830796,
        4.23996267722607,
        4.238126782074563,
        4.238032166173845,
        4.237096400821707,
        4.2322079937396655,
        4.229998199421656,
        4.229969482196428,
        4.227601206755207,
        4.226270860598069,
        4.224549160051406,
        4.221936901448487,
        4.220133872488152,
        4.219470810101537,
        4.219180794642118,
        4.217102669579169,
        4.2162494036768825,
        4.212653512011688,
        4.211143821500864,
        4.208626195653842,
        4.207368960615385,
        4.204337041809643,
        4.2015718620106615,
        4.1985940058039155,
        4.1973878296360905,
        4.193858631156305,
        4.1925621782338025,
        4.190604017812199,
        4.189071734025259,
        4.188026818488622,
        4.185249885761818,
        4.183147672534506,
        4.180864450872899,
        4.179318785242901,
        4.178217517887418,
        4.17084977027243,
        4.1701118026765815,
        4.163918310107198,
        4.1622834565653815,
        4.160899368802409,
        4.155112405877442,
        4.1547993173801645,
        4.152964409837779,
        4.1501139592020895,
        4.146829274222529,
        4.139095337895721,
        4.13589457583055,
        4.13395726721983,
        4.1302812198486105,
        4.126672345735232,
        4.1237593563353965,
        4.120899512286104,
        4.119527888666149,
        4.118481002190611,
        4.117757061031152,
        4.117757061031152,
        4.113211242936238,
        4.113054677101827,
        4.112946247244797,
        4.112946247244797,
        4.112905528914221,
        4.1128914664165315,
        4.112137002231795,
        4.111344730527052,
        4.1105492515361535,
        4.1105492515361535,
        4.1105492515361535,
        4.109993396520962,
        4.109980018759993,
        4.109438860911463,
        4.109322071637298,
        4.109322071637298,
        4.109192336468839,
        4.109192336468839,
        4.109148370690495,
        4.109148370690495,
        4.10881594698901,
        4.108537121047782,
        4.108438436544975,
        4.108116981528287,
        4.108116981528287,
        4.108116981528287,
        4.108072718085829,
        4.107869611854921,
        4.107869611854921,
        4.107598940488729,
        4.107419748718933,
        4.107419748718933,
        4.106988881933266,
        4.106930050378305,
        4.106763319445731,
        4.1067456916117635,
        4.10658266343979,
        4.10625437344113,
        4.10625437344113,
        4.106214919890746,
        4.105519915015048,
        4.105519915015048,
        4.104809845474083,
        4.1047911108145625,
        4.10474903997105,
        4.1043569155268,
        4.103619160829711,
        4.102796499830931,
        4.101867631073849,
        4.101652995822738,
        4.100785979289657,
        4.100609155532187,
        4.099704740610842,
        4.098915917165319,
        4.0985035768791604,
        4.097953486944337,
        4.097483373916835,
        4.097218018580152,
        4.096813985211558,
        4.096813985211558,
        4.09612454331401,
        4.095800995292077,
        4.095554877568972,
        4.094970441067446,
        4.094340791281141,
        4.09406298419653,
        4.093537374867164,
        4.093164231638743,
        4.092665140875723,
