{
    "objective": "rosenbrock",
    "evaluation_mode": null,
    "best_value": 4.287757246789051,
    "best_position": [
        -0.9884850030396529,
        0.990567306305531,
        0.9892155900899356,
        0.9799967270754107,
        0.9633076026418469,
        0.9268845637262363,
        0.8592292376311939,
        0.7362304325482966,
        0.5416089309381067,
        0.29061222553852617
    ],
    "elapsed_time_s": 0.013269799994304776,
    "iterations_completed": 100,
    "best_value_history": [
        901.9909988209408,
        901.9909988209408,
        648.4944216994886,
        501.2751522247475,
        501.2751522247475,
        342.6801626692628,
        288.6719183433209,
        288.6719183433209,
        211.98812235358616,
        180.36659309589683,
        158.49252250204563,
        158.49252250204563,
        158.49252250204563,
        111.90872366261179,
        111.90872366261179,
        111.90872366261179,
        111.90872366261179,
        111.90872366261179,
        88.05679235076421,
        76.67950957768582,
        65.30022876130906,
        54.52264309245461,
        54.52264309245461,
        54.52264309245461,
        54.52264309245461,
        42.73121249697382,
        42.73121249697382,
        37.83422551539379,
        33.79253038917825,
        33.79253038917825,
        29.518472381316485,
        27.106301192776435,
        24.889457366206795,
        17.880065146653184,
        12.293120365037597,
        12.293120365037597,
        9.359971315827673,
        9.359971315827673,
        9.359971315827673,
        9.359971315827673,
        9.257511460788397,
        8.932810157053249,
        8.932810157053249,
        8.932810157053249,
        8.73315040114853,
        8.73315040114853,
        7.922328221728494,
        5.529387972397182,
        5.529387972397182,
        5.529387972397182,
        5.219489692739539,
        5.219489692739539,
        5.165388340792561,
        5.165388340792561,
        5.099971542471268,
        4.47146248018259,
        4.47146248018259,
        4.47146248018259,
        4.47146248018259,
        4.47146248018259,
        4.4201220643748735,
        4.4201220643748735,
        4.4201220643748735,
        4.4144501933215246,
        4.393393793751926,
        4.393393793751926,
        4.35062220155743,
        4.35062220155743,
        4.35062220155743,
        4.35062220155743,
        4.326611488480214,
        4.323745481765022,
        4.323745481765022,
        4.323745481765022,
        4.319145574666094,
        4.319145574666094,
        4.313570874568736,
        4.313570874568736,
        4.312465760021112,
        4.305321063293278,
        4.298752445525938,
        4.298752445525938,
        4.298752445525938,
        4.297101259150296,
        4.297101259150296,
        4.297101259150296,
        4.297101259150296,
        4.297101259150296,
        4.296924504384012,
        4.296924504384012,
        4.296924504384012,
        4.293600170597905,
        4.293161761796199,
        4.289868258159956,
        4.289868258159956,
        4.289868258159956,
        4.288811364954123,
        4.288811364954123,
        4.287984967864487,
        4.287757246789051
    ],
    "swarm_position_history": null,
    "timing_stats": {
        "total_time_s": 0.01326469995547086,
        "fitness_time_s": 0.011837100028060377,
        "velocity_update_time_s": 0.0006499995943158865,
        "position_update_time_s": 0.0003256000345572829
    },
    "config": {
        "num_particles": 30,
        "dimensions": 10,
        "max_iterations": 100,
        "inertia_weight": 0.7,
        "cognitive_coefficient": 1.5,
        "social_coefficient": 1.5,
        "seed": 1,
        "tolerance": 0.0,
        "stagnation_patience": null,
        "track_history": true,
        "track_swarm_history": false
    }
}