{
    "objective_name": "ackley",
    "num_runs": 5,
    "mean_best_value": 0.795493017024624,
    "std_best_value": 0.46091116784791164,
    "min_best_value": 0.10541515093406106,
    "max_best_value": 1.537032243151899,
    "mean_elapsed_time_s": 0.038447759998962286,
    "std_elapsed_time_s": 0.0018601051987931715,
    "mean_iterations": 100.0,
    "min_iterations": 100,
    "max_iterations": 100,
    "evaluation_mode": "v1"
}