{
    "objective_name": "ackley",
    "num_runs": 5,
    "mean_best_value": 1.1792140597322033e-10,
    "std_best_value": 1.0105121399633324e-10,
    "min_best_value": 2.6116442342072332e-11,
    "max_best_value": 3.045745877727768e-10,
    "mean_elapsed_time_s": 0.03792370001319796,
    "std_elapsed_time_s": 0.0005107380329979765,
    "mean_iterations": 100.0,
    "min_iterations": 100,
    "max_iterations": 100,
    "evaluation_mode": "v1"
}