{
    "objective_name": "ackley",
    "num_runs": 5,
    "mean_best_value": 1.1546319456101628e-15,
    "std_best_value": 1.4210854715202006e-15,
    "min_best_value": 4.440892098500626e-16,
    "max_best_value": 3.9968028886505635e-15,
    "mean_elapsed_time_s": 0.0388598799938336,
    "std_elapsed_time_s": 0.001781249783375402,
    "mean_iterations": 100.0,
    "min_iterations": 100,
    "max_iterations": 100,
    "evaluation_mode": "v1"
}