{
    "objective_name": "ackley",
    "num_runs": 5,
    "mean_best_value": 7.007727731433989e-14,
    "std_best_value": 3.134451986868609e-14,
    "min_best_value": 2.1760371282653068e-14,
    "max_best_value": 1.1057821325266559e-13,
    "mean_elapsed_time_s": 0.03577235997654497,
    "std_elapsed_time_s": 0.002518408554536612,
    "mean_iterations": 100.0,
    "min_iterations": 100,
    "max_iterations": 100,
    "evaluation_mode": "v1"
}