{
    "objective": "ackley",
    "evaluation_mode": null,
    "best_value": 4.440892098500626e-16,
    "best_position": [
        1.3368088438573519e-16,
        -1.9468863907287097e-16
    ],
    "elapsed_time_s": 0.5561699999962002,
    "iterations_completed": 500,
    "best_value_history": [
        8.572975141156096,
        8.572975141156096,
        5.700948301976009,
        5.075709885125704,
        4.520569379728453,
        2.7680227260733337,
        0.955811206653213,
        0.955811206653213,
        0.955811206653213,
        0.955811206653213,
        0.955811206653213,
        0.955811206653213,
        0.955811206653213,
        0.955811206653213,
        0.955811206653213,
        0.955811206653213,
        0.2712555449888261,
        0.2712555449888261,
        0.2712555449888261,
        0.2712555449888261,
        0.0727052758963862,
        0.0727052758963862,
        0.0727052758963862,
        0.0727052758963862,
        0.0727052758963862,
        0.0727052758963862,
        0.0727052758963862,
        0.058812954895295366,
        0.058812954895295366,
        0.058812954895295366,
        0.058812954895295366,
        0.058812954895295366,
        0.058812954895295366,
        0.058812954895295366,
        0.058812954895295366,
        0.058812954895295366,
        0.058812954895295366,
        0.03771749647307532,
        0.015127527904614357,
        0.015127527904614357,
        0.015127527904614357,
        0.003733676949540854,
        0.003733676949540854,
        0.003733676949540854,
        0.003733676949540854,
        0.003733676949540854,
        0.003733676949540854,
        0.003733676949540854,
        0.003733676949540854,
        0.003733676949540854,
        0.003733676949540854,
        0.003733676949540854,
        0.0013294804394843318,
        0.0013294804394843318,
        0.0013294804394843318,
        0.0013294804394843318,
        0.0013294804394843318,
        0.0013294804394843318,
        0.0013294804394843318,
        0.0013294804394843318,
        0.0009919987298627753,
        0.0009919987298627753,
        0.0006265182933806734,
        0.0006265182933806734,
        0.0004688822839438167,
        0.0004688822839438167,
        0.0004688822839438167,
        0.0004688822839438167,
        0.0004688822839438167,
        0.0004688822839438167,
        0.0004688822839438167,
        0.0004688822839438167,
        0.0003090709091400079,
        0.0002179566858164783,
        0.0002179566858164783,
        0.0002179566858164783,
        0.0002179566858164783,
        7.74980681339521e-05,
        7.74980681339521e-05,
        7.74980681339521e-05,
        7.74980681339521e-05,
        6.517953575668756e-05,
        6.517953575668756e-05,
        6.517953575668756e-05,
        4.147315870683954e-05,
        4.147315870683954e-05,
        4.0587604897002194e-05,
        2.4421079480863028e-05,
        2.2697450213104986e-05,
        1.5270895602714774e-05,
        1.5270895602714774e-05,
        1.5270895602714774e-05,
        1.5270895602714774e-05,
        1.2824127950228359e-05,
        1.2824127950228359e-05,
        8.188530934649663e-06,
        8.188530934649663e-06,
        8.188530934649663e-06,
        8.188530934649663e-06,
        8.188530934649663e-06,
        2.8662577666871414e-06,
        2.8662577666871414e-06,
        2.8662577666871414e-06,
        2.8662577666871414e-06,
        2.8662577666871414e-06,
        2.355423511790633e-06,
        2.355423511790633e-06,
        2.355423511790633e-06,
        2.355423511790633e-06,
        2.355423511790633e-06,
        2.355423511790633e-06,
        2.355423511790633e-06,
        2.355423511790633e-06,
        2.355423511790633e-06,
        1.844775838311108e-06,
        1.5933230703701895e-06,
        1.577561335341926e-06,
        1.424339931777041e-06,
        1.424339931777041e-06,
        9.846948079150764e-07,
        9.846948079150764e-07,
        9.846948079150764e-07,
        7.974111508879389e-07,
        6.851024072496159e-07,
        4.556224841856249e-07,
        2.3201086252200298e-07,
        2.3201086252200298e-07,
        2.267658385513016e-07,
        8.255024086523122e-08,
        8.255024086523122e-08,
        8.255024086523122e-08,
        4.033143996551303e-08,
        4.033143996551303e-08,
        4.033143996551303e-08,
        4.033143996551303e-08,
        4.033143996551303e-08,
        4.033143996551303e-08,
        4.033143996551303e-08,
        4.033143996551303e-08,
        4.033143996551303e-08,
        3.5926231323202273e-08,
        3.5926231323202273e-08,
        3.2378395520282766e-08,
        3.2378395520282766e-08,
        2.0665002598008186e-08,
        2.0665002598008186e-08,
        2.0665002598008186e-08,
        2.0665002598008186e-08,
        1.80345556266559e-08,
        1.80345556266559e-08,
        1.80345556266559e-08,
        1.80345556266559e-08,
        1.80345556266559e-08,
        1.6739374775198712e-08,
        1.3999497117112014e-08,
        1.3999497117112014e-08,
        1.3999497117112014e-08,
        4.965649669230743e-09,
        4.965649669230743e-09,
        3.2261557869617263e-09,
        3.2261557869617263e-09,
        3.2261557869617263e-09,
        3.2261557869617263e-09,
        3.2261557869617263e-09,
        3.2261557869617263e-09,
        3.2261557869617263e-09,
        2.8744016056236887e-09,
        1.333419152871329e-09,
        1.333419152871329e-09,
        1.333419152871329e-09,
        6.750977554759174e-10,
        6.750977554759174e-10,
        5.220468501931919e-10,
        5.220468501931919e-10,
        8.611111823597639e-11,
        8.611111823597639e-11,
        8.611111823597639e-11,
        8.611111823597639e-11,
        8.611111823597639e-11,
        8.611111823597639e-11,
        8.611111823597639e-11,
        8.611111823597639e-11,
        8.611111823597639e-11,
        8.611111823597639e-11,
        2.9541258328436015e-11,
        2.9541258328436015e-11,
        2.9541258328436015e-11,
        2.9541258328436015e-11,
        2.9541258328436015e-11,
        2.9541258328436015e-11,
        2.9541258328436015e-11,
        2.9541258328436015e-11,
        2.9541258328436015e-11,
        2.9541258328436015e-11,
        2.3249402403280328e-11,
        2.3249402403280328e-11,
        2.3249402403280328e-11,
        2.2112534026064168e-11,
        2.2112534026064168e-11,
        1.6275425451794945e-11,
        1.6275425451794945e-11,
        1.467670429633472e-11,
        1.467670429633472e-11,
        1.467670429633472e-11,
        1.467670429633472e-11,
        1.404076854782943e-11,
        1.404076854782943e-11,
        1.404076854782943e-11,
        1.404076854782943e-11,
        1.404076854782943e-11,
        1.0644374270896151e-11,
        1.0644374270896151e-11,
        3.418154648215932e-12,
        3.418154648215932e-12,
        3.418154648215932e-12,
        3.418154648215932e-12,
        3.212097254845503e-12,
        3.212097254845503e-12,
        2.4802382370125997e-12,
        2.4802382370125997e-12,
        2.4802382370125997e-12,
        1.4357404154452524e-12,
        1.4357404154452524e-12,
        1.4357404154452524e-12,
        1.4357404154452524e-12,
        1.4357404154452524e-12,
        8.637535131583718e-13,
        8.637535131583718e-13,
        8.637535131583718e-13,
        8.353318037279678e-13,
        8.353318037279678e-13,
        6.363798377151397e-13,
        6.363798377151397e-13,
        6.363798377151397e-13,
        4.836131495267182e-13,
        4.836131495267182e-13,
        4.836131495267182e-13,
        4.1611158962950867e-13,
        4.1611158962950867e-13,
        4.1611158962950867e-13,
        4.1255887595070817e-13,
        4.1255887595070817e-13,
        4.1255887595070817e-13,
        4.1255887595070817e-13,
        4.1255887595070817e-13,
        4.1255887595070817e-13,
        4.1255887595070817e-13,
        4.1255887595070817e-13,
        4.1255887595070817e-13,
        4.1255887595070817e-13,
