{
    "objective": "ackley",
    "evaluation_mode": null,
    "best_value": 1.9518287932562828e-06,
    "best_position": [
        1.229066091741117e-07,
        -6.790377259644268e-07
    ],
    "elapsed_time_s": 0.2357711000367999,
    "iterations_completed": 100,
    "best_value_history": [
        9.802811462580474,
        9.524049450356863,
        6.055604975227954,
        5.0027627319106855,
        5.0027627319106855,
        2.731258118158053,
        2.731258118158053,
        2.731258118158053,
        0.4798089683175708,
        0.4798089683175708,
        0.4798089683175708,
        0.4798089683175708,
        0.4798089683175708,
        0.4798089683175708,
        0.4798089683175708,
        0.4798089683175708,
        0.4798089683175708,
        0.3351099668271975,
        0.3351099668271975,
        0.3351099668271975,
        0.3351099668271975,
        0.3351099668271975,
        0.3351099668271975,
        0.3351099668271975,
        0.3041270022386553,
        0.3041270022386553,
        0.3041270022386553,
        0.3041270022386553,
        0.3041270022386553,
        0.23912872363374804,
        0.23912872363374804,
        0.0930606364039801,
        0.0930606364039801,
        0.0930606364039801,
        0.0820627432128167,
        0.0820627432128167,
        0.02893539596305006,
        0.02893539596305006,
        0.012635883951972904,
        0.012635883951972904,
        0.012635883951972904,
        0.005658210328704616,
        0.005658210328704616,
        0.005658210328704616,
        0.005658210328704616,
        0.005658210328704616,
        0.004065922207964423,
        0.004065922207964423,
        0.0038506079775513236,
        0.0029956180315520164,
        0.002027888151009183,
        0.002027888151009183,
        0.002027888151009183,
        0.002027888151009183,
        0.002027888151009183,
        0.002027888151009183,
        0.002027888151009183,
        0.002027888151009183,
        0.0013497377887365936,
        0.0013497377887365936,
        0.0013497377887365936,
        0.0011296705776300264,
        0.0011296705776300264,
        0.0010112815660261454,
        0.0010112815660261454,
        0.0010112815660261454,
        0.0010112815660261454,
        0.0010112815660261454,
        0.000955217621854576,
        0.000955217621854576,
        0.0007992225458832714,
        0.0006233085243576575,
        0.0004803829630479761,
        0.00020212823445975303,
        0.00020212823445975303,
        0.00020212823445975303,
        0.00020212823445975303,
        0.00020212823445975303,
        0.00017873768279175195,
        0.00011675095582974748,
        0.00011675095582974748,
        0.00011675095582974748,
        0.00011675095582974748,
        0.00011675095582974748,
        2.7364113432515325e-05,
        2.7364113432515325e-05,
        1.6788769923170577e-05,
        1.6788769923170577e-05,
        1.6788769923170577e-05,
        1.6788769923170577e-05,
        1.6788769923170577e-05,
        1.3979011637577088e-05,
        1.3979011637577088e-05,
        1.3979011637577088e-05,
        1.3979011637577088e-05,
        1.3979011637577088e-05,
        1.3979011637577088e-05,
        1.3979011637577088e-05,
        1.3979011637577088e-05,
        1.9518287932562828e-06
    ],
    "timing_stats": {
        "total_time_s": 0.23576549999415874,
        "fitness_time_s": 0.23112380027305335,
        "velocity_update_time_s": 0.0015265997499227524,
        "position_update_time_s": 0.0006745998980477452
    },
    "config": {
        "num_particles": 30,
        "dimensions": 2,
        "max_iterations": 100,
        "inertia_weight": 0.7,
        "cognitive_coefficient": 1.5,
        "social_coefficient": 1.5,
        "seed": 1,
        "tolerance": 0.0,
        "stagnation_patience": null,
        "track_history": true
    }
}