{
    "objective": "rosenbrock",
    "evaluation_mode": "multiprocessing",
    "best_value": 67.9656706761501,
    "best_position": [
        -0.9358702758982161,
        0.9371634955046335,
        0.9613348900895305,
        0.9720420854843521,
        0.9824794090748021,
        0.9974556960378617,
        0.9735145144455785,
        0.9630589471469709,
        0.9216030502706277,
        0.8588635977901916,
        0.7606251655473568,
        0.6165280262985764,
        0.41716784116825245,
        0.19171678506457457,
        0.056626221260168974,
        0.02139431913140038,
        0.00913327049869795,
        0.026620963792734948,
        0.008528658412790246,
        0.005758774613440729,
        0.0432617364706502,
        -0.029363659326219593,
        0.028520508573628894,
        0.03745850368587622,
        0.0997814010156683,
        0.39775494452264,
        0.6164563927609891,
        0.7117060867318366,
        0.6118226575010991,
        0.4025514010923069
    ],
    "elapsed_time_s": 0.23504269996192306,
    "iterations_completed": 100,
    "best_value_history": [
        2848.1969254481896,
        2848.1969254481896,
        2580.606338161238,
        2580.606338161238,
        2580.606338161238,
        2247.9690972181584,
        1922.575877418445,
        1922.575877418445,
        1922.575877418445,
        1525.3981414808054,
        1044.4833508033792,
        934.583847553936,
        934.583847553936,
        934.583847553936,
        929.4237850861333,
        677.9737573868042,
        654.8152173135428,
        654.8152173135428,
        638.4028406086861,
        638.4028406086861,
        585.2888260694248,
        522.8191933025723,
        344.9031947967972,
        344.9031947967972,
        344.9031947967972,
        344.9031947967972,
        344.9031947967972,
        344.9031947967972,
        344.9031947967972,
        291.9435506627231,
        291.9435506627231,
        287.2371258447223,
        287.2371258447223,
        267.7310034186938,
        252.8212839243048,
        240.06078734321954,
        228.06694993888863,
        200.39240578885267,
        200.39240578885267,
        189.1594513110395,
        186.5753057588666,
        171.50198264408712,
        153.56546296312055,
        151.407056400831,
        147.03495538322437,
        131.0436188538912,
        131.0436188538912,
        122.36548264034825,
        121.65447343741366,
        113.35162832211446,
        108.13745019918282,
        106.00443273829464,
        106.00443273829464,
        99.81576814900788,
        99.81576814900788,
        94.59296106277934,
        93.07029468257169,
        92.8757380525067,
        90.85687801872035,
        90.85687801872035,
        90.17007488133105,
        89.62750727093949,
        88.64901579322125,
        86.93951303680699,
        86.39921381997732,
        86.18663781279758,
        84.74803898639718,
        81.01689488487851,
        79.60905805037137,
        79.60905805037137,
        79.47798908710959,
        77.423832919474,
        77.423832919474,
        76.66258474594645,
        76.46746408024964,
        75.75548953850159,
        75.58562153885998,
        74.67647933726703,
        74.67647933726703,
        74.16661432284141,
        72.94388602839486,
        72.94388602839486,
        72.65696185868636,
        72.00587968185712,
        71.99209602676214,
        71.52532406869082,
        71.06071881845487,
        70.69781801860672,
        70.64215835466787,
        70.22063919894637,
        69.96799915291547,
        69.87812528271172,
        69.52216949157282,
        69.3127006704053,
        69.2072851297838,
        68.90562574240028,
        68.85991038168763,
        68.39055016064982,
        68.14588227611613,
        67.9656706761501
    ],
    "timing_stats": {
        "total_time_s": 0.23503719992004335,
        "fitness_time_s": 0.22922419989481568,
        "velocity_update_time_s": 0.00236030004452914,
        "position_update_time_s": 0.0009263003012165427
    },
    "config": {
        "num_particles": 30,
        "dimensions": 30,
        "max_iterations": 100,
        "inertia_weight": 0.7,
        "cognitive_coefficient": 2.0,
        "social_coefficient": 1.0,
        "seed": 2,
        "tolerance": 0.0,
        "stagnation_patience": null,
        "track_history": true
    }
}