{
    "objective": "rosenbrock",
    "evaluation_mode": "multiprocessing",
    "best_value": 69.96377676855987,
    "best_position": [
        -0.7479966658362452,
        0.5816942988644395,
        0.3529805944095008,
        0.10772069442925535,
        -0.003663534156262302,
        -0.2700334432532933,
        0.33669543259819945,
        0.429872573477499,
        0.47483332920695226,
        0.44308848030798914,
        0.4096302319326648,
        0.1979305405098375,
        -0.002820774224765345,
        0.024972621963063123,
        0.031012714519659347,
        -0.02347746174959981,
        -0.028744029978361396,
        0.0005414699008821355,
        0.017296659627194486,
        0.006108542100173399,
        0.01275577749220369,
        -0.0015265884027617373,
        0.025732493396779098,
        -0.021323015869716588,
        0.021218080909217264,
        0.019936476835296736,
        -0.047202014831066175,
        0.06571056915163499,
        0.05280769752736706,
        0.03112956365697407
    ],
    "elapsed_time_s": 0.2422907999716699,
    "iterations_completed": 100,
    "best_value_history": [
        3201.225211030714,
        2361.4113355359636,
        2361.4113355359636,
        2361.4113355359636,
        1740.9054066984909,
        1698.5993277177529,
        1698.5993277177529,
        1148.138718217096,
        1105.8009564693482,
        1027.430251156083,
        810.4869026604357,
        810.4869026604357,
        635.2013286342927,
        617.0048127581321,
        617.0048127581321,
        617.0048127581321,
        573.85091011823,
        484.2560984602782,
        484.2560984602782,
        468.1551535544536,
        403.1317059186027,
        403.1317059186027,
        389.71022396015667,
        373.4345982892829,
        332.06516313975357,
        332.06516313975357,
        332.06516313975357,
        315.9470703923342,
        308.52131965705485,
        284.0562330840832,
        279.8390243051948,
        229.7273944567497,
        223.76858043404604,
        223.76858043404604,
        221.19353489828387,
        221.19353489828387,
        221.19353489828387,
        221.19353489828387,
        221.19353489828387,
        221.19353489828387,
        221.19353489828387,
        211.52769118008175,
        203.84875786865487,
        199.25799575152095,
        189.32514719642475,
        178.2703770720218,
        173.12920019319444,
        172.81781994268184,
        168.24315090315238,
        154.71646762589654,
        154.71646762589654,
        153.90020123573734,
        150.0588742838229,
        150.0588742838229,
        150.0588742838229,
        148.92471279225597,
        147.8470803341778,
        146.9551238192737,
        142.50756631743516,
        128.4963470917679,
        110.79363286433744,
        110.79363286433744,
        107.81078971495243,
        107.81078971495243,
        107.81078971495243,
        105.22684749634983,
        103.82706252195344,
        101.63951213135593,
        99.11084635889674,
        94.14268728763638,
        94.14268728763638,
        93.02635850545076,
        92.6814261161603,
        91.84479163550992,
        90.2026595129646,
        88.25052340747901,
        86.30619263507789,
        86.30619263507789,
        85.89121398013859,
        85.47489529218879,
        84.32616690819513,
        82.7761610688262,
        81.29011853804809,
        80.9288163124783,
        80.71758053725739,
        79.05944491848074,
        78.85440836986307,
        76.6708394559195,
        76.24758744543342,
        74.010842117688,
        73.59240673934399,
        73.46246348883264,
        72.5967214547394,
        72.30759442678895,
        71.87174028066526,
        71.54438112343283,
        71.52093254910226,
        70.92288669298024,
        70.61492948880203,
        69.96377676855987
    ],
    "timing_stats": {
        "total_time_s": 0.2422858999343589,
        "fitness_time_s": 0.23657790024299175,
        "velocity_update_time_s": 0.0024104000767692924,
        "position_update_time_s": 0.0009092995896935463
    },
    "config": {
        "num_particles": 30,
        "dimensions": 30,
        "max_iterations": 100,
        "inertia_weight": 0.7,
        "cognitive_coefficient": 2.0,
        "social_coefficient": 1.0,
        "seed": 0,
        "tolerance": 0.0,
        "stagnation_patience": null,
        "track_history": true
    }
}