{
    "objective": "rosenbrock",
    "evaluation_mode": "multiprocessing",
    "best_value": 65.92128868188918,
    "best_position": [
        0.09695644082967672,
        0.013361766896902771,
        0.020284931010694507,
        0.015219687347949732,
        0.0334237199959241,
        -0.0467686683790931,
        0.07889779923378396,
        0.09412125671033982,
        0.13305500733743789,
        0.08225606402856386,
        0.34932730520987143,
        0.40635566336409173,
        0.25419726106052604,
        0.07662633795451164,
        0.11290137331502102,
        0.006300072038104964,
        -0.03362946632374641,
        0.03941209337654666,
        0.05388814837945549,
        0.04306480811974914,
        -0.040104129706850115,
        0.05734778424885056,
        -0.0007554558576417974,
        0.035927998603174506,
        -0.3268217036972194,
        0.23313471307836017,
        0.12782605045604614,
        0.005007055204259099,
        -0.043894942347244656,
        0.03918630550152565
    ],
    "elapsed_time_s": 0.2394518000073731,
    "iterations_completed": 100,
    "best_value_history": [
        2568.592856728253,
        2568.592856728253,
        2547.873011252414,
        2547.873011252414,
        2123.3221371480145,
        2123.3221371480145,
        2123.3221371480145,
        1610.1573912458286,
        1610.1573912458286,
        1551.1577357542271,
        1551.1577357542271,
        1456.2918780886775,
        1426.4941335941353,
        1353.7442726909155,
        1275.4508134885853,
        1210.1613090913474,
        1049.424201628315,
        980.1843930077843,
        784.4880399350527,
        784.4880399350527,
        784.4880399350527,
        784.4880399350527,
        740.6505999378353,
        713.6428846837368,
        667.2018625631579,
        584.9119564780053,
        584.9119564780053,
        576.5900008093002,
        538.1553894528307,
        481.20984595318964,
        480.3757228028686,
        420.11409586529163,
        419.7729450864173,
        419.7729450864173,
        398.230844848773,
        393.96924672262264,
        366.0986105902183,
        314.2547579115158,
        309.4268137022048,
        298.0160899823994,
        289.7369819268549,
        259.52173969091,
        259.52173969091,
        241.56388316386963,
        236.10564778959076,
        226.78572927533807,
        206.91412731180853,
        181.2159393794791,
        181.2159393794791,
        171.55962026881662,
        156.47560252316038,
        154.42625795624863,
        152.4004815289666,
        145.0781588992209,
        140.67568705333568,
        137.51223713827613,
        134.47636248791184,
        129.2960098307438,
        126.4245672234253,
        124.02847729467281,
        121.4228263063636,
        121.4228263063636,
        119.1178669623168,
        115.98938141219391,
        114.66580362546355,
        112.38083084335554,
        111.30228434345274,
        110.87389302460583,
        109.26012153395621,
        106.74642326185283,
        106.44534004924178,
        106.2783852871924,
        103.99658114267065,
        101.88020735736166,
        100.85264533807032,
        99.67418358835788,
        98.38197059040303,
        95.23537923056674,
        94.82536570429895,
        94.12656151977508,
        92.91609315705928,
        90.83623130497469,
        89.76366862994868,
        87.23258204448976,
        84.80711499604097,
        83.92538010901788,
        82.26129222189145,
        80.80040746611058,
        79.32380379575238,
        77.95983623872363,
        76.29178851493846,
        75.14516154158144,
        73.86955277523005,
        73.09533521360993,
        72.10285465289671,
        71.12718295367513,
        69.78819082125463,
        68.61123326108928,
        67.30272049651114,
        65.92128868188918
    ],
    "timing_stats": {
        "total_time_s": 0.23944639996625483,
        "fitness_time_s": 0.23364039999432862,
        "velocity_update_time_s": 0.0022964002564549446,
        "position_update_time_s": 0.0009314996423199773
    },
    "config": {
        "num_particles": 30,
        "dimensions": 30,
        "max_iterations": 100,
        "inertia_weight": 0.7,
        "cognitive_coefficient": 2.0,
        "social_coefficient": 1.0,
        "seed": 4,
        "tolerance": 0.0,
        "stagnation_patience": null,
        "track_history": true
    }
}