{
    "objective": "rastrigin",
    "evaluation_mode": "multiprocessing",
    "best_value": 110.65841750442839,
    "best_position": [
        -0.017859622527903574,
        -1.1180891259945114,
        0.10045820071756596,
        1.9980050056363639,
        2.9790004620879844,
        -1.9532556282729359,
        -1.0126100987339888,
        -2.953315260202195,
        -2.027326209354884,
        -2.0823554977365246,
        -0.07495936789553069,
        1.0821283924398795,
        1.0427772766012002,
        -1.8567981529276236,
        -0.9680244787196506,
        -1.0275748068858377,
        2.91599074769712,
        -2.902696772567186,
        -0.9818998860439383,
        -0.9566650389556913,
        -0.9568898421303262,
        -0.008394001604311065,
        1.0597533052888262,
        -2.8955014331942603,
        2.0508754446218314,
        -0.9983358336671859,
        0.08823687244982026,
        -1.9294010559702524,
        0.9973723403384451,
        0.14702348677362947
    ],
    "elapsed_time_s": 0.26730579999275506,
    "iterations_completed": 100,
    "best_value_history": [
        297.3506601017768,
        297.3506601017768,
        297.3506601017768,
        297.3506601017768,
        297.3506601017768,
        297.3506601017768,
        297.3506601017768,
        297.3506601017768,
        297.3506601017768,
        289.11804154107665,
        289.11804154107665,
        289.11804154107665,
        289.11804154107665,
        289.11804154107665,
        289.11804154107665,
        289.11804154107665,
        289.11804154107665,
        271.9470798213154,
        271.9470798213154,
        271.9470798213154,
        271.9470798213154,
        250.54165159302548,
        250.54165159302548,
        250.54165159302548,
        238.9458372948452,
        238.9458372948452,
        238.9458372948452,
        223.34278027267393,
        223.34278027267393,
        223.34278027267393,
        223.34278027267393,
        218.08117189904465,
        218.08117189904465,
        212.84193771651766,
        212.84193771651766,
        212.84193771651766,
        204.10194349032122,
        204.10194349032122,
        204.10194349032122,
        204.10194349032122,
        204.10194349032122,
        204.10194349032122,
        204.10194349032122,
        204.10194349032122,
        204.10194349032122,
        189.83406493813294,
        189.83406493813294,
        189.83406493813294,
        189.83406493813294,
        189.83406493813294,
        189.83406493813294,
        189.83406493813294,
        189.83406493813294,
        189.83406493813294,
        189.83406493813294,
        187.00823921132036,
        180.12514979655683,
        180.12514979655683,
        180.12514979655683,
        180.12514979655683,
        164.14630968239544,
        164.14630968239544,
        164.14630968239544,
        164.14630968239544,
        164.14630968239544,
        161.55842116637305,
        159.92827874922233,
        159.92827874922233,
        159.92827874922233,
        158.82212531214788,
        158.82212531214788,
        156.81103117581696,
        152.85932193002824,
        152.85932193002824,
        145.68590415448094,
        145.68590415448094,
        145.68590415448094,
        145.68590415448094,
        145.68590415448094,
        131.93474801814324,
        130.0071332866156,
        130.0071332866156,
        130.0071332866156,
        130.0071332866156,
        127.95834356785905,
        127.95834356785905,
        127.95834356785905,
        125.3583040795016,
        125.3583040795016,
        123.52594846098404,
        123.52594846098404,
        123.52594846098404,
        121.43572614426795,
        120.30567087815017,
        120.30567087815017,
        113.91593477627264,
        113.91593477627264,
        112.77304240043807,
        110.65841750442839,
        110.65841750442839
    ],
    "swarm_position_history": null,
    "timing_stats": {
        "total_time_s": 0.267299999948591,
        "fitness_time_s": 0.2611529988935217,
        "velocity_update_time_s": 0.0025424998020753264,
        "position_update_time_s": 0.0010319009888917208
    },
    "config": {
        "num_particles": 30,
        "dimensions": 30,
        "max_iterations": 100,
        "inertia_weight": 0.7,
        "cognitive_coefficient": 1.5,
        "social_coefficient": 1.5,
        "seed": 3,
        "tolerance": 0.0,
        "stagnation_patience": null,
        "track_history": true,
        "track_swarm_history": false
    }
}