{
    "objective": "rastrigin",
    "evaluation_mode": "multiprocessing",
    "best_value": 158.9544615845167,
    "best_position": [
        1.080824202640744,
        -0.8744160207840542,
        0.9056060284218037,
        -3.9587962078203147,
        -3.099076176412889,
        -1.0817335453007886,
        3.9501189598761757,
        2.0203673158140143,
        -2.9250941441988987,
        -1.0854990280610617,
        -2.957215000203993,
        1.8437605032708708,
        0.9250443734901687,
        -0.017689987316561358,
        0.9535436223238424,
        0.8702693057787999,
        -0.9495135305361718,
        -1.9936043823360552,
        0.9307060883384796,
        0.012229878989250709,
        -0.9450612866631521,
        -5.12,
        2.0428824709558366,
        0.04019131055999676,
        0.9796339901476643,
        1.0901053091803354,
        0.009990264679362398,
        -1.0444854896352098,
        0.9668594600745443,
        2.8000191576687987
    ],
    "elapsed_time_s": 0.27922609995584935,
    "iterations_completed": 100,
    "best_value_history": [
        391.5697821857021,
        391.5697821857021,
        391.5697821857021,
        391.5697821857021,
        325.95127570864764,
        325.95127570864764,
        325.95127570864764,
        325.95127570864764,
        325.95127570864764,
        317.7982280967195,
        317.7982280967195,
        317.7982280967195,
        317.7982280967195,
        317.7982280967195,
        310.09472264061793,
        310.09472264061793,
        304.74772529618866,
        304.74772529618866,
        293.04772171672965,
        293.04772171672965,
        286.614830250959,
        286.614830250959,
        285.31117862629316,
        285.31117862629316,
        285.31117862629316,
        285.31117862629316,
        285.31117862629316,
        285.31117862629316,
        285.31117862629316,
        285.31117862629316,
        266.57557076659305,
        266.57557076659305,
        266.57557076659305,
        256.1450507930356,
        256.1450507930356,
        256.1450507930356,
        256.1450507930356,
        256.1450507930356,
        256.1450507930356,
        256.1450507930356,
        256.1450507930356,
        256.1450507930356,
        256.1450507930356,
        256.1450507930356,
        256.1450507930356,
        256.1450507930356,
        256.1450507930356,
        256.1450507930356,
        243.97044959353312,
        243.97044959353312,
        236.2114841391595,
        216.5681881997063,
        216.5681881997063,
        216.5681881997063,
        209.94602106141417,
        209.94602106141417,
        209.94602106141417,
        209.94602106141417,
        209.94602106141417,
        197.2137396033237,
        197.2137396033237,
        197.2137396033237,
        187.0839809317179,
        187.0839809317179,
        187.0839809317179,
        187.0839809317179,
        187.0839809317179,
        186.26975118099213,
        186.26975118099213,
        186.26975118099213,
        186.26975118099213,
        172.4677461091639,
        172.4677461091639,
        172.4677461091639,
        167.4813806300092,
        167.4813806300092,
        167.4813806300092,
        167.4813806300092,
        167.4813806300092,
        167.4813806300092,
        167.4813806300092,
        167.4813806300092,
        167.0671072530255,
        167.0671072530255,
        167.0671072530255,
        166.65438815101692,
        166.65438815101692,
        166.65438815101692,
        164.03991805618867,
        164.03991805618867,
        162.77608419640404,
        162.77608419640404,
        162.77608419640404,
        162.77608419640404,
        162.77608419640404,
        161.76653892408382,
        161.76653892408382,
        161.76653892408382,
        158.9544615845167,
        158.9544615845167
    ],
    "swarm_position_history": null,
    "timing_stats": {
        "total_time_s": 0.27921979990787804,
        "fitness_time_s": 0.27302240033168346,
        "velocity_update_time_s": 0.0027113002724945545,
        "position_update_time_s": 0.001002999721094966
    },
    "config": {
        "num_particles": 30,
        "dimensions": 30,
        "max_iterations": 100,
        "inertia_weight": 0.7,
        "cognitive_coefficient": 1.5,
        "social_coefficient": 1.5,
        "seed": 0,
        "tolerance": 0.0,
        "stagnation_patience": null,
        "track_history": true,
        "track_swarm_history": false
    }
}