{
    "objective": "sphere",
    "evaluation_mode": null,
    "best_value": 0.42301131896626465,
    "best_position": [
        -0.020659229333942833,
        0.05600995978580493,
        0.2341483046951436,
        -0.19638425785830832,
        0.13569875574392617,
        -0.10368369713545476,
        -0.13005761268928162,
        0.03839829046203118,
        0.13516772463483728,
        0.22087385844016244,
        -0.00184894198233225,
        0.16078850333818412,
        -0.0023639078129384077,
        0.09407089448529193,
        0.059879281363929976,
        -0.12516286463407184,
        0.025300117984661228,
        -0.010251377690133167,
        0.09612660126589412,
        0.0458693579086895,
        0.2281971445397183,
        -0.016443380571843996,
        0.13216642488831137,
        -0.02274259421208135,
        -0.05034076930607608,
        -0.23381283866541558,
        0.03724060484572544,
        0.0190344300223526,
        -0.03372625030551245,
        0.12237199400031744
    ],
    "elapsed_time_s": 0.007766000111587346,
    "iterations_completed": 100,
    "best_value_history": [
        145.06636661965766,
        145.06636661965766,
        145.06636661965766,
        133.6196123172422,
        91.62825440101241,
        91.62825440101241,
        91.62825440101241,
        91.62825440101241,
        88.93554861410556,
        76.62566122982679,
        76.62566122982679,
        71.09818135913159,
        53.03696481043809,
        50.04449334941731,
        50.04449334941731,
        50.013657042456295,
        50.013657042456295,
        50.013657042456295,
        36.86451468649114,
        31.741432910339167,
        30.895093876491384,
        28.482844979872684,
        28.295921807717153,
        26.057375347605443,
        26.057375347605443,
        24.116746344937205,
        22.188312581678648,
        22.188312581678648,
        22.188312581678648,
        17.88006403766709,
        17.88006403766709,
        17.88006403766709,
        17.88006403766709,
        17.88006403766709,
        17.377533727007766,
        14.687102567087255,
        14.687102567087255,
        13.744425129706324,
        13.744425129706324,
        12.481691798522256,
        12.481691798522256,
        11.66999199496513,
        11.52461423256861,
        10.909675790563991,
        10.647679905083116,
        10.357530651334494,
        9.259328370929598,
        9.259328370929598,
        9.106567131943523,
        9.106567131943523,
        8.181305266185719,
        7.511003117794297,
        7.396401726759181,
        6.06606771925607,
        6.06606771925607,
        5.5669883864095135,
        5.5669883864095135,
        5.550487133074961,
        5.439351595988647,
        4.731499524851295,
        4.731499524851295,
        4.570270074857239,
        4.086534131746842,
        3.8517670291319783,
        3.8517670291319783,
        3.666604979952521,
        3.4437478578784333,
        3.4437478578784333,
        3.2109814037540425,
        2.2539059082257404,
        1.9388773603197889,
        1.9388773603197889,
        1.720729394671317,
        1.595718327303813,
        1.595718327303813,
        1.5426582109292877,
        1.4853491241154364,
        1.3581535184300453,
        1.2087464974168776,
        1.059007882583261,
        1.059007882583261,
        1.059007882583261,
        1.0348477891857162,
        0.9449047527354935,
        0.9449047527354935,
        0.8802370909164607,
        0.8802370909164607,
        0.8346894510630676,
        0.8133019965780416,
        0.7860660441850716,
        0.7465091385351015,
        0.721507525886336,
        0.6868017584659938,
        0.6327279294450932,
        0.5816270288744075,
        0.5502005712769151,
        0.4704665097024254,
        0.4704665097024254,
        0.4609467189735788,
        0.42301131896626465
    ],
    "swarm_position_history": null,
    "timing_stats": {
        "total_time_s": 0.007760600070469081,
        "fitness_time_s": 0.005880200187675655,
        "velocity_update_time_s": 0.0008948997128754854,
        "position_update_time_s": 0.0004909001290798187
    },
    "config": {
        "num_particles": 30,
        "dimensions": 30,
        "max_iterations": 100,
        "inertia_weight": 0.7,
        "cognitive_coefficient": 1.5,
        "social_coefficient": 1.5,
        "seed": 4,
        "tolerance": 0.0,
        "stagnation_patience": null,
        "track_history": true,
        "track_swarm_history": false
    }
}