{
    "objective": "sphere",
    "evaluation_mode": null,
    "best_value": 6.831449678476541e-08,
    "best_position": [
        6.814645300260136e-06,
        7.635128505007552e-06,
        -2.792996874231575e-05,
        -3.4975372900847994e-06,
        7.242243430494969e-07,
        -2.0856128630983396e-05,
        -5.760490496798592e-06,
        2.6621812331388338e-05,
        -3.490198145547717e-05,
        -1.804663725441714e-05,
        -3.0190311469620722e-05,
        1.969286346597157e-05,
        5.47431218788678e-06,
        2.9947879438312273e-05,
        2.5054578262875336e-05,
        -0.0002170794421441045,
        1.0197040323467009e-05,
        2.4423352452360215e-05,
        1.4566535222185049e-05,
        -6.392355591475613e-07,
        -8.787431694061188e-05,
        -3.7376303596502216e-06,
        -6.833798996716951e-05,
        1.0765270831142485e-06,
        1.081567229296093e-05,
        -2.8446302438618886e-06,
        2.5041655419176017e-05,
        3.373090199070621e-08,
        3.5344373175456723e-06,
        -2.51805579506034e-05
    ],
    "elapsed_time_s": 0.03499090007971972,
    "iterations_completed": 500,
    "best_value_history": [
        136.42316284996517,
        136.42316284996517,
        136.42316284996517,
        127.12845551239843,
        119.02817168500253,
        119.02817168500253,
        119.02817168500253,
        102.86362366099051,
        95.14222324223297,
        95.14222324223297,
        93.46147407746933,
        76.43643041609333,
        76.43643041609333,
        75.49782406881303,
        66.41804673836506,
        51.40376513911851,
        47.44058827931975,
        43.835670387816045,
        41.21471832241842,
        37.04055154292234,
        37.04055154292234,
        37.04055154292234,
        37.04055154292234,
        29.581111525866472,
        26.51953240364429,
        26.51953240364429,
        26.51953240364429,
        22.66644178644405,
        22.66644178644405,
        21.60743624932778,
        21.60743624932778,
        21.60743624932778,
        18.150529606485964,
        16.753806678085628,
        16.348454325277725,
        16.348454325277725,
        15.425989032192899,
        13.087071559143247,
        13.023428274872261,
        13.023428274872261,
        11.968234255252261,
        11.968234255252261,
        10.905587269515575,
        10.86097678198598,
        10.394664854031257,
        8.385752737481313,
        8.385752737481313,
        8.385752737481313,
        7.769385915113782,
        7.6109260055034405,
        6.974326640067204,
        6.844713305739141,
        6.620500861804882,
        6.33205145073054,
        5.867055067366688,
        5.727525819712819,
        5.506403487304931,
        5.002435289873301,
        4.76005444846032,
        4.407496055079127,
        4.210368453515191,
        3.8679351481568056,
        2.9662951761441745,
        2.9371043730500377,
        2.7458259165480685,
        2.6930531343500523,
        2.163068062415596,
        2.0677700109877892,
        1.8888958309122956,
        1.8265938796101098,
        1.5996385770871577,
        1.5996385770871577,
        1.502520515883091,
        1.502520515883091,
        1.502520515883091,
        1.4292143926978627,
        1.3414414140470374,
        1.2345937694563724,
        1.2345937694563724,
        1.2345937694563724,
        1.2081219080831265,
        1.1236633591185772,
        1.0476344908615354,
        0.9793652542340914,
        0.9355609127560423,
        0.8547038742834531,
        0.8547038742834531,
        0.7660333788367182,
        0.7517080996471043,
        0.7339423372740804,
        0.6830359913767499,
        0.6709228100612642,
        0.6190089985340702,
        0.6190089985340702,
        0.6058819888768607,
        0.6058819888768607,
        0.5810601249426067,
        0.5615456759678076,
        0.5122056195047469,
        0.48721631533217785,
        0.4802293113130009,
        0.41450738139797727,
        0.41450738139797727,
        0.40256070021709783,
        0.3151212548081486,
        0.3151212548081486,
        0.25784839835144163,
        0.25784839835144163,
        0.25784839835144163,
        0.24483170989779618,
        0.20847129608446432,
        0.20847129608446432,
        0.17240427405408232,
        0.1517469193239397,
        0.1517469193239397,
        0.14767645778536573,
        0.13972264183446365,
        0.1310852178874407,
        0.12250499620107377,
        0.11741570747899624,
        0.10209146142463259,
        0.09986887086522024,
        0.08869684635281669,
        0.07730412352882468,
        0.06125222807760408,
        0.06125222807760408,
        0.06125222807760408,
        0.053894205472394284,
        0.05073503537360869,
        0.04670684661589141,
        0.04670684661589141,
        0.04670684661589141,
        0.04291593841056262,
        0.04291593841056262,
        0.04291593841056262,
        0.0388625338356135,
        0.035876788552131736,
        0.034728780239966985,
        0.03104341351456588,
        0.029655412659263886,
        0.027550347769266785,
        0.02444117406841715,
        0.02416583882721955,
        0.02416583882721955,
        0.02416583882721955,
        0.02416583882721955,
        0.019197576951241725,
        0.01795073214952774,
        0.01795073214952774,
        0.017883455625279588,
        0.013872429930010696,
        0.013872429930010696,
        0.013872429930010696,
        0.013392427529784924,
        0.013392427529784924,
        0.013392427529784924,
        0.013392427529784924,
        0.01279526859329533,
        0.0125086733501186,
        0.0125086733501186,
        0.011786178092847788,
        0.010596446599710386,
        0.010133683633397294,
        0.009602820940302372,
        0.009354370863351705,
        0.009354370863351705,
        0.009055935781569813,
        0.009055935781569813,
        0.008693862061317805,
        0.008693862061317805,
        0.008643216208302298,
        0.008456879739798136,
        0.008123348842411945,
        0.00785674065626983,
        0.00771699426727559,
        0.007242582412490696,
        0.0069645286546103835,
        0.0069645286546103835,
        0.006718505710714538,
        0.0065715395012394115,
        0.00655841024657136,
        0.006426148565236751,
        0.006384578321130858,
        0.0060891061812678275,
        0.005967973534023923,
        0.005967973534023923,
        0.005920367614917941,
        0.005802182461273378,
        0.005802182461273378,
        0.005730695218610459,
        0.005697793266588076,
        0.0054438409287159316,
        0.005420556647625473,
        0.004931765050854159,
        0.0047750247822138155,
        0.0047750247822138155,
        0.004208891765100364,
        0.0035962544587147707,
        0.0034836175560975873,
        0.0029978355413173056,
        0.0024879045181931737,
        0.002289670765453113,
        0.0021940321559250743,
        0.0021418561703551264,
        0.001942527269513627,
        0.0018482642162278653,
        0.0017975219516215772,
        0.001678919252917694,
        0.0015432430239071978,
        0.0014452757920820343,
        0.001431426424977191,
        0.0013304928426580499,
        0.0013096275872689527,
        0.0012772503671901307,
        0.0011845401183065223,
        0.0011845401183065223,
        0.001179288068669169,
        0.0011501169926704294,
        0.0011298872512184664,
        0.0010555522295789556,
        0.000995162702387581,
        0.0009863314880836397,
        0.0009853125974838839,
        0.0009853125974838839,
        0.0009422807430603542,
        0.0007763445900517683,
        0.0007112299613672317,
        0.0006430729919413523,
        0.0005552323668012491,
        0.000490892586352649,
        0.0003998574788195455,
        0.000379631882497798,
        0.0003048079450859861,
        0.0003048079450859861,
        0.0002593778471781796,
