{
    "objective": "sphere",
    "evaluation_mode": null,
    "best_value": 5.183268099061984e-09,
    "best_position": [
        1.7191783148728212e-05,
        1.2969372116048742e-05,
        -4.826271262293431e-06,
        1.2064997790319435e-05,
        2.524562388068026e-06,
        1.108453379775594e-05,
        8.767856319042897e-06,
        -3.1624891627058326e-06,
        3.0010248245532057e-06,
        4.152233138538001e-06,
        -1.7740973485656767e-05,
        1.207227178504055e-06,
        6.565193957041153e-06,
        6.4134827694044135e-06,
        2.5929875642687067e-05,
        6.585316606654153e-06,
        -1.098564690457666e-05,
        -9.979826833905238e-06,
        -2.1909779090311382e-05,
        -2.285808264704786e-06,
        5.5898060921290335e-06,
        1.019697733542151e-05,
        -3.0807052885699175e-05,
        -6.185732471955675e-06,
        1.4970692940841567e-05,
        -2.0276834585442297e-05,
        -4.07542370725269e-06,
        -1.2482121088376281e-05,
        1.0015328573211694e-05,
        2.1354818330972202e-05
    ],
    "elapsed_time_s": 0.03508930001407862,
    "iterations_completed": 500,
    "best_value_history": [
        145.06636661965766,
        145.06636661965766,
        145.06636661965766,
        133.6196123172422,
        91.62825440101241,
        91.62825440101241,
        91.62825440101241,
        91.62825440101241,
        88.93554861410556,
        76.62566122982679,
        76.62566122982679,
        71.09818135913159,
        53.03696481043809,
        50.04449334941731,
        50.04449334941731,
        50.013657042456295,
        50.013657042456295,
        50.013657042456295,
        36.86451468649114,
        31.741432910339167,
        30.895093876491384,
        28.482844979872684,
        28.295921807717153,
        26.057375347605443,
        26.057375347605443,
        24.116746344937205,
        22.188312581678648,
        22.188312581678648,
        22.188312581678648,
        17.88006403766709,
        17.88006403766709,
        17.88006403766709,
        17.88006403766709,
        17.88006403766709,
        17.377533727007766,
        14.687102567087255,
        14.687102567087255,
        13.744425129706324,
        13.744425129706324,
        12.481691798522256,
        12.481691798522256,
        11.66999199496513,
        11.52461423256861,
        10.909675790563991,
        10.647679905083116,
        10.357530651334494,
        9.259328370929598,
        9.259328370929598,
        9.106567131943523,
        9.106567131943523,
        8.181305266185719,
        7.511003117794297,
        7.396401726759181,
        6.06606771925607,
        6.06606771925607,
        5.5669883864095135,
        5.5669883864095135,
        5.550487133074961,
        5.439351595988647,
        4.731499524851295,
        4.731499524851295,
        4.570270074857239,
        4.086534131746842,
        3.8517670291319783,
        3.8517670291319783,
        3.666604979952521,
        3.4437478578784333,
        3.4437478578784333,
        3.2109814037540425,
        2.2539059082257404,
        1.9388773603197889,
        1.9388773603197889,
        1.720729394671317,
        1.595718327303813,
        1.595718327303813,
        1.5426582109292877,
        1.4853491241154364,
        1.3581535184300453,
        1.2087464974168776,
        1.059007882583261,
        1.059007882583261,
        1.059007882583261,
        1.0348477891857162,
        0.9449047527354935,
        0.9449047527354935,
        0.8802370909164607,
        0.8802370909164607,
        0.8346894510630676,
        0.8133019965780416,
        0.7860660441850716,
        0.7465091385351015,
        0.721507525886336,
        0.6868017584659938,
        0.6327279294450932,
        0.5816270288744075,
        0.5502005712769151,
        0.4704665097024254,
        0.4704665097024254,
        0.4609467189735788,
        0.42301131896626465,
        0.38580388028346974,
        0.38580388028346974,
        0.3289464985868767,
        0.3021879967688008,
        0.3021879967688008,
        0.21361170879502397,
        0.21361170879502397,
        0.1961924696967944,
        0.1961924696967944,
        0.1615917255049715,
        0.15707949307116253,
        0.15707949307116253,
        0.15707949307116253,
        0.14734995011039556,
        0.13455010756144534,
        0.12898787611791626,
        0.12365422268965394,
        0.1181801628542879,
        0.10638090121804707,
        0.10638090121804707,
        0.10176626949854832,
        0.09722852490175195,
        0.09722852490175195,
        0.0965266936649222,
        0.09444121710345546,
        0.09188837875121401,
        0.08456043108431352,
        0.08456043108431352,
        0.08276037389972808,
        0.08029422513344882,
        0.07654104268805688,
        0.07455399797306816,
        0.07312671250149315,
        0.07312671250149315,
        0.0727197415257361,
        0.07068569237786249,
        0.06980207248263232,
        0.06533747264168849,
        0.06129606291960066,
        0.06129606291960066,
        0.05585609924789325,
        0.05585609924789325,
        0.05585609924789325,
        0.054136382575424295,
        0.054136382575424295,
        0.054136382575424295,
        0.05157259397793431,
        0.04633865810432184,
        0.04572574067547059,
        0.044638432314140074,
        0.03913940525589883,
        0.03304250009685212,
        0.03304250009685212,
        0.029216030660269177,
        0.028456924105027637,
        0.025298283629690107,
        0.02125390769344291,
        0.019639406036081372,
        0.019639406036081372,
        0.019587539314114936,
        0.01656245898680048,
        0.01656245898680048,
        0.016451534234495593,
        0.01224661115661582,
        0.012129400050078796,
        0.012129400050078796,
        0.011674524769533137,
        0.011674524769533137,
        0.011510143642461015,
        0.009311874223153547,
        0.008777737709834798,
        0.006993536863562795,
        0.0061799904304823735,
        0.0059640477550525345,
        0.005096623486437646,
        0.005011020607280886,
        0.004183656358921668,
        0.004183656358921668,
        0.00380698180119082,
        0.00380698180119082,
        0.00346605640483569,
        0.003415489332757365,
        0.0028710260817198185,
        0.002584407805052055,
        0.002435950178665217,
        0.0023817531032030424,
        0.0023817531032030424,
        0.002219103082757914,
        0.002219103082757914,
        0.00199094995730848,
        0.00199094995730848,
        0.00199094995730848,
        0.0019717507596896484,
        0.0018180113066978971,
        0.0018139716004716365,
        0.001645575162814549,
        0.0016239828943057325,
        0.001601233977760379,
        0.0014267617386103644,
        0.0014035011191058295,
        0.0013494691156038154,
        0.001295353732627828,
        0.001210739501083475,
        0.0011856256286701349,
        0.0011534904456013007,
        0.0011534904456013007,
        0.0011534904456013007,
        0.001071381881244337,
        0.0010053529494180164,
        0.0009296527421571017,
        0.0008948891899490279,
        0.0008909602398097014,
        0.0007475238047378155,
        0.0006806609183442869,
        0.0006220928188169017,
        0.0006220928188169017,
        0.0006083339040827772,
        0.0006054904179491725,
        0.0005294956251752236,
        0.0005283849031499299,
        0.0004976731083776447,
        0.0004652885699962818,
        0.00043173927938571286,
        0.00043173927938571286,
        0.0003969726525109294,
        0.00036906705889848087,
        0.00035573754528744856,
        0.00035573754528744856,
        0.00034505628881567504,
        0.00031599316443716585,
        0.0002952204564533543,
        0.0002952204564533543,
        0.0002827001384278852,
        0.00026272448431657766,
        0.00026272448431657766,
