{
    "objective": "sphere",
    "evaluation_mode": null,
    "best_value": 3.993238694447711e-07,
    "best_position": [
        1.4026979802666595e-06,
        0.00018477301837700055,
        -5.220361603785421e-05,
        -0.0003478144270234751,
        5.9648213254670686e-05,
        0.0002575211423526869,
        -2.131721171677201e-05,
        1.4006107957390424e-05,
        6.26173653152936e-05,
        2.6883859788313794e-05,
        -6.641569833720617e-06,
        -2.645618208512536e-05,
        -3.2334146413331064e-05,
        1.805968289120043e-06,
        -4.051391547618319e-05,
        0.0003030820340659718,
        -5.110788438315092e-05,
        4.271026975468883e-05,
        -4.249686737439121e-05,
        -2.798483079926496e-05,
        1.056165290999478e-07,
        2.8627384781499722e-05,
        7.837585974873243e-05,
        -4.260617262737425e-05,
        -0.00010933092600983436,
        -5.114848102231242e-05,
        -9.668446779566861e-05,
        -0.00014911260654702711,
        -1.8596953812328013e-06,
        9.518548330700206e-05
    ],
    "elapsed_time_s": 0.035290999920107424,
    "iterations_completed": 500,
    "best_value_history": [
        105.17360352518241,
        105.17360352518241,
        105.17360352518241,
        105.17360352518241,
        102.79998021675965,
        86.58162174165678,
        86.58162174165678,
        79.92956723486613,
        68.26078351237737,
        68.26078351237737,
        68.26078351237737,
        68.26078351237737,
        68.26078351237737,
        64.07383979121873,
        57.466932953575636,
        57.466932953575636,
        57.466932953575636,
        57.466932953575636,
        45.68437888397148,
        37.58710563378853,
        37.58710563378853,
        37.58710563378853,
        26.015860623034836,
        26.015860623034836,
        25.383683161923397,
        24.876840701260463,
        22.215838720423104,
        21.58043622486954,
        19.107865229256657,
        19.107865229256657,
        15.562494337935686,
        15.562494337935686,
        15.562494337935686,
        13.716681937076663,
        12.742009988579662,
        11.956718066800642,
        11.389837217521123,
        9.649997482078629,
        9.079985230455536,
        9.079985230455536,
        9.079985230455536,
        9.079985230455536,
        9.079985230455536,
        8.762923275028198,
        8.101084606113634,
        8.101084606113634,
        8.101084606113634,
        6.9459064605763805,
        6.131838895963791,
        6.131838895963791,
        6.131838895963791,
        5.774922677796214,
        5.506071240208504,
        5.3022733706166,
        5.3022733706166,
        5.3022733706166,
        5.3022733706166,
        5.050590505931517,
        5.050590505931517,
        4.9149311928984085,
        4.653278074248979,
        4.653278074248979,
        4.587965814194798,
        4.260605971693876,
        3.785994654107966,
        3.681892022520463,
        3.681892022520463,
        3.4760562848685415,
        3.0597229917465136,
        2.530038939714524,
        2.530038939714524,
        2.3270008699292064,
        2.3270008699292064,
        2.295895511349667,
        2.0479337240208286,
        2.034893596000323,
        1.7592718809605976,
        1.7592718809605976,
        1.7592718809605976,
        1.5467285790653689,
        1.5090659928574635,
        1.273915665102726,
        1.115614307948979,
        1.0131649690062623,
        0.8821240771428742,
        0.8205880170527798,
        0.7726449690778693,
        0.6001085276275212,
        0.6001085276275212,
        0.6001085276275212,
        0.5946056961226884,
        0.5623297295462353,
        0.544422297398979,
        0.5221984114738671,
        0.47955267613521096,
        0.3855741732683341,
        0.3855741732683341,
        0.3855741732683341,
        0.3431448231037218,
        0.3132001226048394,
        0.2846533875137885,
        0.2505823566698132,
        0.2505823566698132,
        0.2505823566698132,
        0.22370280794431416,
        0.21388644871979806,
        0.21388644871979806,
        0.20971723564411535,
        0.20971723564411535,
        0.20190279159978636,
        0.1995160912508481,
        0.1995160912508481,
        0.16988836377732494,
        0.16189254307060771,
        0.15899323885525826,
        0.15899323885525826,
        0.15899323885525826,
        0.15899323885525826,
        0.14977661624695648,
        0.14187382681129515,
        0.13450230089033105,
        0.12968367072926915,
        0.12968367072926915,
        0.11617517467337339,
        0.11617517467337339,
        0.11586821554610756,
        0.1151215961213609,
        0.11388673413947596,
        0.11388673413947596,
        0.11388673413947596,
        0.10913076563442177,
        0.10913076563442177,
        0.10853778477452491,
        0.10791503990002133,
        0.10661836892536612,
        0.10405875738303698,
        0.09909166740109568,
        0.09909166740109568,
        0.09909166740109568,
        0.09510601574212257,
        0.09500967072760885,
        0.09494164288562938,
        0.09250111454602529,
        0.0890004795927508,
        0.08748889967128635,
        0.0829319448914993,
        0.07693275916667473,
        0.07693275916667473,
        0.07693275916667473,
        0.07693275916667473,
        0.07693275916667473,
        0.07664588115671606,
        0.0757680113666355,
        0.07057612188848755,
        0.06972031108617248,
        0.06972031108617248,
        0.06972031108617248,
        0.06972031108617248,
        0.06972031108617248,
        0.06925842195430981,
        0.06925842195430981,
        0.06826176096124068,
        0.0659253167937183,
        0.0659253167937183,
        0.06519403534674328,
        0.06476569240733726,
        0.06476569240733726,
        0.060651519288448315,
        0.05958919644490134,
        0.05813322286526179,
        0.05751328759807173,
        0.05694375560345217,
        0.053936385374951004,
        0.04932776981536905,
        0.04806074304696378,
        0.04638297853679159,
        0.04451888141655725,
        0.04451888141655725,
        0.04217416024192575,
        0.041546504657640516,
        0.04109191426727501,
        0.0402163000777766,
        0.03932681607717566,
        0.03854584730529334,
        0.03792093657888153,
        0.03792093657888153,
        0.03664460351007367,
        0.03418131187009886,
        0.03231801964163256,
        0.030392259467151597,
        0.029757510387998735,
        0.027074148820823634,
        0.025982101469734075,
        0.025751945542506944,
        0.025473821323255055,
        0.025473821323255055,
        0.024526944453549006,
        0.023482309613927364,
        0.023058991262751075,
        0.022846721228898532,
        0.022846721228898532,
        0.022846721228898532,
        0.022846721228898532,
        0.022846721228898532,
        0.022085142708452,
        0.02200969087075625,
        0.02200969087075625,
        0.02169213303599769,
        0.021536083121157252,
        0.021184353312349136,
        0.02102005133003377,
        0.020875026169280386,
        0.020875026169280386,
        0.020875026169280386,
        0.020754149465217538,
        0.02062893550675605,
        0.02060577791979335,
        0.020054289351835564,
        0.020054289351835564,
        0.019859908823616268,
        0.019859908823616268,
        0.01928033119978987,
        0.01886339052817657,
        0.018720974065381445,
        0.01819447967373867,
        0.016757270771550994,
        0.015119470688579106,
        0.013549925740161804,
        0.011783582850778648,
        0.011092387127601439,
        0.009542241761562407,
        0.00848982443998016,
        0.00728001737602427,
        0.006699612257567178,
        0.00618369236938786,
        0.005914965738424174,
        0.0057914350093624,
        0.00550773111561647,
        0.005349479269716602,
