{
    "objective": "sphere",
    "evaluation_mode": null,
    "best_value": 0.3132001226048394,
    "best_position": [
        0.003367962454155257,
        -0.0146586417879528,
        -0.08272609543676115,
        0.12973430508607298,
        -0.026339691008750415,
        0.05167859558409066,
        0.09519404928355477,
        -0.050971318976544736,
        0.15987760642711454,
        -0.03124196281751543,
        0.07406422427867802,
        0.25224637926264215,
        -0.019845113161666664,
        0.09225219705186168,
        -0.15070188562063777,
        0.16974631977352206,
        0.16903440675418618,
        -0.02267599549584532,
        0.060898005761941154,
        0.15737700621267145,
        0.012393421304121188,
        0.06404978656397028,
        -0.16166345737306984,
        0.06535766196699964,
        -0.10442511702338964,
        -0.0019973067074727756,
        0.021412041000576476,
        0.018231867919235867,
        -0.11907067438494937,
        -0.009599962942264895
    ],
    "elapsed_time_s": 0.007295300019904971,
    "iterations_completed": 100,
    "best_value_history": [
        105.17360352518241,
        105.17360352518241,
        105.17360352518241,
        105.17360352518241,
        102.79998021675965,
        86.58162174165678,
        86.58162174165678,
        79.92956723486613,
        68.26078351237737,
        68.26078351237737,
        68.26078351237737,
        68.26078351237737,
        68.26078351237737,
        64.07383979121873,
        57.466932953575636,
        57.466932953575636,
        57.466932953575636,
        57.466932953575636,
        45.68437888397148,
        37.58710563378853,
        37.58710563378853,
        37.58710563378853,
        26.015860623034836,
        26.015860623034836,
        25.383683161923397,
        24.876840701260463,
        22.215838720423104,
        21.58043622486954,
        19.107865229256657,
        19.107865229256657,
        15.562494337935686,
        15.562494337935686,
        15.562494337935686,
        13.716681937076663,
        12.742009988579662,
        11.956718066800642,
        11.389837217521123,
        9.649997482078629,
        9.079985230455536,
        9.079985230455536,
        9.079985230455536,
        9.079985230455536,
        9.079985230455536,
        8.762923275028198,
        8.101084606113634,
        8.101084606113634,
        8.101084606113634,
        6.9459064605763805,
        6.131838895963791,
        6.131838895963791,
        6.131838895963791,
        5.774922677796214,
        5.506071240208504,
        5.3022733706166,
        5.3022733706166,
        5.3022733706166,
        5.3022733706166,
        5.050590505931517,
        5.050590505931517,
        4.9149311928984085,
        4.653278074248979,
        4.653278074248979,
        4.587965814194798,
        4.260605971693876,
        3.785994654107966,
        3.681892022520463,
        3.681892022520463,
        3.4760562848685415,
        3.0597229917465136,
        2.530038939714524,
        2.530038939714524,
        2.3270008699292064,
        2.3270008699292064,
        2.295895511349667,
        2.0479337240208286,
        2.034893596000323,
        1.7592718809605976,
        1.7592718809605976,
        1.7592718809605976,
        1.5467285790653689,
        1.5090659928574635,
        1.273915665102726,
        1.115614307948979,
        1.0131649690062623,
        0.8821240771428742,
        0.8205880170527798,
        0.7726449690778693,
        0.6001085276275212,
        0.6001085276275212,
        0.6001085276275212,
        0.5946056961226884,
        0.5623297295462353,
        0.544422297398979,
        0.5221984114738671,
        0.47955267613521096,
        0.3855741732683341,
        0.3855741732683341,
        0.3855741732683341,
        0.3431448231037218,
        0.3132001226048394
    ],
    "config": {
        "num_particles": 30,
        "dimensions": 30,
        "max_iterations": 100,
        "inertia_weight": 0.7,
        "cognitive_coefficient": 1.5,
        "social_coefficient": 1.5,
        "seed": 3,
        "tolerance": 0.0,
        "stagnation_patience": null,
        "track_history": true
    }
}