{
    "objective": "rastrigin",
    "evaluation_mode": "multiprocessing",
    "best_value": 1.908441693617405e-30,
    "best_position": [
        -1.2749050889975796e-15,
        -5.320326189863536e-16
    ],
    "elapsed_time_s": 0.26504800003021955,
    "iterations_completed": 100,
    "best_value_history": [
        5.372982894787583,
        2.564493159296751,
        2.564493159296751,
        1.9304433509420327,
        1.544705657019376,
        1.544705657019376,
        1.3971289006308139,
        0.8397731233865375,
        0.8397731233865375,
        0.35066708702334987,
        0.35066708702334987,
        0.12233326118343962,
        0.1107203412212363,
        0.10157395017374678,
        0.10157395017374678,
        0.016035305112620853,
        0.016035305112620853,
        0.011622767224629358,
        0.011622767224629358,
        0.0032016770975772,
        0.0032016770975772,
        0.0003877085858961559,
        0.0003877085858961559,
        7.19663630481811e-05,
        7.19663630481811e-05,
        1.9912601941194953e-06,
        1.9912601941194953e-06,
        1.9912601941194953e-06,
        1.9912601941194953e-06,
        1.9912601941194953e-06,
        1.4902802777161834e-06,
        5.019705501569236e-07,
        5.019705501569236e-07,
        3.8260979802553076e-07,
        9.568123446220278e-08,
        2.9459053025715424e-08,
        4.034888862317483e-09,
        3.22638929921425e-09,
        1.8456440912962262e-09,
        1.5198545666438443e-09,
        4.468009538774105e-10,
        4.468009538774105e-10,
        4.069529201490927e-10,
        2.5262451736292673e-10,
        2.5262451736292673e-10,
        2.913700805577659e-11,
        2.938027059984616e-12,
        2.938027059984616e-12,
        2.938027059984616e-12,
        2.938027059984616e-12,
        1.003143747614748e-12,
        8.513940538754086e-13,
        2.0196506413153866e-13,
        8.814918668845582e-14,
        3.459257923667137e-14,
        3.459257923667137e-14,
        3.459257923667137e-14,
        1.2274014551504035e-14,
        2.2303121676521572e-15,
        2.2303121676521572e-15,
        2.2303121676521572e-15,
        2.2264361683121144e-15,
        1.1146639313698218e-15,
        1.113664802907601e-15,
        1.1042437678170424e-18,
        9.131311543618554e-20,
        9.131311543618554e-20,
        8.651702571211205e-20,
        3.879220588755325e-21,
        3.879220588755325e-21,
        3.879220588755325e-21,
        2.409239508598915e-21,
        2.409239508598915e-21,
        1.1493226773679687e-21,
        6.087888564670476e-22,
        1.215846319817956e-22,
        1.1349654631005623e-22,
        6.332606539355195e-23,
        2.0811091759731615e-24,
        1.5035850985917068e-24,
        1.1235324804785896e-24,
        1.1235324804785896e-24,
        5.071219692129183e-25,
        4.487084127456515e-25,
        4.137216274066662e-25,
        2.8055942675364605e-25,
        1.7287146900702733e-25,
        7.248850939452029e-26,
        1.1970800891856991e-26,
        6.400087617344473e-27,
        3.179707199455361e-27,
        2.451908286552021e-27,
        2.451908286552021e-27,
        8.059713255220126e-29,
        8.059713255220126e-29,
        7.388387023205275e-29,
        1.0267261782933489e-29,
        1.0267261782933489e-29,
        1.908441693617405e-30,
        1.908441693617405e-30
    ],
    "swarm_position_history": null,
    "timing_stats": {
        "total_time_s": 0.265041199978441,
        "fitness_time_s": 0.2600599001161754,
        "velocity_update_time_s": 0.0016914994921535254,
        "position_update_time_s": 0.0007196005899459124
    },
    "config": {
        "num_particles": 30,
        "dimensions": 2,
        "max_iterations": 100,
        "inertia_weight": 0.4,
        "cognitive_coefficient": 1.5,
        "social_coefficient": 1.0,
        "seed": 2,
        "tolerance": 0.0,
        "stagnation_patience": null,
        "track_history": true,
        "track_swarm_history": false
    }
}