{
    "objective": "rastrigin",
    "evaluation_mode": "multiprocessing",
    "best_value": 2.3070139255989837e-33,
    "best_position": [
        -4.714932165600362e-17,
        9.162717554180731e-18
    ],
    "elapsed_time_s": 0.27525649999734014,
    "iterations_completed": 100,
    "best_value_history": [
        3.65608266066801,
        1.7745851330276021,
        0.09205122471739234,
        0.09205122471739234,
        0.09205122471739234,
        0.09205122471739234,
        0.09205122471739234,
        0.0341896449645682,
        0.0341896449645682,
        0.0341896449645682,
        0.0341896449645682,
        0.0341896449645682,
        0.03223728164174901,
        0.03012486352448249,
        0.025602124711368413,
        0.004984452612070361,
        0.0030249218410132814,
        0.0003952457480113746,
        0.00019489180605137012,
        5.751054924899676e-05,
        1.5748794018456822e-05,
        1.5748794018456822e-05,
        4.526153540781058e-07,
        4.526153540781058e-07,
        2.6044326526161868e-08,
        2.6044326526161868e-08,
        2.6044326526161868e-08,
        2.6044326526161868e-08,
        2.9208267410873526e-09,
        2.9208267410873526e-09,
        2.9208267410873526e-09,
        1.4835705541101304e-09,
        1.4835705541101304e-09,
        1.4835705541101304e-09,
        7.569429496278034e-10,
        7.569429496278034e-10,
        2.3519831276350844e-11,
        2.3519831276350844e-11,
        1.4172381587867892e-11,
        1.4172381587867892e-11,
        1.8299926042458158e-13,
        1.8299926042458158e-13,
        1.8299926042458158e-13,
        1.8299926042458158e-13,
        1.6179765081056206e-13,
        1.6179765081056206e-13,
        1.405976480265869e-13,
        2.901638417693381e-14,
        3.3460826447012517e-15,
        3.3460826447012517e-15,
        1.114423076055523e-15,
        1.1132281809092244e-15,
        2.2410305783209957e-18,
        1.7319605618651965e-18,
        1.5468296165595222e-18,
        1.4757367682415159e-18,
        5.2159826084878405e-19,
        9.179521189068542e-20,
        1.2584475968761707e-20,
        1.2584475968761707e-20,
        3.532130423920252e-21,
        8.112597477914012e-22,
        3.357223879400713e-22,
        3.357223879400713e-22,
        3.357223879400713e-22,
        3.357223879400713e-22,
        1.4811490018780738e-22,
        4.373609054922852e-23,
        4.373609054922852e-23,
        4.373609054922852e-23,
        2.448337731781597e-23,
        1.2728524541303087e-23,
        9.324310344176346e-24,
        4.3120355454314326e-24,
        2.440127893231998e-24,
        7.506429417411459e-25,
        1.4672506961425782e-25,
        7.066823991304328e-26,
        2.0424966754820522e-26,
        5.5022979147675315e-27,
        5.5022979147675315e-27,
        2.4646619012456906e-27,
        7.17296126252652e-29,
        7.17296126252652e-29,
        7.17296126252652e-29,
        4.0152421829337514e-29,
        2.784080424239254e-30,
        2.784080424239254e-30,
        2.784080424239254e-30,
        2.4044374609748285e-30,
        2.3964667766123258e-30,
        1.461440575240712e-30,
        1.2532563762538985e-30,
        5.770822295422581e-31,
        1.2660506372388304e-32,
        1.2660506372388304e-32,
        1.2660506372388304e-32,
        2.3070139255989837e-33,
        2.3070139255989837e-33,
        2.3070139255989837e-33
    ],
    "swarm_position_history": null,
    "timing_stats": {
        "total_time_s": 0.2752499000634998,
        "fitness_time_s": 0.26982210017740726,
        "velocity_update_time_s": 0.002039499464444816,
        "position_update_time_s": 0.0007517006015405059
    },
    "config": {
        "num_particles": 30,
        "dimensions": 2,
        "max_iterations": 100,
        "inertia_weight": 0.4,
        "cognitive_coefficient": 1.5,
        "social_coefficient": 1.0,
        "seed": 1,
        "tolerance": 0.0,
        "stagnation_patience": null,
        "track_history": true,
        "track_swarm_history": false
    }
}