{
    "objective": "sphere",
    "evaluation_mode": null,
    "best_value": 2.4129062610603837e-06,
    "best_position": [
        0.00040321396571428765,
        0.0002687505762248735,
        -0.00015334449772499536,
        0.00030760887402595503,
        0.00037284101250290524,
        0.0011973057951272736,
        -0.0006091257853544157,
        0.00033326961799140536,
        -6.576726664594165e-05,
        3.13105518747114e-05
    ],
    "elapsed_time_s": 0.026410299993585795,
    "iterations_completed": 100,
    "best_value_history": [
        27.33171042498901,
        27.33171042498901,
        18.794413228446658,
        12.814523584239126,
        11.423080374667727,
        11.423080374667727,
        11.423080374667727,
        5.707420816353989,
        5.692716090263485,
        5.692716090263485,
        5.569198500946924,
        5.245827873189564,
        5.245827873189564,
        2.3116463039777204,
        2.2244562097858958,
        2.2244562097858958,
        0.5517356170782843,
        0.5517356170782843,
        0.5517356170782843,
        0.5517356170782843,
        0.4215864231297799,
        0.35177427518829935,
        0.35177427518829935,
        0.35177427518829935,
        0.35177427518829935,
        0.35177427518829935,
        0.24776282556403076,
        0.24776282556403076,
        0.18192872277376193,
        0.17201535957903374,
        0.14360607370977554,
        0.14142074375396044,
        0.09502947699305417,
        0.07515799390522016,
        0.06870134775823948,
        0.06870134775823948,
        0.05573854094804904,
        0.0367677915364784,
        0.0367677915364784,
        0.029311584795232413,
        0.025893380403396907,
        0.021965837073746296,
        0.021965837073746296,
        0.01845990771782556,
        0.01082875811880824,
        0.01082875811880824,
        0.01082875811880824,
        0.01082875811880824,
        0.007139145329890408,
        0.007139145329890408,
        0.005283831509470448,
        0.002726873910567082,
        0.002726873910567082,
        0.0016973415343930062,
        0.0016973415343930062,
        0.0015037783785758702,
        0.0015037783785758702,
        0.000629217966996228,
        0.000629217966996228,
        0.000629217966996228,
        0.0005967256018971523,
        0.0004391347257180517,
        0.0004391347257180517,
        0.0004391347257180517,
        0.0004391347257180517,
        0.000413605432519936,
        0.000413605432519936,
        0.0002702059808251746,
        0.0002702059808251746,
        0.0002702059808251746,
        0.00020520427821728467,
        0.00010179453139092898,
        0.00010179453139092898,
        9.857344749266508e-05,
        7.645258400689961e-05,
        7.384210435530229e-05,
        7.384210435530229e-05,
        7.384210435530229e-05,
        7.384210435530229e-05,
        7.384210435530229e-05,
        7.384210435530229e-05,
        3.316769904576929e-05,
        3.316769904576929e-05,
        3.316769904576929e-05,
        1.3549613159841558e-05,
        1.3549613159841558e-05,
        1.3549613159841558e-05,
        1.2878725080655535e-05,
        1.2878725080655535e-05,
        1.2878725080655535e-05,
        1.1601099483761133e-05,
        1.1601099483761133e-05,
        1.1601099483761133e-05,
        1.0394375024454507e-05,
        5.048768081631422e-06,
        4.971015385766877e-06,
        2.4129062610603837e-06,
        2.4129062610603837e-06,
        2.4129062610603837e-06,
        2.4129062610603837e-06
    ],
    "config": {
        "num_particles": 30,
        "dimensions": 10,
        "max_iterations": 100,
        "inertia_weight": 0.7,
        "cognitive_coefficient": 1.5,
        "social_coefficient": 1.5,
        "seed": 0,
        "tolerance": 0.0,
        "stagnation_patience": null,
        "track_history": true
    }
}