{
    "objective": "sphere",
    "evaluation_mode": null,
    "best_value": 7.535766115919655e-30,
    "best_position": [
        9.841631394598678e-18,
        -1.5739633001272328e-15,
        -2.794585753237107e-16,
        -3.94057575791841e-16,
        -5.513665974952105e-16,
        -1.1685762251693371e-15,
        7.019562385160469e-16,
        7.895026708534494e-16,
        -1.3288332549083252e-15,
        -5.229722300579562e-16
    ],
    "elapsed_time_s": 0.17949170002248138,
    "iterations_completed": 500,
    "best_value_history": [
        31.637149268327292,
        30.000354094162198,
        13.36476971006648,
        13.36476971006648,
        7.5152709027396645,
        7.5152709027396645,
        6.789234275110083,
        4.792379272564454,
        4.792379272564454,
        4.792379272564454,
        4.466742739179319,
        4.163909403014938,
        4.163909403014938,
        3.7089396543149995,
        3.7089396543149995,
        2.0238220065464736,
        2.0238220065464736,
        2.0238220065464736,
        2.0238220065464736,
        1.1658022731061846,
        0.9266193552943712,
        0.9266193552943712,
        0.9266193552943712,
        0.7878323841304967,
        0.7878323841304967,
        0.3837499101981132,
        0.3319538911542014,
        0.3319538911542014,
        0.3319538911542014,
        0.31548905365078084,
        0.2711340836532645,
        0.2711340836532645,
        0.15606512954458446,
        0.15606512954458446,
        0.15606512954458446,
        0.09167735877427755,
        0.09167735877427755,
        0.07585883563295331,
        0.07585883563295331,
        0.07585883563295331,
        0.06036816533290165,
        0.0502256863365393,
        0.05005555302432297,
        0.04302189281624737,
        0.04302189281624737,
        0.015444356286730349,
        0.014623775905277891,
        0.014623775905277891,
        0.014623775905277891,
        0.014623775905277891,
        0.009031366938332359,
        0.009031366938332359,
        0.009031366938332359,
        0.00664615969270093,
        0.004413321409075621,
        0.004148051804562179,
        0.004148051804562179,
        0.004148051804562179,
        0.00400042532066792,
        0.0039599918938351035,
        0.0024669811681550615,
        0.0024669811681550615,
        0.002351405719857101,
        0.0010487459095131556,
        0.0010487459095131556,
        0.0010487459095131556,
        0.0010487459095131556,
        0.0010487459095131556,
        0.0010487459095131556,
        0.0006972507835427838,
        0.0006972507835427838,
        0.0006035368236688825,
        0.0006035368236688825,
        0.0006035368236688825,
        0.00046566309174007317,
        0.0003384848686356044,
        0.0002573318268779959,
        0.00024665548439975927,
        0.00022524824979245017,
        0.0002211947394970411,
        0.0002211947394970411,
        0.0002211947394970411,
        0.0001967497398543037,
        0.00014813546825747184,
        0.0001450259008197549,
        0.00010658654822355952,
        0.00010658654822355952,
        0.00010658654822355952,
        0.00010658654822355952,
        6.144739333212201e-05,
        6.144739333212201e-05,
        6.144739333212201e-05,
        6.144739333212201e-05,
        3.7411347134261384e-05,
        3.7411347134261384e-05,
        3.4019875698448644e-05,
        3.4019875698448644e-05,
        3.4019875698448644e-05,
        3.4019875698448644e-05,
        2.804596185589821e-05,
        2.6399709789293024e-05,
        2.356952184190414e-05,
        2.356952184190414e-05,
        2.117419224053606e-05,
        1.7173906230937544e-05,
        1.7173906230937544e-05,
        1.7173906230937544e-05,
        1.2314038083117424e-05,
        8.546552777912004e-06,
        8.546552777912004e-06,
        5.945796421466075e-06,
        5.945796421466075e-06,
        5.662843031515464e-06,
        4.747657457396627e-06,
        4.181124704699775e-06,
        3.97732213418967e-06,
        2.3203634713995463e-06,
        2.3203634713995463e-06,
        2.3203634713995463e-06,
        1.9517345372656555e-06,
        8.453876444812276e-07,
        8.453876444812276e-07,
        8.453876444812276e-07,
        2.3790722067817316e-07,
        2.3790722067817316e-07,
        1.443823330410002e-07,
        1.443823330410002e-07,
        1.443823330410002e-07,
        1.443823330410002e-07,
        8.001399276337192e-08,
        4.8612367589694035e-08,
        4.8612367589694035e-08,
        4.5583402563966297e-08,
        4.5583402563966297e-08,
        4.15366536707098e-08,
        2.4046274964372733e-08,
        2.3512457929270277e-08,
        2.3512457929270277e-08,
        6.9801843379138245e-09,
        6.9801843379138245e-09,
        6.9801843379138245e-09,
        6.9801843379138245e-09,
        6.9801843379138245e-09,
        4.277176305510137e-09,
        4.277176305510137e-09,
        3.4202367290717858e-09,
        3.4202367290717858e-09,
        3.2764776383286783e-09,
        1.9161931706594532e-09,
        1.9161931706594532e-09,
        1.2012515238017495e-09,
        1.2012515238017495e-09,
        1.1496283708012535e-09,
        1.0017426063742099e-09,
        1.0017426063742099e-09,
        6.290337255659687e-10,
        6.290337255659687e-10,
        6.290337255659687e-10,
        6.290337255659687e-10,
        5.907449093705017e-10,
        5.907449093705017e-10,
        5.907449093705017e-10,
        4.679496997054771e-10,
        4.679496997054771e-10,
        4.679496997054771e-10,
        4.679496997054771e-10,
        3.331502219892722e-10,
        3.331502219892722e-10,
        3.331502219892722e-10,
        3.331502219892722e-10,
        2.0086598172146432e-10,
        2.0086598172146432e-10,
        2.0086598172146432e-10,
        1.7926008393796203e-10,
        1.6468179552693802e-10,
        1.5639853974468386e-10,
        1.1322500733329675e-10,
        1.1322500733329675e-10,
        9.399594383898342e-11,
        4.946881736396838e-11,
        4.946881736396838e-11,
        3.096797218813229e-11,
        3.096797218813229e-11,
        3.096797218813229e-11,
        2.7486672144612104e-11,
        2.500856814303552e-11,
        2.500856814303552e-11,
        2.500856814303552e-11,
        2.0392463024193027e-11,
        2.0392463024193027e-11,
        9.09735249798847e-12,
        9.09735249798847e-12,
        9.09735249798847e-12,
        8.534989587991354e-12,
        8.534989587991354e-12,
        8.534989587991354e-12,
        8.431549710064602e-12,
        4.911734494549757e-12,
        4.911734494549757e-12,
        2.832476829854501e-12,
        1.7876788661275772e-12,
        1.7087818945985722e-12,
        1.7087818945985722e-12,
        1.390058648089804e-12,
        1.390058648089804e-12,
        1.1941709913057648e-12,
        9.083867214598038e-13,
        9.083867214598038e-13,
        9.083867214598038e-13,
        9.083867214598038e-13,
        9.083867214598038e-13,
        7.880688176320412e-13,
        7.880688176320412e-13,
        6.836066820270789e-13,
        6.836066820270789e-13,
        6.174181560502562e-13,
        6.174181560502562e-13,
        5.282224541963907e-13,
        5.282224541963907e-13,
        4.975988863156998e-13,
        4.5249429025508646e-13,
        4.1295414224642444e-13,
        4.029234565744327e-13,
        2.671944981842909e-13,
        2.671944981842909e-13,
        2.2211504182169044e-13,
        2.2211504182169044e-13,
        2.2211504182169044e-13,
        2.2211504182169044e-13,
        1.9173283055943212e-13,
        1.7146626882846232e-13,
        1.7146626882846232e-13,
        1.2291834476145006e-13,
        9.917157658288743e-14,
        9.007325286893526e-14,
        8.798321966373312e-14,
        5.28020882122247e-14,
        3.5976103449762516e-14,
        1.2498460069603766e-14,
        1.2498460069603766e-14,
        1.2498460069603766e-14,
        1.2498460069603766e-14,
