{
    "objective": "ackley",
    "evaluation_mode": "multiprocessing",
    "best_value": 0.00886320610300162,
    "best_position": [
        0.0022431706575515497,
        0.001693078616121403,
        0.0034345487935817025,
        -0.00040985980997569247,
        -0.003824999906564342,
        0.0007432115939192501,
        -0.0014073731977237664,
        -0.0019032945593585313,
        -0.0014793416930535643,
        -0.0018871566312501547
    ],
    "elapsed_time_s": 0.23733039991930127,
    "iterations_completed": 100,
    "best_value_history": [
        18.603873741503897,
        18.04316780050932,
        18.04316780050932,
        17.68987301412507,
        17.68987301412507,
        16.713617261828446,
        16.061359965776706,
        14.821359331367258,
        13.704819183752972,
        12.419963241688436,
        12.419963241688436,
        11.213796636471688,
        11.213796636471688,
        9.96222288835419,
        9.703311147265191,
        8.103031880046634,
        8.103031880046634,
        7.991407185909182,
        6.840102491364364,
        6.840102491364364,
        6.840102491364364,
        6.61405548393525,
        5.817883608965115,
        5.40869015484839,
        5.40869015484839,
        4.394915913139442,
        4.342784420232192,
        3.948521960409892,
        3.800224761024151,
        3.641445509390437,
        3.4975208881591873,
        3.4975208881591873,
        3.356356049844145,
        3.0065670561781315,
        2.2142090639076355,
        2.2142090639076355,
        2.1526999396477327,
        2.1526999396477327,
        1.5097375744034882,
        1.5097375744034882,
        1.4691830508663668,
        1.2612163724356482,
        1.2612163724356482,
        1.1932487977661173,
        1.1932487977661173,
        1.0355560350205057,
        1.0355560350205057,
        1.0355560350205057,
        0.9478258652889768,
        0.631206841146231,
        0.631206841146231,
        0.631206841146231,
        0.631206841146231,
        0.23589660528781353,
        0.23589660528781353,
        0.23589660528781353,
        0.23589660528781353,
        0.23589660528781353,
        0.23589660528781353,
        0.14995323962039864,
        0.14995323962039864,
        0.12372459730494656,
        0.1035701237122777,
        0.1035701237122777,
        0.09076816876917393,
        0.09076816876917393,
        0.09076816876917393,
        0.09076816876917393,
        0.08982590958308068,
        0.08982590958308068,
        0.0871720928834141,
        0.06568617682735267,
        0.06534653189998041,
        0.0599429635515496,
        0.056651576652921865,
        0.05440484162850767,
        0.05440484162850767,
        0.05440484162850767,
        0.05440484162850767,
        0.04676899187455108,
        0.03410121653611897,
        0.03410121653611897,
        0.030836659467283756,
        0.0273076196342541,
        0.0273076196342541,
        0.02264846361920947,
        0.019564068038779414,
        0.019564068038779414,
        0.019564068038779414,
        0.016077407111428688,
        0.016077407111428688,
        0.016077407111428688,
        0.016077407111428688,
        0.016077407111428688,
        0.014891531851738637,
        0.012808349154678655,
        0.012356320090863182,
        0.011944489691210425,
        0.009062794213761993,
        0.00886320610300162
    ],
    "timing_stats": {
        "total_time_s": 0.23732499999459833,
        "fitness_time_s": 0.23206039995420724,
        "velocity_update_time_s": 0.0019122000085189939,
        "position_update_time_s": 0.0007780998712405562
    },
    "config": {
        "num_particles": 30,
        "dimensions": 10,
        "max_iterations": 100,
        "inertia_weight": 0.7,
        "cognitive_coefficient": 2.0,
        "social_coefficient": 1.0,
        "seed": 2,
        "tolerance": 0.0,
        "stagnation_patience": null,
        "track_history": true
    }
}