{
    "objective": "ackley",
    "evaluation_mode": "multiprocessing",
    "best_value": 0.02070920286848521,
    "best_position": [
        0.000569590213809857,
        7.019355966423474e-06,
        -0.00966595550685222,
        -0.00428860284413568,
        0.002627141166177729,
        0.0008759681150996464,
        0.007848647349522802,
        2.786267475567497e-05,
        -0.006889492650197655,
        0.0027509339166751343
    ],
    "elapsed_time_s": 0.24042090005241334,
    "iterations_completed": 100,
    "best_value_history": [
        17.160517530143437,
        16.530920206402108,
        15.430326606036074,
        15.403239060677201,
        14.65031089016838,
        13.411030811919696,
        13.182613969346086,
        12.086534311622557,
        8.015190299647006,
        8.015190299647006,
        8.015190299647006,
        8.015190299647006,
        8.015190299647006,
        8.015190299647006,
        8.015190299647006,
        7.900997739436177,
        6.874876657955985,
        6.874876657955985,
        6.874876657955985,
        6.385826074018844,
        6.385826074018844,
        6.06623877210669,
        5.499907587690906,
        5.393767917264903,
        4.498182944412182,
        4.498182944412182,
        4.498182944412182,
        4.1503330490917065,
        4.1503330490917065,
        4.1503330490917065,
        3.88023890736179,
        3.88023890736179,
        3.6922257865113726,
        3.2604782756021007,
        3.2604782756021007,
        3.2468772354594084,
        3.2468772354594084,
        3.1060460010393,
        2.5231470491302592,
        2.5231470491302592,
        2.5231470491302592,
        2.352032078714075,
        1.8513020737256345,
        1.7258332659959383,
        1.6718266452029948,
        1.4909214769376509,
        1.2635509927093556,
        1.2635509927093556,
        1.2635509927093556,
        0.9141497033522481,
        0.6699720880474094,
        0.6699720880474094,
        0.6435498858953399,
        0.6435498858953399,
        0.6083676328919272,
        0.6083676328919272,
        0.6083676328919272,
        0.4656387356204026,
        0.4439676194855733,
        0.3056149958872081,
        0.2906021603800899,
        0.2906021603800899,
        0.2359299341849206,
        0.21788176699612594,
        0.21788176699612594,
        0.20012486497948645,
        0.1911165318668009,
        0.1828733914887768,
        0.1672684027428386,
        0.1528027292069365,
        0.1397660646377905,
        0.1391313981257416,
        0.13604869561921662,
        0.13604869561921662,
        0.12141961294715786,
        0.12141961294715786,
        0.1125301448631153,
        0.08825598552780578,
        0.07754356618629332,
        0.07347917118816527,
        0.07347917118816527,
        0.06853030121442716,
        0.06477752995855157,
        0.0579455210867903,
        0.051113318960770204,
        0.049356029519501465,
        0.0390969369669425,
        0.03822387480663325,
        0.03749341253323779,
        0.03127906518619783,
        0.03127906518619783,
        0.03127906518619783,
        0.03127906518619783,
        0.029084067894718846,
        0.029084067894718846,
        0.027708516985790244,
        0.02286706090601287,
        0.02286706090601287,
        0.021128394689160945,
        0.02070920286848521
    ],
    "timing_stats": {
        "total_time_s": 0.24041540001053363,
        "fitness_time_s": 0.2350774999940768,
        "velocity_update_time_s": 0.001973000355064869,
        "position_update_time_s": 0.0007799997692927718
    },
    "config": {
        "num_particles": 30,
        "dimensions": 10,
        "max_iterations": 100,
        "inertia_weight": 0.7,
        "cognitive_coefficient": 2.0,
        "social_coefficient": 1.0,
        "seed": 3,
        "tolerance": 0.0,
        "stagnation_patience": null,
        "track_history": true
    }
}