{
    "objective": "ackley",
    "evaluation_mode": "multiprocessing",
    "best_value": 0.007620549108918073,
    "best_position": [
        0.000163261326182643,
        -0.00043734668000465146,
        -0.0006748454832522322,
        -0.003309346756108872,
        0.0015996390866000441,
        0.0002529400013235629,
        0.003816320600669838,
        0.0017411436280699482,
        -0.0015307663791842257,
        0.0006134145722848042
    ],
    "elapsed_time_s": 0.2368907000636682,
    "iterations_completed": 100,
    "best_value_history": [
        18.85568692339184,
        18.85568692339184,
        16.744881163194687,
        15.549996486380966,
        15.549996486380966,
        15.549996486380966,
        14.87069977131304,
        10.85301329189933,
        10.85301329189933,
        10.85301329189933,
        10.85301329189933,
        10.348459971234263,
        10.348459971234263,
        10.121871150318183,
        10.121871150318183,
        10.117739554316067,
        8.550807533348692,
        8.550807533348692,
        8.210636266193392,
        7.827400405176858,
        6.190069623925922,
        5.971085359589491,
        5.589058125777022,
        5.589058125777022,
        5.589058125777022,
        5.589058125777022,
        4.903525639347709,
        4.903525639347709,
        4.903525639347709,
        4.611186517660588,
        4.4242669851795995,
        4.4242669851795995,
        4.241886496957289,
        4.241886496957289,
        4.057417970335351,
        4.057417970335351,
        4.057417970335351,
        4.057417970335351,
        3.300802878167954,
        3.300802878167954,
        3.2342081711287496,
        3.0337278236718324,
        2.56702278114873,
        2.56702278114873,
        2.5561107320552847,
        2.463433999435321,
        2.463433999435321,
        2.288801786186014,
        2.1230953832237174,
        1.8893268304152824,
        1.6858193208686072,
        1.6554341847472398,
        0.6259713489940713,
        0.6259713489940713,
        0.6259713489940713,
        0.6259713489940713,
        0.6259713489940713,
        0.6056465241030691,
        0.5824080863007137,
        0.5339389475457037,
        0.4825369836586799,
        0.39977362705513686,
        0.39977362705513686,
        0.18293060498747638,
        0.18293060498747638,
        0.18293060498747638,
        0.18293060498747638,
        0.18012354440879763,
        0.13833349511545068,
        0.10327757959147776,
        0.09456781941330705,
        0.08041766023936647,
        0.07615929189274029,
        0.07615929189274029,
        0.07615929189274029,
        0.061145901135731595,
        0.04734948415837481,
        0.04734948415837481,
        0.04408676378333398,
        0.04408676378333398,
        0.02909360898746316,
        0.02909360898746316,
        0.02909360898746316,
        0.02909360898746316,
        0.02265170819332285,
        0.02265170819332285,
        0.020133815158793755,
        0.018368775306477847,
        0.016004955996276937,
        0.016004955996276937,
        0.016004955996276937,
        0.014629411321348318,
        0.014629411321348318,
        0.013798378575206716,
        0.013798378575206716,
        0.01223983554199437,
        0.007620549108918073,
        0.007620549108918073,
        0.007620549108918073,
        0.007620549108918073
    ],
    "timing_stats": {
        "total_time_s": 0.23688510002102703,
        "fitness_time_s": 0.23173069977201521,
        "velocity_update_time_s": 0.0018679997883737087,
        "position_update_time_s": 0.0007569993613287807
    },
    "config": {
        "num_particles": 30,
        "dimensions": 10,
        "max_iterations": 100,
        "inertia_weight": 0.7,
        "cognitive_coefficient": 2.0,
        "social_coefficient": 1.0,
        "seed": 1,
        "tolerance": 0.0,
        "stagnation_patience": null,
        "track_history": true
    }
}