{
    "objective": "rastrigin",
    "evaluation_mode": null,
    "best_value": 4.974795285466455,
    "best_position": [
        -0.9949586368062824,
        8.834004591115213e-11,
        -4.1125876376391885e-10,
        2.4960751362616873e-10,
        -0.9949586377335479,
        -0.994958638167523,
        0.9949586376595871,
        6.685270538558104e-10,
        -0.9949586377784445,
        -4.240387882910464e-11
    ],
    "elapsed_time_s": 0.20966229995246977,
    "iterations_completed": 500,
    "best_value_history": [
        107.95451954604201,
        107.95451954604201,
        107.95451954604201,
        107.95451954604201,
        107.20516170434558,
        107.20516170434558,
        89.06944876378847,
        89.06944876378847,
        85.77726613884164,
        76.20750970492304,
        76.20750970492304,
        76.20750970492304,
        76.20750970492304,
        73.27549514472025,
        73.27549514472025,
        59.868802820829856,
        59.868802820829856,
        59.45121790382916,
        59.45121790382916,
        59.45121790382916,
        59.45121790382916,
        59.45121790382916,
        59.45121790382916,
        59.45121790382916,
        59.45121790382916,
        52.307248467672494,
        52.307248467672494,
        52.307248467672494,
        52.307248467672494,
        52.307248467672494,
        52.307248467672494,
        52.307248467672494,
        52.307248467672494,
        52.307248467672494,
        52.307248467672494,
        52.307248467672494,
        50.96985417426277,
        50.96985417426277,
        50.96985417426277,
        50.96985417426277,
        45.30621970625349,
        45.30621970625349,
        45.30621970625349,
        45.30621970625349,
        45.30621970625349,
        45.30621970625349,
        45.30621970625349,
        45.30621970625349,
        45.30621970625349,
        45.032710825657276,
        45.032710825657276,
        42.57774000881608,
        42.57774000881608,
        42.57774000881608,
        42.57774000881608,
        42.418956915909604,
        42.418956915909604,
        42.418956915909604,
        42.418956915909604,
        42.418956915909604,
        42.418956915909604,
        42.418956915909604,
        42.418956915909604,
        35.092394092024705,
        35.092394092024705,
        35.092394092024705,
        35.092394092024705,
        26.202490955495144,
        26.202490955495144,
        26.202490955495144,
        26.202490955495144,
        17.652957348632498,
        17.652957348632498,
        17.652957348632498,
        17.652957348632498,
        16.162894090612493,
        16.162894090612493,
        15.918048138396289,
        15.918048138396289,
        15.918048138396289,
        14.769138565979585,
        14.732027912347554,
        14.732027912347554,
        14.119564988873485,
        14.119564988873485,
        14.107589684806163,
        14.107589684806163,
        14.107395214599089,
        14.107395214599089,
        14.107395214599089,
        14.077464937001949,
        14.027215486236907,
        13.581804932916489,
        12.629445921782487,
        12.629445921782487,
        12.629445921782487,
        12.629445921782487,
        12.629445921782487,
        12.629445921782487,
        12.629445921782487,
        12.629445921782487,
        12.629445921782487,
        12.629445921782487,
        11.904838181763889,
        11.904838181763889,
        11.169586620463408,
        11.074907110971905,
        11.074907110971905,
        10.747051060452716,
        10.721011476412158,
        10.721011476412158,
        10.721011476412158,
        10.721011476412158,
        10.54009842067592,
        10.54009842067592,
        10.54009842067592,
        10.54009842067592,
        10.54009842067592,
        10.54009842067592,
        10.196114339571515,
        10.196114339571515,
        10.196114339571515,
        9.272499720934277,
        9.272499720934277,
        9.272499720934277,
        7.717410964005818,
        7.717410964005818,
        7.146391714515117,
        7.108435517237835,
        7.108435517237835,
        7.108435517237835,
        6.44713079954547,
        6.44713079954547,
        6.44713079954547,
        6.44713079954547,
        6.44713079954547,
        6.44713079954547,
        6.44713079954547,
        5.9492088886306735,
        5.9492088886306735,
        5.7147815640682875,
        5.7147815640682875,
        5.7147815640682875,
        5.7147815640682875,
        5.7147815640682875,
        5.55642493029949,
        5.55642493029949,
        5.55642493029949,
        5.55642493029949,
        5.55642493029949,
        5.55642493029949,
        5.494581835203657,
        5.392610670010605,
        5.302297402553523,
        5.302297402553523,
        5.275508643549774,
        5.275508643549774,
        5.140635750108378,
        5.140635750108378,
        5.140635750108378,
        5.140635750108378,
        5.08385496592376,
        5.08385496592376,
        5.036872771190894,
        5.036872771190894,
        5.036872771190894,
        5.036872771190894,
        5.036872771190894,
        5.036872771190894,
        5.021663783196909,
        5.014978046554133,
        5.014978046554133,
        5.014978046554133,
        5.013177737754024,
        5.013177737754024,
        5.013177737754024,
        5.013177737754024,
        5.013177737754024,
        5.001893344530409,
        5.001893344530409,
        5.000739205969327,
        5.000739205969327,
        4.997802994444854,
        4.997744879843079,
        4.994079427860708,
        4.994079427860708,
        4.986368661126429,
        4.986368661126429,
        4.983112736334925,
        4.983112736334925,
        4.983112736334925,
        4.983112736334925,
        4.9802263144958845,
        4.979209506945599,
        4.979209506945599,
        4.979173379034802,
        4.97890029644891,
        4.97890029644891,
        4.97890029644891,
        4.977803420318165,
        4.977803420318165,
        4.977298314757723,
        4.97694410018812,
        4.97694410018812,
        4.976409269809752,
        4.976409269809752,
        4.976409269809752,
        4.976031068749238,
        4.975827166195812,
        4.975762369904157,
        4.975309900614024,
        4.975309900614024,
        4.975309900614024,
        4.975309900614024,
        4.975132621089338,
        4.975132621089338,
        4.975085585408027,
        4.975085585408027,
        4.975074149942785,
        4.975074149942785,
        4.97497747086486,
        4.97497747086486,
        4.974974698752806,
        4.974920978995585,
        4.974920978995585,
        4.974920978995585,
        4.974869830470658,
        4.974869830470658,
        4.974869830470658,
        4.974869830470658,
        4.974859019845632,
        4.974859019845632,
        4.974849552786926,
        4.974849552786926,
        4.974841533793566,
        4.974841533793566,
        4.974831241624298,
        4.974831241624298,
        4.97482760809007,
        4.97482760809007,
        4.974805147229257,
        4.974805147229257,
        4.974803162908121,
        4.974803162908121,
        4.974803162908121,
        4.974803162908121,
        4.974803162908121,
        4.974800381344691,
        4.974796810827893,
        4.974796810827893,
        4.974796810827893,
        4.974796810827893,
        4.974796810827893,
        4.974796810827893,
        4.974796810827893,
        4.974796706173392,
        4.97479607058273,
        4.97479591928937,
        4.97479591928937,
        4.97479591928937,
        4.97479591928937,
        4.974795918858052,
        4.974795918858052,
        4.9747958888677415,
        4.974795884172218,
        4.974795884172218,
        4.974795750235719,
        4.974795609579954,
        4.974795609579954,
        4.974795609579954,
        4.974795527412839,
        4.974795527412839,
        4.974795511593814,
        4.974795504487545,
