{
    "objective": "rastrigin",
    "evaluation_mode": null,
    "best_value": 9.412519324390459,
    "best_position": [
        0.010799780797303388,
        0.016778923960673292,
        -0.99018987075418,
        -0.9704468902865552,
        1.9786951623378168,
        1.018573972947228,
        -0.0019263197278979053,
        1.0094701059588789,
        0.011437567540026113,
        1.0111307763917572
    ],
    "elapsed_time_s": 0.030702599964570254,
    "iterations_completed": 100,
    "best_value_history": [
        92.99742241992159,
        92.99742241992159,
        92.99742241992159,
        92.99742241992159,
        88.91975203199283,
        88.91975203199283,
        59.83506432997654,
        58.48745660543984,
        58.48745660543984,
        58.48745660543984,
        58.48745660543984,
        58.48745660543984,
        58.48745660543984,
        58.48745660543984,
        58.48745660543984,
        58.48745660543984,
        58.48745660543984,
        58.48745660543984,
        57.63218757662547,
        42.31050711808565,
        42.31050711808565,
        42.31050711808565,
        42.31050711808565,
        42.31050711808565,
        42.31050711808565,
        42.31050711808565,
        42.31050711808565,
        42.31050711808565,
        28.593006614740816,
        24.914150708267243,
        24.914150708267243,
        24.914150708267243,
        24.914150708267243,
        24.914150708267243,
        24.914150708267243,
        24.914150708267243,
        24.914150708267243,
        22.93142077069359,
        22.93142077069359,
        22.93142077069359,
        22.527343563080905,
        19.175545270483795,
        19.175545270483795,
        16.83153693478006,
        16.83153693478006,
        16.83153693478006,
        16.721224899471082,
        16.084827435676203,
        16.084827435676203,
        16.084827435676203,
        15.97428932625101,
        15.654981878400505,
        15.654981878400505,
        14.174131655263665,
        13.492821293336732,
        13.492821293336732,
        13.492821293336732,
        13.492821293336732,
        13.492821293336732,
        13.434789313788386,
        13.434789313788386,
        12.631614112243113,
        12.551775413363757,
        12.551775413363757,
        12.551775413363757,
        11.792049294453236,
        11.792049294453236,
        11.792049294453236,
        11.573345270046758,
        11.134483162894881,
        10.990042527752124,
        10.990042527752124,
        10.981892026994942,
        10.724415798121228,
        10.690798278006056,
        10.690798278006056,
        10.690798278006056,
        10.690798278006056,
        10.690798278006056,
        10.533651768255666,
        10.37649254800803,
        9.982568946070671,
        9.982568946070671,
        9.982568946070671,
        9.982568946070671,
        9.982568946070671,
        9.888124009197384,
        9.888124009197384,
        9.888124009197384,
        9.888124009197384,
        9.888124009197384,
        9.888124009197384,
        9.888124009197384,
        9.746751100652602,
        9.746751100652602,
        9.538476565816794,
        9.518942383802255,
        9.450658665054462,
        9.412519324390459,
        9.412519324390459
    ],
    "config": {
        "num_particles": 30,
        "dimensions": 10,
        "max_iterations": 100,
        "inertia_weight": 0.7,
        "cognitive_coefficient": 1.5,
        "social_coefficient": 1.5,
        "seed": 3,
        "tolerance": 0.0,
        "stagnation_patience": null,
        "track_history": true
    }
}