{
    "objective": "rastrigin",
    "evaluation_mode": null,
    "best_value": 10.626737375277415,
    "best_position": [
        0.981906424603518,
        -0.012731373861945117,
        -0.9761306793617284,
        0.9615838672431399,
        1.0105021307385047,
        -0.9758681383563184,
        0.01866858126735853,
        0.97592035312343,
        2.0067206647373252,
        0.004913430235046257
    ],
    "elapsed_time_s": 0.03639100003056228,
    "iterations_completed": 100,
    "best_value_history": [
        85.00058548709322,
        85.00058548709322,
        85.00058548709322,
        78.39223541529014,
        78.39223541529014,
        78.39223541529014,
        73.41668842017819,
        73.41668842017819,
        73.41668842017819,
        73.41668842017819,
        73.41668842017819,
        73.41668842017819,
        73.41668842017819,
        69.51747950100459,
        69.51747950100459,
        66.5942456749449,
        61.45298736247226,
        57.249787695686635,
        57.249787695686635,
        57.249787695686635,
        57.249787695686635,
        42.00084449438005,
        42.00084449438005,
        42.00084449438005,
        42.00084449438005,
        42.00084449438005,
        42.00084449438005,
        30.799703803394678,
        30.799703803394678,
        30.799703803394678,
        30.799703803394678,
        30.799703803394678,
        30.799703803394678,
        30.799703803394678,
        30.799703803394678,
        30.799703803394678,
        30.799703803394678,
        30.799703803394678,
        30.799703803394678,
        30.799703803394678,
        30.799703803394678,
        30.593357299787826,
        30.593357299787826,
        30.593357299787826,
        30.232662320858424,
        27.378823703798986,
        27.378823703798986,
        27.378823703798986,
        24.423162360330366,
        24.423162360330366,
        24.423162360330366,
        23.34563294263961,
        23.34563294263961,
        23.34563294263961,
        23.34563294263961,
        22.537892485397293,
        22.537892485397293,
        21.098078555449163,
        19.780414012618408,
        16.393333402168906,
        16.393333402168906,
        16.393333402168906,
        16.393333402168906,
        16.393333402168906,
        16.393333402168906,
        16.393333402168906,
        16.393333402168906,
        16.393333402168906,
        16.393333402168906,
        16.393333402168906,
        16.393333402168906,
        14.685951791591535,
        13.7761774856545,
        13.77291274935834,
        13.77291274935834,
        13.578508554855077,
        13.11830551933079,
        13.11830551933079,
        12.642354182206759,
        12.563963574016,
        12.563963574016,
        12.563963574016,
        12.074467454249287,
        12.074467454249287,
        12.074467454249287,
        12.074467454249287,
        12.074467454249287,
        12.074467454249287,
        12.074467454249287,
        12.074467454249287,
        12.04357251141694,
        12.04357251141694,
        11.895657113722322,
        11.895657113722322,
        11.677836365444335,
        10.626737375277415,
        10.626737375277415,
        10.626737375277415,
        10.626737375277415,
        10.626737375277415
    ],
    "swarm_position_history": null,
    "timing_stats": {
        "total_time_s": 0.036384599981829524,
        "fitness_time_s": 0.033080099150538445,
        "velocity_update_time_s": 0.0011456002248451114,
        "position_update_time_s": 0.0007269004127010703
    },
    "config": {
        "num_particles": 30,
        "dimensions": 10,
        "max_iterations": 100,
        "inertia_weight": 0.7,
        "cognitive_coefficient": 1.5,
        "social_coefficient": 1.5,
        "seed": 2,
        "tolerance": 0.0,
        "stagnation_patience": null,
        "track_history": true,
        "track_swarm_history": false
    }
}