{
    "objective": "rastrigin",
    "evaluation_mode": "multiprocessing",
    "best_value": 0.0,
    "best_position": [
        -1.7750205726902128e-09,
        -1.3024617594181815e-09
    ],
    "elapsed_time_s": 0.5230608000128996,
    "iterations_completed": 100,
    "best_value_history": [
        3.6560826606680124,
        1.7745851330276032,
        0.09205122471739458,
        0.09205122471739458,
        0.09205122471739458,
        0.09205122471739458,
        0.09205122471739458,
        0.03418964496457022,
        0.03418964496457022,
        0.03418964496457022,
        0.03418964496457022,
        0.03418964496457022,
        0.03223728164174844,
        0.030124863524484624,
        0.025602124711369356,
        0.004984452612070811,
        0.003024921841017658,
        0.00039524574800964274,
        0.00019489180605347656,
        5.751054924729715e-05,
        1.5748794019998513e-05,
        1.5748794019998513e-05,
        4.526153531969612e-07,
        4.526153531969612e-07,
        2.604432580710636e-08,
        2.604432580710636e-08,
        2.604432580710636e-08,
        2.604432580710636e-08,
        2.920828023889044e-09,
        2.920828023889044e-09,
        2.920828023889044e-09,
        1.4835705997029436e-09,
        1.4835705997029436e-09,
        1.4835705997029436e-09,
        7.569411764052347e-10,
        7.569411764052347e-10,
        2.3518964553659316e-11,
        2.3518964553659316e-11,
        1.4171774864735198e-11,
        1.4171774864735198e-11,
        1.8474111129762605e-13,
        1.8474111129762605e-13,
        1.8474111129762605e-13,
        1.8474111129762605e-13,
        1.5987211554602254e-13,
        1.5987211554602254e-13,
        1.4210854715202004e-13,
        2.842170943040401e-14,
        3.552713678800501e-15,
        3.552713678800501e-15,
        0.0,
        0.0,
        0.0,
        0.0,
        0.0,
        0.0,
        0.0,
        0.0,
        0.0,
        0.0,
        0.0,
        0.0,
        0.0,
        0.0,
        0.0,
        0.0,
        0.0,
        0.0,
        0.0,
        0.0,
        0.0,
        0.0,
        0.0,
        0.0,
        0.0,
        0.0,
        0.0,
        0.0,
        0.0,
        0.0,
        0.0,
        0.0,
        0.0,
        0.0,
        0.0,
        0.0,
        0.0,
        0.0,
        0.0,
        0.0,
        0.0,
        0.0,
        0.0,
        0.0,
        0.0,
        0.0,
        0.0,
        0.0,
        0.0,
        0.0
    ],
    "config": {
        "num_particles": 30,
        "dimensions": 2,
        "max_iterations": 100,
        "inertia_weight": 0.4,
        "cognitive_coefficient": 1.5,
        "social_coefficient": 1.0,
        "seed": 1,
        "tolerance": 0.0,
        "stagnation_patience": null,
        "track_history": true
    }
}