{
    "objective": "rastrigin",
    "evaluation_mode": "multiprocessing",
    "best_value": 0.0,
    "best_position": [
        2.1369705794284104e-10,
        2.8401268146231007e-09
    ],
    "elapsed_time_s": 0.5143812999885995,
    "iterations_completed": 100,
    "best_value_history": [
        2.3603009918344497,
        2.3603009918344497,
        2.3603009918344497,
        0.3271891721869338,
        0.3271891721869338,
        0.12946398397073722,
        0.12946398397073722,
        0.12946398397073722,
        0.009387178178471345,
        0.009387178178471345,
        0.009387178178471345,
        0.009226987712047219,
        0.004103736343608944,
        0.0013491027890282226,
        0.0008750079078190254,
        0.0001456786894742379,
        0.0001456786894742379,
        0.00013779703980532076,
        7.799680595965697e-05,
        7.799680595965697e-05,
        5.405251485512963e-06,
        5.405251485512963e-06,
        5.405251485512963e-06,
        1.741067492844195e-06,
        9.140188055312137e-07,
        9.140188055312137e-07,
        4.0203520867976295e-07,
        4.0203520867976295e-07,
        7.80759279450649e-08,
        1.5193887037412424e-08,
        1.0665601735126984e-10,
        1.0665601735126984e-10,
        1.0665601735126984e-10,
        1.0665601735126984e-10,
        1.0665601735126984e-10,
        1.0665601735126984e-10,
        8.355982572538778e-11,
        8.355982572538778e-11,
        4.4359182993503055e-11,
        4.4359182993503055e-11,
        1.4864554032101296e-11,
        6.235012506294879e-12,
        1.8758328224066645e-12,
        3.836930773104541e-13,
        3.836930773104541e-13,
        2.0605739337042905e-13,
        2.0605739337042905e-13,
        1.8829382497642655e-13,
        3.552713678800501e-14,
        1.0658141036401503e-14,
        0.0,
        0.0,
        0.0,
        0.0,
        0.0,
        0.0,
        0.0,
        0.0,
        0.0,
        0.0,
        0.0,
        0.0,
        0.0,
        0.0,
        0.0,
        0.0,
        0.0,
        0.0,
        0.0,
        0.0,
        0.0,
        0.0,
        0.0,
        0.0,
        0.0,
        0.0,
        0.0,
        0.0,
        0.0,
        0.0,
        0.0,
        0.0,
        0.0,
        0.0,
        0.0,
        0.0,
        0.0,
        0.0,
        0.0,
        0.0,
        0.0,
        0.0,
        0.0,
        0.0,
        0.0,
        0.0,
        0.0,
        0.0,
        0.0,
        0.0
    ],
    "config": {
        "num_particles": 30,
        "dimensions": 2,
        "max_iterations": 100,
        "inertia_weight": 0.4,
        "cognitive_coefficient": 1.5,
        "social_coefficient": 1.0,
        "seed": 3,
        "tolerance": 0.0,
        "stagnation_patience": null,
        "track_history": true
    }
}