{
    "objective": "rastrigin",
    "evaluation_mode": "multiprocessing",
    "best_value": 4.277935817089767e-11,
    "best_position": [
        -6.802952485323998e-08,
        4.5934718521686876e-07
    ],
    "elapsed_time_s": 0.2626783999148756,
    "iterations_completed": 100,
    "best_value_history": [
        1.414411867259401,
        1.2257417533482233,
        1.2257417533482233,
        1.2257417533482233,
        0.9492339080492616,
        0.8448431184348472,
        0.8448431184348472,
        0.8448431184348472,
        0.10240329885175584,
        0.10240329885175584,
        0.10240329885175584,
        0.017030876018875166,
        0.017030876018875166,
        0.017030876018875166,
        0.0066711857820685025,
        0.0066711857820685025,
        0.0066711857820685025,
        0.0066711857820685025,
        0.0066711857820685025,
        0.0066711857820685025,
        0.0066711857820685025,
        0.0066711857820685025,
        0.0066711857820685025,
        0.0066711857820685025,
        0.0066711857820685025,
        0.0066711857820685025,
        0.0066711857820685025,
        0.0066711857820685025,
        0.0066711857820685025,
        0.0066711857820685025,
        0.002275112436709888,
        0.00010530413181137232,
        0.00010530413181137232,
        0.00010530413181137232,
        0.00010530413181137232,
        0.00010530413181137232,
        0.00010530413181137232,
        0.00010530413181137232,
        0.00010530413181137232,
        0.00010530413181137232,
        0.00010530413181137232,
        0.00010530413181137232,
        0.00010530413181137232,
        0.00010530413181137232,
        4.161961237450567e-06,
        4.161961237450567e-06,
        4.161961237450567e-06,
        4.161961237450567e-06,
        4.161961237450567e-06,
        4.161961237450567e-06,
        4.161961237450567e-06,
        4.161961237450567e-06,
        4.161961237450567e-06,
        4.161961237450567e-06,
        4.161961237450567e-06,
        4.161961237450567e-06,
        4.161961237450567e-06,
        4.161961237450567e-06,
        4.161961237450567e-06,
        4.161961237450567e-06,
        4.161961237450567e-06,
        4.161961237450567e-06,
        4.161961237450567e-06,
        4.161961237450567e-06,
        1.6742131150049084e-06,
        1.6742131150049084e-06,
        1.4857067703935682e-06,
        1.4857067703935682e-06,
        6.711078434896415e-07,
        2.4653184971656754e-08,
        2.4653184971656754e-08,
        2.4653184971656754e-08,
        2.4653184971656754e-08,
        7.695817072677498e-09,
        7.695817072677498e-09,
        6.332891895495546e-10,
        6.332891895495546e-10,
        6.332891895495546e-10,
        6.332891895495546e-10,
        6.332891895495546e-10,
        6.332891895495546e-10,
        6.332891895495546e-10,
        6.332891895495546e-10,
        6.332891895495546e-10,
        6.332891895495546e-10,
        6.332891895495546e-10,
        6.332891895495546e-10,
        4.277935817089767e-11,
        4.277935817089767e-11,
        4.277935817089767e-11,
        4.277935817089767e-11,
        4.277935817089767e-11,
        4.277935817089767e-11,
        4.277935817089767e-11,
        4.277935817089767e-11,
        4.277935817089767e-11,
        4.277935817089767e-11,
        4.277935817089767e-11,
        4.277935817089767e-11,
        4.277935817089767e-11
    ],
    "swarm_position_history": null,
    "timing_stats": {
        "total_time_s": 0.26267229998484254,
        "fitness_time_s": 0.25769049976952374,
        "velocity_update_time_s": 0.0017036001663655043,
        "position_update_time_s": 0.0007458003237843513
    },
    "config": {
        "num_particles": 30,
        "dimensions": 2,
        "max_iterations": 100,
        "inertia_weight": 0.7,
        "cognitive_coefficient": 1.5,
        "social_coefficient": 1.5,
        "seed": 2,
        "tolerance": 0.0,
        "stagnation_patience": null,
        "track_history": true,
        "track_swarm_history": false
    }
}