{
    "objective": "rosenbrock",
    "evaluation_mode": "sequential",
    "best_value": 111.61389293480093,
    "best_position": [
        -0.33488049114327095,
        0.09051967300547117,
        0.03420091627354147,
        0.020849720853489143,
        -0.29754461577213437,
        0.20328749425293782,
        0.28501183281196263,
        0.5422669228590542,
        0.6174819386295395,
        0.7778076319833226,
        0.7419165804561748,
        0.7017641979010013,
        0.502490672919374,
        0.2012205791638454,
        0.032833862725069704,
        -0.036848437056435326,
        -0.017474107763473676,
        0.07131486127679271,
        0.17083651372141387,
        0.4113105427781776,
        0.2814041456672635,
        0.13332818297481838,
        0.009680627533273416,
        0.09725476312032706,
        -0.048736445350571506,
        -0.02851061492973827,
        0.006373540990583924,
        0.06209932938829496,
        -0.03879547284362324,
        -0.011823889081649951
    ],
    "elapsed_time_s": 0.014473299961537123,
    "iterations_completed": 100,
    "best_value_history": [
        2908.257566404568,
        2583.2731911518113,
        2544.4760628862446,
        2544.4760628862446,
        2544.4760628862446,
        2544.4760628862446,
        2186.589141925885,
        2110.321426566594,
        2110.321426566594,
        2110.321426566594,
        2068.6841940153604,
        1924.8479438591226,
        1924.8479438591226,
        1924.8479438591226,
        1552.6650955047799,
        1391.0673673494691,
        1279.2698535202385,
        1279.2698535202385,
        1245.211092527682,
        1223.3596987489295,
        1151.4047577774436,
        1112.0844809102666,
        1112.0844809102666,
        810.1000256859081,
        784.7444363931368,
        784.7444363931368,
        784.7444363931368,
        660.8667608128218,
        655.2417939983823,
        655.2417939983823,
        590.5994902428492,
        537.9424369428766,
        487.2891240361367,
        487.2891240361367,
        446.4283065804784,
        446.4283065804784,
        433.4763896467559,
        433.4763896467559,
        422.72257364560676,
        422.72257364560676,
        388.2976058470357,
        388.2976058470357,
        357.05466774757275,
        357.05466774757275,
        324.33733428113277,
        321.37879992396176,
        295.45794262234773,
        295.45794262234773,
        295.45794262234773,
        285.99397224869716,
        267.3379842441866,
        248.47368726638703,
        225.01504711478725,
        224.65559971468912,
        201.86516486503348,
        197.17148228636785,
        188.0643688257973,
        187.80696315382366,
        177.5005294369256,
        171.29219695531398,
        166.6437801242485,
        162.02818714540132,
        156.4753792131519,
        153.53003332034996,
        153.53003332034996,
        153.53003332034996,
        150.42205411295683,
        148.40179826391736,
        148.40179826391736,
        148.40179826391736,
        144.72946363256244,
        144.22570066302166,
        142.79990782631205,
        142.79990782631205,
        141.49875040602038,
        141.49875040602038,
        140.57672775893658,
        138.56450616230345,
        133.8294418517389,
        133.8294418517389,
        132.87736206866896,
        132.60577311957238,
        132.60577311957238,
        132.60577311957238,
        130.04978428046934,
        130.04978428046934,
        126.20782525003628,
        125.22949719893815,
        125.22949719893815,
        120.65862018786584,
        118.4513969337951,
        118.4513969337951,
        118.29452072644304,
        114.94393897449879,
        114.94393897449879,
        114.13354427147027,
        112.68976297805995,
        111.61389293480093,
        111.61389293480093,
        111.61389293480093
    ],
    "swarm_position_history": null,
    "timing_stats": {
        "total_time_s": 0.014467600034549832,
        "fitness_time_s": 0.012445798958651721,
        "velocity_update_time_s": 0.0009326988365501165,
        "position_update_time_s": 0.000514201121404767
    },
    "config": {
        "num_particles": 30,
        "dimensions": 30,
        "max_iterations": 100,
        "inertia_weight": 0.7,
        "cognitive_coefficient": 1.5,
        "social_coefficient": 1.5,
        "seed": 0,
        "tolerance": 0.0,
        "stagnation_patience": null,
        "track_history": true,
        "track_swarm_history": false
    }
}