{
    "objective": "rastrigin",
    "evaluation_mode": "threading",
    "best_value": 74.96960785578784,
    "best_position": [
        -0.9467602952738734,
        -0.9876863508769811,
        -0.9423001053377454,
        0.9955746772676768,
        0.0027911525384934485,
        -2.017466636468554,
        2.002923815503954,
        0.7843261151990384,
        -1.9848640881270483,
        0.0969799960562123,
        1.9485300705365292,
        2.025820817318473,
        -0.9461577138610431,
        -0.01477545112145293,
        0.005123219848432082,
        -0.9798930026409995,
        -1.0077927733293464,
        0.021207374641254453,
        2.0011443239012707,
        2.0412958766968816,
        1.0176364433014653,
        -1.041356665530948,
        2.9652765955673983,
        -0.015203462728977202,
        0.9400710442878075,
        1.9803707021654438,
        -0.002613619091457202,
        0.9892453059753652,
        -2.049683086842809,
        -1.9892676475903437
    ],
    "elapsed_time_s": 0.047389599960297346,
    "iterations_completed": 100,
    "best_value_history": [
        357.32603013769824,
        351.9162114844851,
        351.9162114844851,
        317.4758745087165,
        270.6087485024455,
        270.6087485024455,
        270.6087485024455,
        270.6087485024455,
        270.6087485024455,
        270.6087485024455,
        270.6087485024455,
        250.88509366856948,
        250.88509366856948,
        200.63891513368193,
        200.63891513368193,
        200.63891513368193,
        186.2274190489402,
        173.3156822010902,
        167.81933027474335,
        167.81933027474335,
        156.15101481405455,
        152.90888738339086,
        147.20510562225576,
        137.8922002698062,
        133.2318243234712,
        128.80939951128963,
        127.72698011127889,
        121.68554283400141,
        121.17965508469585,
        119.21055379305146,
        117.54961660331901,
        115.94026272648611,
        112.62396059818097,
        111.40967986894454,
        110.79164993235214,
        110.64604198982465,
        109.17316395573341,
        102.68938269280444,
        102.01135245690797,
        92.55254768554482,
        92.04450792786287,
        91.12507117941722,
        90.36458121078788,
        89.29326754320763,
        86.96923572247096,
        85.15292862877041,
        81.40693116944344,
        80.63723241039838,
        80.63723241039838,
        80.63723241039838,
        80.17739158949087,
        80.17739158949087,
        80.01276641764113,
        79.24627518501165,
        79.24627518501165,
        78.68681253270621,
        78.55501945779807,
        78.39647797769777,
        78.19401118584202,
        78.09010001966486,
        77.96244718782839,
        77.85546345241282,
        77.78102478872079,
        77.7224074355124,
        77.66739069153164,
        77.58339610830123,
        77.49779608681256,
        77.44436185695517,
        77.24309063362587,
        77.12271893774617,
        77.0528087437995,
        76.96731570418115,
        76.88979324917995,
        76.86081009150753,
        76.83150392066017,
        76.81658175345332,
        76.79764356944254,
        76.78793429780106,
        76.76931771216215,
        76.7584296288894,
        76.75037005584454,
        76.07477311925719,
        75.97933926106155,
        75.79981307946203,
        75.69267907125565,
        75.574475165564,
        75.48424255386362,
        75.41881318952258,
        75.36096830583891,
        75.3129483858033,
        75.25973043885102,
        75.23579096069184,
        75.21118654919088,
        75.18909903726626,
        75.17239786450143,
        75.15848488374033,
        75.12612938467365,
        75.06228345011179,
        75.02345723862547,
        74.96960785578784
    ],
    "swarm_position_history": null,
    "timing_stats": {
        "total_time_s": 0.04738339991308749,
        "fitness_time_s": 0.042236599954776466,
        "velocity_update_time_s": 0.0019242013804614544,
        "position_update_time_s": 0.0009751992765814066
    },
    "config": {
        "num_particles": 30,
        "dimensions": 30,
        "max_iterations": 100,
        "inertia_weight": 0.4,
        "cognitive_coefficient": 2.0,
        "social_coefficient": 1.0,
        "seed": 1,
        "tolerance": 0.0,
        "stagnation_patience": null,
        "track_history": true,
        "track_swarm_history": false
    }
}