{
    "objective": "rastrigin",
    "evaluation_mode": "threading",
    "best_value": 108.17138321756339,
    "best_position": [
        -0.9049738501595223,
        1.9653113899195604,
        0.9859570361257036,
        1.0416163244583108,
        2.747974242247329,
        1.097942359983275,
        -0.0842970220230878,
        1.9714213429266239,
        1.8760138807029163,
        0.997243493140713,
        0.990917107446033,
        1.0317609110608965,
        -0.9861525723732694,
        -3.986917100525887,
        0.992591769898023,
        -3.0073119415313263,
        0.06378250293607395,
        1.0670404597549683,
        -0.9975135978598343,
        -0.9416743986943196,
        0.028832271177610926,
        2.000087563675284,
        2.9811833237455834,
        2.891488155219002,
        1.9546411700176833,
        0.9667466750641791,
        -0.02794500384157648,
        0.0058747445003325596,
        -1.0484588242919437,
        0.024838157720498088
    ],
    "elapsed_time_s": 0.05232020001858473,
    "iterations_completed": 100,
    "best_value_history": [
        327.86559459824156,
        327.86559459824156,
        327.86559459824156,
        327.86559459824156,
        321.3999524842743,
        312.04806682364926,
        312.04806682364926,
        304.2254687433268,
        271.40207852377887,
        271.40207852377887,
        248.4004526039036,
        248.4004526039036,
        212.00137268581474,
        212.00137268581474,
        212.00137268581474,
        209.9568195102679,
        209.9568195102679,
        208.2840268596479,
        208.2840268596479,
        187.19528442776448,
        187.19528442776448,
        187.19528442776448,
        185.74204705115045,
        184.4484251441246,
        180.5035965258326,
        178.85172751496248,
        161.88535253140043,
        154.79318067622182,
        154.79318067622182,
        149.00839054997851,
        148.59520498288117,
        140.61872999813227,
        133.9913365706038,
        133.61414229863135,
        130.62848510779935,
        130.062262795045,
        128.06711864399222,
        126.26583589739373,
        125.67250207944807,
        124.90420738467722,
        124.24875579880357,
        123.10204302740759,
        122.50387072198306,
        121.53594798871245,
        120.87766527355811,
        119.9110764397807,
        119.35153561290423,
        118.55009418481667,
        118.03682660762948,
        117.3241104191344,
        116.63620372971126,
        116.38094338712028,
        116.12073384377473,
        115.89794188077754,
        115.67751491682087,
        115.54916485218887,
        115.31712276279475,
        115.1948340993855,
        114.83739250157035,
        114.48164741389898,
        114.31034165219108,
        114.18730303411861,
        114.05322121171699,
        113.96213522189736,
        113.89061833745485,
        113.77713929955583,
        113.72801680414562,
        113.66289786761953,
        113.60650258742422,
        113.57336855494252,
        110.38886939946954,
        110.38886939946954,
        110.38886939946954,
        110.38886939946954,
        110.23886410631776,
        110.23886410631776,
        110.11693345912413,
        109.56441879177545,
        109.56441879177545,
        109.45457657126084,
        109.35813887646472,
        109.33337730079688,
        109.18786306586703,
        109.07517890972778,
        109.02268169616494,
        108.87602508259221,
        108.78250905529022,
        108.76159118950781,
        108.70156343098266,
        108.66812872329444,
        108.63087085335174,
        108.57721053457256,
        108.5446522609298,
        108.4305920013479,
        108.38863759186378,
        108.37021367754686,
        108.2965871259749,
        108.25784253272808,
        108.20444809222805,
        108.17138321756339
    ],
    "swarm_position_history": null,
    "timing_stats": {
        "total_time_s": 0.05231389997061342,
        "fitness_time_s": 0.04673039983026683,
        "velocity_update_time_s": 0.0020607002079486847,
        "position_update_time_s": 0.0010596008505672216
    },
    "config": {
        "num_particles": 30,
        "dimensions": 30,
        "max_iterations": 100,
        "inertia_weight": 0.4,
        "cognitive_coefficient": 2.0,
        "social_coefficient": 1.0,
        "seed": 4,
        "tolerance": 0.0,
        "stagnation_patience": null,
        "track_history": true,
        "track_swarm_history": false
    }
}