{
    "objective": "ackley",
    "evaluation_mode": "threading",
    "best_value": 4.440892098500626e-16,
    "best_position": [
        2.4356184717109674e-16,
        3.077394711181881e-16
    ],
    "elapsed_time_s": 0.03495960007421672,
    "iterations_completed": 100,
    "best_value_history": [
        3.3510677996995537,
        3.3510677996995537,
        3.3510677996995537,
        3.0894552274985014,
        1.044635890218267,
        0.10155716187710384,
        0.10155716187710384,
        0.10155716187710384,
        0.10155716187710384,
        0.10155716187710384,
        0.07352563724816052,
        0.06279595800671034,
        0.020224325713780633,
        0.020224325713780633,
        0.020224325713780633,
        0.008455878344904466,
        0.008455878344904466,
        0.008075866091627137,
        0.004419938438446014,
        0.002579845987508822,
        0.0014530791219304895,
        0.0010151181294522083,
        0.0007566345116498674,
        0.00017180130853633457,
        0.00017180130853633457,
        8.283775355666378e-05,
        8.283775355666378e-05,
        8.283775355666378e-05,
        1.685518296712374e-05,
        1.685518296712374e-05,
        4.264950238752618e-06,
        4.264950238752618e-06,
        2.3973925036280264e-06,
        2.3973925036280264e-06,
        1.5500491561404317e-06,
        1.5500491561404317e-06,
        1.5244653366330851e-06,
        1.5244653366330851e-06,
        6.068662767866329e-07,
        6.068662767866329e-07,
        5.466896806360921e-07,
        4.917435352247423e-07,
        1.0199826094847708e-07,
        1.0199826094847708e-07,
        1.0199826094847708e-07,
        4.850887380669633e-08,
        3.214511368199169e-08,
        2.910295338054425e-08,
        1.4801461833968688e-08,
        7.282885849946297e-09,
        7.282885849946297e-09,
        5.4956790229709895e-09,
        5.1739026396546706e-09,
        1.115911363314126e-09,
        3.6947911397078315e-10,
        3.6947911397078315e-10,
        3.6947911397078315e-10,
        3.4326008702123545e-10,
        3.4326008702123545e-10,
        1.4104317713758974e-10,
        6.693712251149009e-11,
        6.693712251149009e-11,
        4.6644021978181627e-11,
        3.3374636387861756e-11,
        3.028377548730532e-11,
        1.5277112908052004e-11,
        3.354205801997523e-12,
        3.354205801997523e-12,
        2.9314328742202633e-12,
        7.536193891155563e-13,
        7.536193891155563e-13,
        3.8768988019910466e-13,
        2.4202861936828413e-13,
        2.4202861936828413e-13,
        2.4202861936828413e-13,
        2.1715962361668062e-13,
        8.570921750106208e-14,
        7.505107646466058e-14,
        3.952393967665557e-14,
        1.8207657603852567e-14,
        1.8207657603852567e-14,
        3.9968028886505635e-15,
        3.9968028886505635e-15,
        3.9968028886505635e-15,
        3.9968028886505635e-15,
        4.440892098500626e-16,
        4.440892098500626e-16,
        4.440892098500626e-16,
        4.440892098500626e-16,
        4.440892098500626e-16,
        4.440892098500626e-16,
        4.440892098500626e-16,
        4.440892098500626e-16,
        4.440892098500626e-16,
        4.440892098500626e-16,
        4.440892098500626e-16,
        4.440892098500626e-16,
        4.440892098500626e-16,
        4.440892098500626e-16,
        4.440892098500626e-16
    ],
    "timing_stats": {
        "total_time_s": 0.0349551000399515,
        "fitness_time_s": 0.03254529996775091,
        "velocity_update_time_s": 0.0008286008378490806,
        "position_update_time_s": 0.0004544991534203291
    },
    "config": {
        "num_particles": 30,
        "dimensions": 2,
        "max_iterations": 100,
        "inertia_weight": 0.4,
        "cognitive_coefficient": 1.0,
        "social_coefficient": 1.0,
        "seed": 3,
        "tolerance": 0.0,
        "stagnation_patience": null,
        "track_history": true
    }
}