{
    "objective": "ackley",
    "evaluation_mode": "threading",
    "best_value": 4.440892098500626e-16,
    "best_position": [
        -3.04909426564766e-16,
        7.627925572678649e-17
    ],
    "elapsed_time_s": 0.03660619992297143,
    "iterations_completed": 100,
    "best_value_history": [
        3.0366647586914977,
        0.9998853221652486,
        0.9998853221652486,
        0.9998853221652486,
        0.9998853221652486,
        0.23050769948083927,
        0.23050769948083927,
        0.23050769948083927,
        0.028112075260964264,
        0.028112075260964264,
        0.028112075260964264,
        0.028112075260964264,
        0.028112075260964264,
        0.016074806670819175,
        0.009018616776000687,
        0.009018616776000687,
        0.009018616776000687,
        0.004934432155842661,
        0.0036368206093233546,
        0.0006365242958392692,
        0.0006365242958392692,
        0.0006365242958392692,
        0.0006233427772390776,
        0.00021621140125249738,
        0.00010574183432909834,
        3.712064267036297e-05,
        3.712064267036297e-05,
        3.616711491405411e-05,
        1.9663816118953292e-05,
        1.33233373280639e-05,
        6.373721838759394e-06,
        6.373721838759394e-06,
        2.278036838720965e-06,
        2.1241325467435956e-06,
        8.650905916063323e-07,
        8.650905916063323e-07,
        8.650905916063323e-07,
        8.12830404317566e-07,
        7.978770004690716e-07,
        3.076716024175141e-07,
        3.076716024175141e-07,
        1.4184608732037418e-07,
        1.4184608732037418e-07,
        9.383525823025707e-08,
        3.410643190093765e-08,
        3.410643190093765e-08,
        2.9691211711480037e-08,
        8.059501954704729e-09,
        8.059501954704729e-09,
        8.059501954704729e-09,
        3.2415958806097933e-09,
        3.1901632446817985e-09,
        1.1264273958033755e-09,
        3.0149793772693556e-10,
        3.72506470114331e-11,
        3.72506470114331e-11,
        3.72506470114331e-11,
        3.72506470114331e-11,
        2.6766588945292824e-11,
        2.6578295120316398e-11,
        2.6578295120316398e-11,
        1.8069545859589198e-11,
        1.8069545859589198e-11,
        1.8055335004873996e-11,
        1.5021317523178368e-11,
        7.269296276035675e-12,
        1.70219394135529e-12,
        1.70219394135529e-12,
        1.4570566975180554e-12,
        8.317790900491673e-13,
        3.6282088444750116e-13,
        1.709743457922741e-13,
        1.709743457922741e-13,
        1.709743457922741e-13,
        8.926193117986259e-14,
        8.926193117986259e-14,
        3.597122599785507e-14,
        3.241851231905457e-14,
        3.9968028886505635e-15,
        3.9968028886505635e-15,
        3.9968028886505635e-15,
        3.9968028886505635e-15,
        3.9968028886505635e-15,
        3.9968028886505635e-15,
        3.9968028886505635e-15,
        3.9968028886505635e-15,
        3.9968028886505635e-15,
        3.9968028886505635e-15,
        3.9968028886505635e-15,
        3.9968028886505635e-15,
        3.9968028886505635e-15,
        3.9968028886505635e-15,
        3.9968028886505635e-15,
        3.9968028886505635e-15,
        3.9968028886505635e-15,
        3.9968028886505635e-15,
        3.9968028886505635e-15,
        4.440892098500626e-16,
        4.440892098500626e-16,
        4.440892098500626e-16
    ],
    "swarm_position_history": null,
    "timing_stats": {
        "total_time_s": 0.03660120000131428,
        "fitness_time_s": 0.033823000034317374,
        "velocity_update_time_s": 0.0009222000371664762,
        "position_update_time_s": 0.0004951999289914966
    },
    "config": {
        "num_particles": 30,
        "dimensions": 2,
        "max_iterations": 100,
        "inertia_weight": 0.4,
        "cognitive_coefficient": 1.0,
        "social_coefficient": 1.0,
        "seed": 4,
        "tolerance": 0.0,
        "stagnation_patience": null,
        "track_history": true,
        "track_swarm_history": false
    }
}