{
    "objective_name": "ackley",
    "num_runs": 5,
    "mean_best_value": 5.10117148330343,
    "std_best_value": 0.5155161170835708,
    "min_best_value": 4.361735339272563,
    "max_best_value": 5.946843145229387,
    "mean_elapsed_time_s": 0.035642120009288195,
    "std_elapsed_time_s": 0.0007198147189610718,
    "mean_iterations": 100.0,
    "min_iterations": 100,
    "max_iterations": 100
}