{
    "objective": "ackley",
    "evaluation_mode": "sequential",
    "best_value": 0.02669703102261467,
    "best_position": [
        0.005494389098455494,
        -0.00014742701235203465,
        0.007535202370201524,
        0.0027758253049741852,
        0.011793402252374742,
        -0.01145542950727044,
        4.896861230449523e-05,
        -0.0035888075190409104,
        -0.00049365573077941,
        0.001523654720508204
    ],
    "elapsed_time_s": 0.014569699997082353,
    "iterations_completed": 100,
    "best_value_history": [
        19.589785091153058,
        19.544431925767277,
        17.91382290104389,
        17.91382290104389,
        16.44807095577854,
        16.44807095577854,
        16.44807095577854,
        16.44807095577854,
        15.754768428671536,
        15.574133031864898,
        12.850772129431231,
        12.426264511753846,
        12.024584282174288,
        9.615200187678193,
        9.615200187678193,
        9.018922011172595,
        8.558636098644135,
        8.558636098644135,
        7.743688401248921,
        5.328148786945867,
        4.779286396577369,
        4.779286396577369,
        4.779286396577369,
        4.358764348803323,
        4.358764348803323,
        4.358764348803323,
        4.358764348803323,
        4.358764348803323,
        3.9309276689603796,
        3.6666129856826797,
        3.5011120551792883,
        3.408994803635274,
        3.408994803635274,
        3.408994803635274,
        3.408994803635274,
        2.810629004296754,
        2.810629004296754,
        2.810629004296754,
        2.810629004296754,
        2.810629004296754,
        2.4391226406324766,
        2.4391226406324766,
        2.4391226406324766,
        2.2729179648747793,
        2.2729179648747793,
        2.1182224578799773,
        2.1182224578799773,
        2.066591602698374,
        1.911791280094715,
        1.911791280094715,
        1.6999813699429152,
        1.5429033972909179,
        1.414201620457988,
        1.2750531323569203,
        1.2750531323569203,
        1.274229061015323,
        1.274229061015323,
        1.274229061015323,
        1.2541929766789228,
        1.2541929766789228,
        1.2541929766789228,
        1.2203775612084589,
        0.4262683874522968,
        0.15789768932009496,
        0.15789768932009496,
        0.15789768932009496,
        0.15789768932009496,
        0.15789768932009496,
        0.15789768932009496,
        0.1436093959992104,
        0.13932591567603625,
        0.10181930445505616,
        0.10181930445505616,
        0.10181930445505616,
        0.10181930445505616,
        0.07655955404704118,
        0.07655955404704118,
        0.07193373753294141,
        0.07193373753294141,
        0.07193373753294141,
        0.07065131978188122,
        0.06563751003205853,
        0.06502629791621262,
        0.06399805772777656,
        0.057137847833616195,
        0.057137847833616195,
        0.0527170331730642,
        0.05209289060797717,
        0.04519842974437838,
        0.0389268156786966,
        0.0389268156786966,
        0.0389268156786966,
        0.0389268156786966,
        0.0380958556147033,
        0.0380958556147033,
        0.03660451015863275,
        0.03614381464947103,
        0.033256150149789665,
        0.028364934766458294,
        0.02669703102261467
    ],
    "timing_stats": {
        "total_time_s": 0.014566499972715974,
        "fitness_time_s": 0.013200900400988758,
        "velocity_update_time_s": 0.0006205994868651032,
        "position_update_time_s": 0.0003224002430215478
    },
    "config": {
        "num_particles": 30,
        "dimensions": 10,
        "max_iterations": 100,
        "inertia_weight": 0.7,
        "cognitive_coefficient": 2.0,
        "social_coefficient": 1.0,
        "seed": 4,
        "tolerance": 0.0,
        "stagnation_patience": null,
        "track_history": true
    }
}