{
    "objective": "ackley",
    "evaluation_mode": "sequential",
    "best_value": 0.03201210923214903,
    "best_position": [
        0.00740918308432046,
        0.003015781355103093,
        -0.004585586040282324,
        -0.013760990314184023,
        0.008534880207401542,
        0.005222351174158687,
        0.0008360380978681917,
        0.0033535863707201,
        2.478091489926948e-07,
        -0.012072402554444334
    ],
    "elapsed_time_s": 0.014695600024424493,
    "iterations_completed": 100,
    "best_value_history": [
        18.559078177209663,
        18.04301430608263,
        17.12959170544362,
        15.709365158257487,
        15.709365158257487,
        15.610649136153565,
        13.424449936673973,
        13.251259015445465,
        12.42893772290475,
        12.025259310211858,
        11.013373378281518,
        9.745277499020238,
        9.745277499020238,
        8.851560038931607,
        8.851560038931607,
        8.700294549184774,
        7.791515885755816,
        6.942872954308298,
        6.676228691992463,
        6.457611276983613,
        5.537797334107925,
        5.537797334107925,
        5.537797334107925,
        5.537797334107925,
        4.466606514375641,
        4.466606514375641,
        4.466606514375641,
        3.8690758801615925,
        3.5154681375102084,
        3.5154681375102084,
        3.1906865095632715,
        2.940067453722698,
        2.940067453722698,
        2.940067453722698,
        2.940067453722698,
        2.940067453722698,
        2.7355117643394213,
        2.7355117643394213,
        2.6041451348632383,
        2.3249216730436513,
        2.3249216730436513,
        2.3249216730436513,
        2.1918160402721054,
        2.1672240837925014,
        2.1672240837925014,
        2.0271611168489057,
        2.012331798393039,
        1.89345828622761,
        1.705114015566576,
        1.705114015566576,
        1.6358214981817096,
        1.5478124445154227,
        1.5436292796559106,
        1.3678680130463694,
        1.3678680130463694,
        1.2574101365919472,
        1.1911692147484811,
        1.0690710112727158,
        1.0659032182714765,
        0.990001494229777,
        0.7152911976003726,
        0.7152911976003726,
        0.7152911976003726,
        0.623846239040962,
        0.45395334373843754,
        0.45395334373843754,
        0.408934195171462,
        0.35879386321300233,
        0.3235875617623667,
        0.29785066946109895,
        0.29785066946109895,
        0.2569793419320594,
        0.2018080729989653,
        0.1589588298010587,
        0.1589588298010587,
        0.1492828122287908,
        0.11972899015967586,
        0.11972899015967586,
        0.11972899015967586,
        0.11972899015967586,
        0.11972899015967586,
        0.11487691045491788,
        0.09563035544598408,
        0.09563035544598408,
        0.09563035544598408,
        0.0841483791729698,
        0.0821655303694766,
        0.06862408451123203,
        0.06862408451123203,
        0.05628743739234965,
        0.05628743739234965,
        0.05628743739234965,
        0.04397558910979926,
        0.04397558910979926,
        0.042364388060619707,
        0.03884224529264246,
        0.03201210923214903,
        0.03201210923214903,
        0.03201210923214903,
        0.03201210923214903
    ],
    "timing_stats": {
        "total_time_s": 0.014691399992443621,
        "fitness_time_s": 0.01326060015708208,
        "velocity_update_time_s": 0.0006403002189472318,
        "position_update_time_s": 0.0003295002970844507
    },
    "config": {
        "num_particles": 30,
        "dimensions": 10,
        "max_iterations": 100,
        "inertia_weight": 0.7,
        "cognitive_coefficient": 2.0,
        "social_coefficient": 1.0,
        "seed": 0,
        "tolerance": 0.0,
        "stagnation_patience": null,
        "track_history": true
    }
}