{
    "objective": "rosenbrock",
    "evaluation_mode": "pyswarm",
    "best_value": 171.04839537415896,
    "best_position": [
        -0.9507527044926025,
        0.9722386700093864,
        0.9291813663218362,
        0.7340016781417503,
        0.5706825592459807,
        0.36540091265622276,
        0.5449088875497664,
        0.6947215156816474,
        0.7255905969197899,
        0.6902503049917195,
        0.4852660280404161,
        0.2862096291589117,
        0.13914440836360834,
        -0.2939124732993496,
        -0.06893002488241677,
        -0.13921852123300263,
        0.06313684796552152,
        -0.1226564492603151,
        0.11739068980208588,
        -0.09475900482025743,
        0.15145511104445755,
        0.0919205608290767,
        0.06354345189604234,
        -0.19451125912132566,
        0.2631786070230208,
        0.06043837626696893,
        -0.7252749154065037,
        0.948497642535123,
        1.0612806340558014,
        1.1305453292391041
    ],
    "elapsed_time_s": 0.03814550000242889,
    "iterations_completed": 100,
    "best_value_history": [
        6831.954213621431,
        6831.954213621431,
        6831.954213621431,
        6831.954213621431,
        5891.163939704877,
        5656.436662747817,
        5656.436662747817,
        5656.436662747817,
        5014.041974726381,
        5014.041974726381,
        5014.041974726381,
        5014.041974726381,
        3263.8067967599695,
        3263.8067967599695,
        3263.8067967599695,
        3263.8067967599695,
        2571.296258094636,
        2571.296258094636,
        2571.296258094636,
        2571.296258094636,
        2305.7745209120494,
        2301.563560838938,
        2007.1157143181063,
        2007.1157143181063,
        2007.1157143181063,
        1325.2483225819908,
        1325.2483225819908,
        1325.2483225819908,
        1177.9024172627403,
        1058.3227249015044,
        1058.3227249015044,
        1058.3227249015044,
        1057.854353447888,
        1057.854353447888,
        1057.854353447888,
        1008.0055283672166,
        920.346324834517,
        920.346324834517,
        801.9335246490739,
        801.9335246490739,
        694.2041885172257,
        694.2041885172257,
        667.2582328896467,
        667.2582328896467,
        667.2582328896467,
        631.099975383691,
        631.099975383691,
        631.099975383691,
        593.8642371573633,
        593.8642371573633,
        593.8642371573633,
        593.8642371573633,
        550.3803810233265,
        550.3803810233265,
        550.3803810233265,
        550.3803810233265,
        528.6867928376569,
        528.6867928376569,
        528.6867928376569,
        504.5990460933408,
        504.5990460933408,
        504.5990460933408,
        469.5284327090932,
        469.5284327090932,
        469.5284327090932,
        469.5284327090932,
        457.4300567275507,
        417.3050457448083,
        417.3050457448083,
        417.3050457448083,
        409.0035942487077,
        398.129356287328,
        369.74169027367594,
        369.74169027367594,
        363.1916000746763,
        346.066409302435,
        318.3350360630478,
        307.42824694142325,
        287.060448316318,
        287.060448316318,
        287.060448316318,
        282.10904758785716,
        268.33822479888977,
        245.90166907032386,
        220.49241737035612,
        220.49241737035612,
        212.8577189690141,
        205.02684210344356,
        198.48778879556193,
        197.00066002190505,
        195.63638935943402,
        195.63638935943402,
        186.71308958604675,
        185.3494365189864,
        185.3494365189864,
        180.19320829956933,
        180.19320829956933,
        180.19320829956933,
        175.07577759638698,
        171.04839537415896
    ],
    "swarm_position_history": null,
    "timing_stats": {
        "total_time_s": 0.03814550000242889,
        "fitness_time_s": null,
        "velocity_update_time_s": null,
        "position_update_time_s": null,
        "solver": "pyswarm",
        "solver_messages": [
            "Stopping search: maximum iterations reached --> 100"
        ]
    },
    "config": {
        "num_particles": 30,
        "dimensions": 30,
        "max_iterations": 100,
        "inertia_weight": 0.7,
        "cognitive_coefficient": 1.5,
        "social_coefficient": 1.5,
        "seed": 4,
        "tolerance": 0.0,
        "stagnation_patience": null,
        "track_history": true,
        "track_swarm_history": false
    }
}