{
    "objective": "rosenbrock",
    "evaluation_mode": "pyswarm",
    "best_value": 1008.0790634753558,
    "best_position": [
        -1.1480539891645014,
        1.4143934061016363,
        2.048,
        1.420999351122891,
        1.092971510467117,
        0.7688645973450119,
        0.48301570588726706,
        0.13138248120426702,
        -0.007907390420509516,
        0.1134814424394424,
        0.1361871282467349,
        0.12968230197582922,
        0.26139654710006316,
        -0.00982656843174129,
        -0.05195332400295331,
        -0.03483424420330764,
        -0.01049624267987433,
        0.008646547423884793,
        -0.13388399657693648,
        0.03957671173768486,
        0.1201752923777446,
        -0.04565794828202825,
        0.0172673819344905,
        -0.21449767987104268,
        0.21863495746586425,
        0.14832475188791638,
        0.06346028234727594,
        -0.6454276288669787,
        0.9826925226321642,
        1.2161266978303464
    ],
    "elapsed_time_s": 0.04007129999808967,
    "iterations_completed": 100,
    "best_value_history": [
        8535.227961428605,
        8535.227961428605,
        8535.227961428605,
        8535.227961428605,
        6709.367010418552,
        6709.367010418552,
        6709.367010418552,
        6648.794678475121,
        6648.794678475121,
        5273.149271469685,
        4165.604253588137,
        4165.604253588137,
        4165.604253588137,
        4165.604253588137,
        3409.9066269078157,
        3409.9066269078157,
        2854.4501702735915,
        2854.4501702735915,
        2450.913639588791,
        2450.913639588791,
        2450.913639588791,
        2413.729989711596,
        2116.2818865700765,
        1670.9933470613062,
        1670.9933470613062,
        1670.9933470613062,
        1618.0890976671415,
        1618.0890976671415,
        1618.0890976671415,
        1618.0890976671415,
        1618.0890976671415,
        1618.0890976671415,
        1534.2923644502557,
        1534.2923644502557,
        1524.4781685279572,
        1478.790766364555,
        1478.790766364555,
        1457.3142851575517,
        1283.1281255837876,
        1283.1281255837876,
        1283.1281255837876,
        1283.1281255837876,
        1231.4773021733686,
        1231.4773021733686,
        1231.4773021733686,
        1231.4773021733686,
        1231.4773021733686,
        1217.798056297272,
        1213.1846128180935,
        1213.1846128180935,
        1213.1846128180935,
        1187.879854642072,
        1187.879854642072,
        1174.5290890973456,
        1168.9028798565137,
        1167.7646370601353,
        1167.7646370601353,
        1122.8255606887085,
        1122.8255606887085,
        1121.0313617756385,
        1117.3392315029046,
        1109.554271741124,
        1109.554271741124,
        1109.554271741124,
        1104.6441554149083,
        1100.6603767722831,
        1100.6603767722831,
        1092.4310569491336,
        1091.4604682369184,
        1091.4604682369184,
        1083.5893612478542,
        1083.5893612478542,
        1083.5893612478542,
        1083.5893612478542,
        1077.8094449735486,
        1077.8094449735486,
        1066.957042740096,
        1064.5840525571766,
        1064.5840525571766,
        1060.7906979009704,
        1060.2477308257196,
        1046.8114485544183,
        1044.529810677852,
        1044.529810677852,
        1043.7206987403517,
        1043.7206987403517,
        1032.9971310959747,
        1026.517975279102,
        1026.517975279102,
        1022.0075530552087,
        1022.0075530552087,
        1022.0075530552087,
        1018.0107074783714,
        1018.0107074783714,
        1016.849247177958,
        1015.2276796017978,
        1015.2276796017978,
        1014.7259779296274,
        1012.4631005499837,
        1008.0790634753558
    ],
    "swarm_position_history": null,
    "timing_stats": {
        "total_time_s": 0.04007129999808967,
        "fitness_time_s": null,
        "velocity_update_time_s": null,
        "position_update_time_s": null,
        "solver": "pyswarm",
        "solver_messages": [
            "Stopping search: maximum iterations reached --> 100"
        ]
    },
    "config": {
        "num_particles": 30,
        "dimensions": 30,
        "max_iterations": 100,
        "inertia_weight": 0.7,
        "cognitive_coefficient": 1.5,
        "social_coefficient": 1.5,
        "seed": 1,
        "tolerance": 0.0,
        "stagnation_patience": null,
        "track_history": true,
        "track_swarm_history": false
    }
}