{
    "objective": "rosenbrock",
    "evaluation_mode": "pyswarm",
    "best_value": 53.22145806549767,
    "best_position": [
        0.9528506344276549,
        0.8425156799040396,
        0.7182456006625002,
        0.7256538216985362,
        0.6508042468616545,
        0.7526822555264778,
        0.8895698100040057,
        1.0231027559700598,
        1.0092689810467368,
        0.9925536395161293,
        1.0405246506139136,
        0.9908799522891857,
        0.9887536201470607,
        0.9206749052212695,
        0.9000608424652407,
        0.8299968363918806,
        0.7800139667912512,
        0.6815264917927846,
        0.5703031571530695,
        0.36212106649305986,
        0.2240807280301329,
        -0.003150753934370142,
        0.006743410606245993,
        0.08969280168673248,
        0.0220159206585983,
        -0.07624075459597954,
        0.03271181785386991,
        0.17631561629229578,
        0.10519631685543199,
        0.05619075031252059
    ],
    "elapsed_time_s": 0.03844080003909767,
    "iterations_completed": 100,
    "best_value_history": [
        5523.710529341189,
        5523.710529341189,
        5523.710529341189,
        5523.710529341189,
        5523.710529341189,
        5523.710529341189,
        5436.466280668526,
        5436.466280668526,
        5041.44164427377,
        4200.003950759702,
        4200.003950759702,
        4200.003950759702,
        3579.750758543445,
        3222.893707710058,
        3222.893707710058,
        2753.8703619422604,
        2726.8629748383946,
        1811.5681345056364,
        1797.3388201858093,
        1797.3388201858093,
        1797.3388201858093,
        1178.856930514655,
        1178.856930514655,
        1178.856930514655,
        1178.856930514655,
        891.041409960309,
        444.7491463635495,
        444.7491463635495,
        444.7491463635495,
        444.7491463635495,
        352.60024681137054,
        352.60024681137054,
        352.60024681137054,
        352.60024681137054,
        331.4794961362079,
        331.4794961362079,
        331.4794961362079,
        331.4794961362079,
        307.59275404209336,
        307.59275404209336,
        301.2579593054095,
        288.27928552902995,
        235.6716880084328,
        235.6716880084328,
        235.6716880084328,
        235.6716880084328,
        235.6716880084328,
        204.3333064516361,
        204.3333064516361,
        198.8878495173941,
        182.98015863835354,
        182.98015863835354,
        180.8523553201751,
        180.8523553201751,
        167.72701778686542,
        148.32166374207353,
        148.32166374207353,
        146.69694226763568,
        136.49392387601972,
        136.49392387601972,
        136.49392387601972,
        128.94688589255915,
        128.94688589255915,
        123.89503616413768,
        123.89503616413768,
        123.89503616413768,
        123.89503616413768,
        122.1726212613424,
        122.1726212613424,
        122.1726212613424,
        121.09404646941046,
        115.09437796747488,
        112.3570692520124,
        112.3570692520124,
        105.90007346612911,
        105.90007346612911,
        96.79079179331069,
        94.8967093200547,
        94.8967093200547,
        94.8967093200547,
        94.5850040798041,
        94.5850040798041,
        91.43665076330343,
        86.25414710562488,
        84.24197288309317,
        84.24197288309317,
        82.21663856313212,
        81.7022542460772,
        77.30627674636379,
        72.35300053100829,
        72.35300053100829,
        72.35300053100829,
        70.60169835322772,
        70.60169835322772,
        60.37516134372691,
        57.09504262930918,
        57.09504262930918,
        55.1748344383539,
        55.1748344383539,
        53.22145806549767
    ],
    "swarm_position_history": null,
    "timing_stats": {
        "total_time_s": 0.03844080003909767,
        "fitness_time_s": null,
        "velocity_update_time_s": null,
        "position_update_time_s": null,
        "solver": "pyswarm",
        "solver_messages": [
            "Stopping search: maximum iterations reached --> 100"
        ]
    },
    "config": {
        "num_particles": 30,
        "dimensions": 30,
        "max_iterations": 100,
        "inertia_weight": 0.7,
        "cognitive_coefficient": 1.5,
        "social_coefficient": 1.5,
        "seed": 0,
        "tolerance": 0.0,
        "stagnation_patience": null,
        "track_history": true,
        "track_swarm_history": false
    }
}