{
    "objective": "rosenbrock",
    "evaluation_mode": "pyswarm",
    "best_value": 238.04267957059648,
    "best_position": [
        -0.9120387795411142,
        0.8913777762303265,
        0.8010888321407179,
        0.6597740367013347,
        0.6709901012792036,
        0.6540291087646254,
        0.5875000892057574,
        0.4756577458739857,
        0.25914224049269063,
        0.125569850348096,
        -0.04805542150437921,
        -0.03822762627445244,
        0.004660491245959205,
        0.06347331899334177,
        0.039813245924129895,
        0.04893636305445806,
        -0.24455877629384004,
        0.12894817421968652,
        0.13219337511417964,
        0.08471462489241331,
        0.017351947069993635,
        -0.1519235452868698,
        0.04370152895084794,
        0.019165321055172532,
        -0.05941567071658964,
        0.037948350851675035,
        0.0951628389677252,
        0.04916895428132151,
        -1.2063125338890721,
        2.048
    ],
    "elapsed_time_s": 0.03869499999564141,
    "iterations_completed": 100,
    "best_value_history": [
        6628.104875443418,
        6628.104875443418,
        6628.104875443418,
        6628.104875443418,
        6628.104875443418,
        6628.104875443418,
        6628.104875443418,
        6628.104875443418,
        6628.104875443418,
        3883.6234348588882,
        3336.3508965322017,
        2155.1512880122636,
        1801.4885776882622,
        1801.4885776882622,
        1801.4885776882622,
        1801.4885776882622,
        1801.4885776882622,
        1471.1306477226954,
        1471.1306477226954,
        1297.1268661762551,
        1159.3548871254948,
        1159.3548871254948,
        840.4421059880386,
        819.7173308015138,
        819.7173308015138,
        819.7173308015138,
        819.7173308015138,
        791.1886001101697,
        657.9332606112868,
        657.9332606112868,
        657.9332606112868,
        646.1486920842839,
        646.1486920842839,
        618.3568256940976,
        548.4404209187988,
        547.5817711040984,
        452.7852299717497,
        452.7852299717497,
        452.7852299717497,
        428.71959725636384,
        428.71959725636384,
        428.71959725636384,
        428.71959725636384,
        426.40322505357585,
        426.40322505357585,
        419.0289259596332,
        404.34078281158827,
        404.34078281158827,
        403.3663655172963,
        403.3663655172963,
        399.55101302820157,
        399.55101302820157,
        399.55101302820157,
        359.94780325774076,
        358.51569928112525,
        357.5085850738595,
        357.5085850738595,
        353.4017926574988,
        353.4017926574988,
        353.2766416587941,
        333.7920466756314,
        333.7920466756314,
        333.7920466756314,
        323.67806651254733,
        323.67806651254733,
        323.67806651254733,
        312.9197751688052,
        312.9197751688052,
        312.87604680994644,
        308.70521165375493,
        308.70521165375493,
        306.7054619410831,
        291.79107603816783,
        291.73902636893456,
        291.73902636893456,
        284.66862119060227,
        284.66862119060227,
        284.66862119060227,
        280.90659132136847,
        280.90659132136847,
        278.40368458036386,
        278.40368458036386,
        275.30632120274316,
        275.30632120274316,
        272.375694346253,
        266.9494926873101,
        266.2975333162961,
        255.87866622066647,
        255.87866622066647,
        255.87866622066647,
        255.87866622066647,
        255.11037470633352,
        255.11037470633352,
        250.39600569058615,
        249.98171446319975,
        245.79166959114244,
        242.55825298060356,
        242.4126416469805,
        238.04267957059648,
        238.04267957059648
    ],
    "swarm_position_history": null,
    "timing_stats": {
        "total_time_s": 0.03869499999564141,
        "fitness_time_s": null,
        "velocity_update_time_s": null,
        "position_update_time_s": null,
        "solver": "pyswarm",
        "solver_messages": [
            "Stopping search: maximum iterations reached --> 100"
        ]
    },
    "config": {
        "num_particles": 30,
        "dimensions": 30,
        "max_iterations": 100,
        "inertia_weight": 0.7,
        "cognitive_coefficient": 1.5,
        "social_coefficient": 1.5,
        "seed": 3,
        "tolerance": 0.0,
        "stagnation_patience": null,
        "track_history": true,
        "track_swarm_history": false
    }
}