{
    "objective": "rosenbrock",
    "evaluation_mode": "pyswarm",
    "best_value": 44.97937169184711,
    "best_position": [
        -0.8636595829294847,
        0.7347943951854157,
        0.5464672203564193,
        0.26102188362595957,
        -0.002976927437003188,
        0.03283527538014375,
        0.05156447079784624,
        0.04651537083021487,
        0.11185559066464561,
        0.07275866519700044,
        -0.08290500322733085,
        0.05734033498173344,
        0.14833109406963546,
        0.13217811133109605,
        0.10688809588993269,
        0.11815313292165822,
        0.1027532469201944,
        0.05838977279285995,
        0.14151566232285118,
        0.0572136109850489,
        0.059530974309317176,
        0.008809155569953306,
        0.038494325973425905,
        0.06324764508760398,
        -0.025204648019940424,
        0.08138736919312915,
        -0.15014445051327235,
        -0.00323681986796822,
        0.0011176160825714313,
        -0.13097282307475722
    ],
    "elapsed_time_s": 0.0382561000296846,
    "iterations_completed": 100,
    "best_value_history": [
        5720.604683078896,
        5720.604683078896,
        5720.604683078896,
        5720.604683078896,
        5720.604683078896,
        5720.604683078896,
        5720.604683078896,
        5538.705894838673,
        4903.267228671334,
        4903.267228671334,
        4903.267228671334,
        3749.556929358489,
        3384.552543722905,
        2868.09579578117,
        2868.09579578117,
        2410.9181604377964,
        2410.9181604377964,
        2137.656922668597,
        1721.865578140546,
        1670.9119482393871,
        1670.9119482393871,
        1448.9714272353608,
        1448.9714272353608,
        1448.9714272353608,
        1448.9714272353608,
        1448.9714272353608,
        1448.9714272353608,
        1431.8510358080391,
        1387.5668198401754,
        1261.5062464279636,
        1066.588263423067,
        1066.588263423067,
        748.5010127074773,
        748.5010127074773,
        748.5010127074773,
        748.5010127074773,
        748.5010127074773,
        748.5010127074773,
        612.8470034706633,
        612.8470034706633,
        576.8419015100553,
        520.715458346425,
        520.715458346425,
        520.715458346425,
        390.16366027380866,
        390.16366027380866,
        382.8207583388544,
        367.2094611034105,
        348.01247499233625,
        323.9152389801734,
        323.9152389801734,
        323.9152389801734,
        323.9152389801734,
        277.84134363334795,
        276.3256632632407,
        249.94936987510835,
        240.60951913474264,
        234.88693265223588,
        182.98147034887091,
        182.98147034887091,
        131.5947561974669,
        131.5947561974669,
        126.20668779906777,
        126.20668779906777,
        119.23886808348496,
        119.23886808348496,
        119.23886808348496,
        117.18578235727053,
        117.18578235727053,
        103.94785855381772,
        103.94785855381772,
        103.94785855381772,
        101.68593003875529,
        99.73888118772697,
        99.73888118772697,
        99.73888118772697,
        90.55739585070113,
        90.55739585070113,
        86.6994267762084,
        84.81221080347288,
        83.23327270435006,
        73.56699638692155,
        73.56699638692155,
        73.56699638692155,
        73.56699638692155,
        73.4343052485951,
        70.34890656883009,
        70.34890656883009,
        66.64575551750212,
        63.21134422114938,
        61.08215874128177,
        61.08215874128177,
        56.38404121760648,
        56.38404121760648,
        56.38404121760648,
        55.301463993579965,
        53.056280254642374,
        53.056280254642374,
        46.80337110048871,
        44.97937169184711
    ],
    "swarm_position_history": null,
    "timing_stats": {
        "total_time_s": 0.0382561000296846,
        "fitness_time_s": null,
        "velocity_update_time_s": null,
        "position_update_time_s": null,
        "solver": "pyswarm",
        "solver_messages": [
            "Stopping search: maximum iterations reached --> 100"
        ]
    },
    "config": {
        "num_particles": 30,
        "dimensions": 30,
        "max_iterations": 100,
        "inertia_weight": 0.7,
        "cognitive_coefficient": 1.5,
        "social_coefficient": 1.5,
        "seed": 2,
        "tolerance": 0.0,
        "stagnation_patience": null,
        "track_history": true,
        "track_swarm_history": false
    }
}