{
    "objective": "sphere",
    "evaluation_mode": "sequential",
    "best_value": 5.377323874869624e-37,
    "best_position": [
        7.32985340232185e-19,
        -2.1561041061839662e-20
    ],
    "elapsed_time_s": 0.006340199965052307,
    "iterations_completed": 100,
    "best_value_history": [
        0.012368388445590515,
        0.012368388445590515,
        0.012368388445590515,
        0.012368388445590515,
        0.009533820370407113,
        0.0014789374220072348,
        0.0014789374220072348,
        2.0533207196009463e-05,
        2.0533207196009463e-05,
        2.0533207196009463e-05,
        2.0533207196009463e-05,
        1.8578351192069418e-06,
        7.057370098746928e-07,
        7.057370098746928e-07,
        7.057370098746928e-07,
        4.406154937785548e-07,
        2.3727777123485463e-08,
        2.3727777123485463e-08,
        1.9824484859455177e-08,
        7.692171442451659e-09,
        3.9696429876330007e-10,
        3.9696429876330007e-10,
        3.9696429876330007e-10,
        7.37113856192832e-11,
        7.37113856192832e-11,
        7.923073827387002e-12,
        7.923073827387002e-12,
        7.923073827387002e-12,
        7.923073827387002e-12,
        6.0469958351235675e-12,
        3.34418051424584e-12,
        5.192517091307303e-13,
        2.0438441795145997e-13,
        2.0438441795145997e-13,
        6.070740234747681e-14,
        6.070740234747681e-14,
        3.9196638781441876e-14,
        1.8890636482535583e-15,
        4.439429050154612e-18,
        4.439429050154612e-18,
        4.439429050154612e-18,
        4.439429050154612e-18,
        4.439429050154612e-18,
        4.439429050154612e-18,
        4.439429050154612e-18,
        4.439429050154612e-18,
        2.0578507674281255e-18,
        4.3344570849124845e-19,
        2.7431867763745843e-19,
        2.7431867763745843e-19,
        9.918686448428715e-21,
        9.918686448428715e-21,
        9.918686448428715e-21,
        1.815472684447549e-21,
        1.815472684447549e-21,
        3.6326069497267992e-22,
        2.3053292068796406e-22,
        2.3053292068796406e-22,
        2.148421072907469e-22,
        3.0980024496611534e-23,
        3.943822918923595e-24,
        3.943822918923595e-24,
        3.943822918923595e-24,
        3.475330331740191e-24,
        1.1975880560484652e-25,
        1.1975880560484652e-25,
        1.1975880560484652e-25,
        5.261679461947288e-26,
        5.261679461947288e-26,
        9.903964533420138e-27,
        9.903964533420138e-27,
        4.78184811011524e-27,
        9.905321078380479e-28,
        1.7554507477189692e-28,
        1.4043774282871206e-28,
        4.579520050919845e-29,
        4.579520050919845e-29,
        7.926029150936761e-30,
        7.926029150936761e-30,
        3.6546365120606e-30,
        2.290384917412354e-30,
        2.290384917412354e-30,
        9.764750098518367e-32,
        9.764750098518367e-32,
        9.764750098518367e-32,
        9.764750098518367e-32,
        9.764750098518367e-32,
        4.1777483488132646e-32,
        3.4928190626177457e-32,
        3.1447421222717095e-33,
        1.5461078110227874e-33,
        8.179761085244572e-34,
        8.179761085244572e-34,
        3.470197240556601e-34,
        3.38407690125347e-35,
        1.5352451177899106e-35,
        1.5352451177899106e-35,
        2.593596333901245e-36,
        2.593596333901245e-36,
        5.377323874869624e-37
    ],
    "timing_stats": {
        "total_time_s": 0.006335799931548536,
        "fitness_time_s": 0.00519749999511987,
        "velocity_update_time_s": 0.0004807007499039173,
        "position_update_time_s": 0.00022769940551370382
    },
    "config": {
        "num_particles": 30,
        "dimensions": 2,
        "max_iterations": 100,
        "inertia_weight": 0.4,
        "cognitive_coefficient": 1.0,
        "social_coefficient": 1.0,
        "seed": 3,
        "tolerance": 0.0,
        "stagnation_patience": null,
        "track_history": true
    }
}