{
    "objective": "rosenbrock",
    "evaluation_mode": null,
    "best_value": 4.329744675286964e-20,
    "best_position": [
        0.9999999998078988,
        0.9999999996237942
    ],
    "elapsed_time_s": 0.21477319998666644,
    "iterations_completed": 500,
    "best_value_history": [
        5.6366438910170595,
        5.301489833246088,
        1.0517873226550611,
        0.11655145363029115,
        0.11655145363029115,
        0.11655145363029115,
        0.11655145363029115,
        0.11655145363029115,
        0.11655145363029115,
        0.11655145363029115,
        0.11655145363029115,
        0.11655145363029115,
        0.11655145363029115,
        0.11655145363029115,
        0.11655145363029115,
        0.060452728385714145,
        0.060452728385714145,
        0.060452728385714145,
        0.060452728385714145,
        0.060452728385714145,
        0.04770162795620197,
        0.011233972820221923,
        0.011233972820221923,
        0.011233972820221923,
        0.011233972820221923,
        0.011233972820221923,
        0.011233972820221923,
        0.011233972820221923,
        0.002434486267675016,
        0.00028909869599211654,
        9.483582720078e-05,
        9.483582720078e-05,
        9.483582720078e-05,
        9.483582720078e-05,
        9.483582720078e-05,
        9.483582720078e-05,
        9.483582720078e-05,
        9.483582720078e-05,
        9.483582720078e-05,
        9.483582720078e-05,
        9.483582720078e-05,
        9.483582720078e-05,
        9.483582720078e-05,
        9.483582720078e-05,
        9.483582720078e-05,
        9.483582720078e-05,
        7.504096102057578e-05,
        7.504096102057578e-05,
        7.504096102057578e-05,
        7.504096102057578e-05,
        7.504096102057578e-05,
        7.504096102057578e-05,
        7.504096102057578e-05,
        7.504096102057578e-05,
        7.504096102057578e-05,
        7.504096102057578e-05,
        7.504096102057578e-05,
        7.504096102057578e-05,
        7.504096102057578e-05,
        7.504096102057578e-05,
        7.504096102057578e-05,
        7.504096102057578e-05,
        7.502909899316083e-05,
        7.502909899316083e-05,
        7.502909899316083e-05,
        7.502909899316083e-05,
        7.502909899316083e-05,
        7.502909899316083e-05,
        7.405982832582494e-05,
        7.405982832582494e-05,
        7.405982832582494e-05,
        7.405982832582494e-05,
        7.405982832582494e-05,
        7.405982832582494e-05,
        7.405982832582494e-05,
        7.405982832582494e-05,
        7.405982832582494e-05,
        7.405982832582494e-05,
        7.405982832582494e-05,
        1.9462419701497685e-05,
        1.9462419701497685e-05,
        1.9462419701497685e-05,
        1.9462419701497685e-05,
        1.9462419701497685e-05,
        1.9462419701497685e-05,
        1.9462419701497685e-05,
        1.9462419701497685e-05,
        1.9462419701497685e-05,
        1.9462419701497685e-05,
        1.9462419701497685e-05,
        1.874067680727096e-05,
        1.874067680727096e-05,
        1.874067680727096e-05,
        1.874067680727096e-05,
        1.7324471256389176e-05,
        1.7324471256389176e-05,
        1.7324471256389176e-05,
        1.7324471256389176e-05,
        1.7324471256389176e-05,
        1.7324471256389176e-05,
        1.2284780763811789e-05,
        1.0460344512306054e-05,
        1.0460344512306054e-05,
        1.0460344512306054e-05,
        1.0460344512306054e-05,
        1.0373188171792842e-05,
        1.0373188171792842e-05,
        1.0373188171792842e-05,
        1.0373188171792842e-05,
        1.0373188171792842e-05,
        1.0373188171792842e-05,
        1.0373188171792842e-05,
        1.0373188171792842e-05,
        1.0373188171792842e-05,
        1.0373188171792842e-05,
        1.0373188171792842e-05,
        1.0373188171792842e-05,
        1.0373188171792842e-05,
        1.0373188171792842e-05,
        1.0373188171792842e-05,
        1.0373188171792842e-05,
        1.0373188171792842e-05,
        1.0373188171792842e-05,
        1.8299042709893363e-06,
        1.8299042709893363e-06,
        1.8299042709893363e-06,
        1.8299042709893363e-06,
        1.8299042709893363e-06,
        1.8299042709893363e-06,
        1.6526610852871292e-06,
        1.6526610852871292e-06,
        1.6526610852871292e-06,
        1.6526610852871292e-06,
        1.6526610852871292e-06,
        1.6526610852871292e-06,
        7.380110602296796e-07,
        7.380110602296796e-07,
        7.380110602296796e-07,
        7.380110602296796e-07,
        7.380110602296796e-07,
        7.380110602296796e-07,
        7.380110602296796e-07,
        7.380110602296796e-07,
        3.6837840282285423e-07,
        3.6837840282285423e-07,
        3.6837840282285423e-07,
        3.6837840282285423e-07,
        3.6837840282285423e-07,
        9.755086402577297e-08,
        9.755086402577297e-08,
        9.755086402577297e-08,
        9.755086402577297e-08,
        9.755086402577297e-08,
        9.755086402577297e-08,
        9.755086402577297e-08,
        9.755086402577297e-08,
        9.755086402577297e-08,
        9.755086402577297e-08,
        9.755086402577297e-08,
        9.755086402577297e-08,
        9.755086402577297e-08,
        9.755086402577297e-08,
        9.525980662743791e-08,
        9.525980662743791e-08,
        9.525980662743791e-08,
        8.563590106697876e-08,
        8.563590106697876e-08,
        8.563590106697876e-08,
        6.860533527348025e-08,
        5.493337471163093e-08,
        4.938702514748607e-08,
        4.246098700786753e-08,
        4.246098700786753e-08,
        4.246098700786753e-08,
        4.246098700786753e-08,
        4.246098700786753e-08,
        4.2455751271220714e-08,
        4.2455751271220714e-08,
        4.2455751271220714e-08,
        4.2455751271220714e-08,
        4.243951811636094e-08,
        2.823146819648339e-08,
        2.823146819648339e-08,
        1.547596808163842e-10,
        1.547596808163842e-10,
        1.547596808163842e-10,
        1.547596808163842e-10,
        1.547596808163842e-10,
        1.547596808163842e-10,
        1.547596808163842e-10,
        1.547596808163842e-10,
        1.547596808163842e-10,
        1.547596808163842e-10,
        1.547596808163842e-10,
        1.547596808163842e-10,
        1.547596808163842e-10,
        1.547596808163842e-10,
        1.547596808163842e-10,
        1.547596808163842e-10,
        1.547596808163842e-10,
        1.547596808163842e-10,
        1.547596808163842e-10,
        1.547596808163842e-10,
        1.547596808163842e-10,
        1.547596808163842e-10,
        1.547596808163842e-10,
        1.547596808163842e-10,
        1.547596808163842e-10,
        1.547596808163842e-10,
        1.547596808163842e-10,
        1.547596808163842e-10,
        1.547596808163842e-10,
        7.307618370940246e-11,
        7.307618370940246e-11,
        7.307618370940246e-11,
        7.307618370940246e-11,
        7.307618370940246e-11,
        7.307618370940246e-11,
        7.307618370940246e-11,
        7.307618370940246e-11,
        7.307618370940246e-11,
        6.064758021152706e-11,
        6.064758021152706e-11,
        6.064758021152706e-11,
        6.064758021152706e-11,
        6.064758021152706e-11,
        6.064758021152706e-11,
        6.064758021152706e-11,
        6.064758021152706e-11,
        2.998033407380367e-11,
        2.998033407380367e-11,
        2.998033407380367e-11,
        2.998033407380367e-11,
        2.998033407380367e-11,
        2.998033407380367e-11,
        2.998033407380367e-11,
        2.781996891193735e-11,
        2.781996891193735e-11,
        2.781996891193735e-11,
        2.781996891193735e-11,
        2.781996891193735e-11,
        2.6021611121016275e-11,
        2.6021611121016275e-11,
        2.6021611121016275e-11,
        2.6021611121016275e-11,
        2.470838927592964e-11,
        2.470838927592964e-11,
        2.470838927592964e-11,
        2.470838927592964e-11,
