{
    "objective": "rastrigin",
    "evaluation_mode": "threading",
    "best_value": 4.542955430033664e-09,
    "best_position": [
        4.61879530328136e-06,
        1.2512428655250359e-06
    ],
    "elapsed_time_s": 0.041897900053299963,
    "iterations_completed": 100,
    "best_value_history": [
        5.725181632436069,
        5.725181632436069,
        5.725181632436069,
        5.725181632436069,
        5.725181632436069,
        5.33574460756252,
        5.33574460756252,
        5.010791564441182,
        5.010791564441182,
        5.010791564441182,
        5.010791564441182,
        5.010791564441182,
        5.010791564441182,
        5.010791564441182,
        2.657189178987003,
        2.657189178987003,
        2.657189178987003,
        2.657189178987003,
        2.657189178987003,
        0.9189716861898265,
        0.9189716861898265,
        0.9189716861898265,
        0.07626250465595705,
        0.07626250465595705,
        0.07626250465595705,
        0.07626250465595705,
        0.07626250465595705,
        0.0663877170669894,
        0.0663877170669894,
        0.0663877170669894,
        0.025872261813533838,
        0.025872261813533838,
        0.025872261813533838,
        0.025872261813533838,
        0.025872261813533838,
        0.023698166860211388,
        0.023698166860211388,
        0.023698166860211388,
        0.013229110793386806,
        0.0005361327194186807,
        0.0005361327194186807,
        0.0005361327194186807,
        0.0005361327194186807,
        0.0005361327194186807,
        0.0005361327194186807,
        0.0005361327194186807,
        0.0005361327194186807,
        0.0005361327194186807,
        0.0005361327194186807,
        0.0005361327194186807,
        0.0003329654748770428,
        0.0003329654748770428,
        0.0003329654748770428,
        0.0003329654748770428,
        0.0003329654748770428,
        4.408832142793522e-06,
        4.408832142793522e-06,
        4.408832142793522e-06,
        4.408832142793522e-06,
        4.408832142793522e-06,
        4.408832142793522e-06,
        4.408832142793522e-06,
        4.408832142793522e-06,
        4.408832142793522e-06,
        4.408832142793522e-06,
        4.408832142793522e-06,
        5.251474153479821e-07,
        5.251474153479821e-07,
        5.251474153479821e-07,
        5.251474153479821e-07,
        5.251474153479821e-07,
        5.251474153479821e-07,
        5.251474153479821e-07,
        5.251474153479821e-07,
        5.251474153479821e-07,
        5.251474153479821e-07,
        5.251474153479821e-07,
        5.251474153479821e-07,
        5.251474153479821e-07,
        5.251474153479821e-07,
        5.251474153479821e-07,
        2.8462849951072665e-07,
        9.56644956334341e-08,
        9.56644956334341e-08,
        9.56644956334341e-08,
        5.411060215925105e-08,
        5.411060215925105e-08,
        5.411060215925105e-08,
        2.5730371679314033e-08,
        2.5730371679314033e-08,
        1.3730984174392656e-08,
        1.3730984174392656e-08,
        1.3730984174392656e-08,
        1.3730984174392656e-08,
        1.142528843960862e-08,
        4.542955430033664e-09,
        4.542955430033664e-09,
        4.542955430033664e-09,
        4.542955430033664e-09,
        4.542955430033664e-09
    ],
    "swarm_position_history": null,
    "timing_stats": {
        "total_time_s": 0.041891600005328655,
        "fitness_time_s": 0.038107599364593625,
        "velocity_update_time_s": 0.0012329000746831298,
        "position_update_time_s": 0.0006396000972017646
    },
    "config": {
        "num_particles": 30,
        "dimensions": 2,
        "max_iterations": 100,
        "inertia_weight": 0.7,
        "cognitive_coefficient": 1.5,
        "social_coefficient": 1.5,
        "seed": 3,
        "tolerance": 0.0,
        "stagnation_patience": null,
        "track_history": true,
        "track_swarm_history": false
    }
}