{
    "objective": "rastrigin",
    "evaluation_mode": "threading",
    "best_value": 8.822687898092475e-08,
    "best_position": [
        7.205196527587196e-06,
        1.9819051759750533e-05
    ],
    "elapsed_time_s": 0.04145410005003214,
    "iterations_completed": 100,
    "best_value_history": [
        4.360966070846158,
        4.360966070846158,
        2.876882238558692,
        2.876882238558692,
        2.876882238558692,
        2.876882238558692,
        2.876882238558692,
        2.876882238558692,
        2.876882238558692,
        2.876882238558692,
        2.876882238558692,
        2.876882238558692,
        2.6158502981776453,
        2.6158502981776453,
        2.478109264957139,
        2.3899872289078092,
        2.0066585947606366,
        2.0066585947606366,
        2.0066585947606366,
        2.0066585947606366,
        1.559224095228508,
        1.527922180383278,
        1.527922180383278,
        1.1597104504656468,
        1.128502569347994,
        1.128502569347994,
        1.128502569347994,
        1.128502569347994,
        1.128502569347994,
        1.128502569347994,
        1.128502569347994,
        0.013622279338378833,
        0.013622279338378833,
        0.013622279338378833,
        0.013622279338378833,
        0.013622279338378833,
        0.013622279338378833,
        0.013622279338378833,
        0.013622279338378833,
        0.013622279338378833,
        0.013622279338378833,
        0.013622279338378833,
        0.013622279338378833,
        0.013622279338378833,
        0.013622279338378833,
        0.013622279338378833,
        0.013622279338378833,
        0.013622279338378833,
        0.013622279338378833,
        0.0027492914995417006,
        0.0027492914995417006,
        0.0013899906347493534,
        0.0013899906347493534,
        0.0013899906347493534,
        0.0013899906347493534,
        0.0013899906347493534,
        0.0013899906347493534,
        0.0013899906347493534,
        0.0013899906347493534,
        0.0013899906347493534,
        0.00024660577961836797,
        0.00024660577961836797,
        0.00024660577961836797,
        0.00024660577961836797,
        0.00024660577961836797,
        0.00024660577961836797,
        0.00010718683719939748,
        0.00010718683719939748,
        0.00010718683719939748,
        0.00010718683719939748,
        0.00010718683719939748,
        0.00010718683719939748,
        0.00010718683719939748,
        0.00010718683719939748,
        9.472358813513313e-05,
        9.472358813513313e-05,
        9.472358813513313e-05,
        9.472358813513313e-05,
        1.2354613584696377e-05,
        1.2354613584696377e-05,
        1.2354613584696377e-05,
        1.2354613584696377e-05,
        1.2354613584696377e-05,
        1.2354613584696377e-05,
        4.008580813948881e-06,
        4.008580813948881e-06,
        4.008580813948881e-06,
        4.008580813948881e-06,
        4.008580813948881e-06,
        2.930982420123762e-06,
        2.930982420123762e-06,
        1.8644295514722462e-07,
        1.8644295514722462e-07,
        1.6924249206717129e-07,
        1.6924249206717129e-07,
        1.6924249206717129e-07,
        8.822687898092475e-08,
        8.822687898092475e-08,
        8.822687898092475e-08,
        8.822687898092475e-08
    ],
    "swarm_position_history": null,
    "timing_stats": {
        "total_time_s": 0.04144760000053793,
        "fitness_time_s": 0.03750900051090866,
        "velocity_update_time_s": 0.0012988005764782429,
        "position_update_time_s": 0.0006410995265468955
    },
    "config": {
        "num_particles": 30,
        "dimensions": 2,
        "max_iterations": 100,
        "inertia_weight": 0.7,
        "cognitive_coefficient": 1.5,
        "social_coefficient": 1.5,
        "seed": 0,
        "tolerance": 0.0,
        "stagnation_patience": null,
        "track_history": true,
        "track_swarm_history": false
    }
}