{
    "objective": "rosenbrock",
    "evaluation_mode": null,
    "best_value": 1.6034210150026592e-08,
    "best_position": [
        0.9998770432873484,
        0.9997571280059286
    ],
    "elapsed_time_s": 0.23627689998829737,
    "iterations_completed": 100,
    "best_value_history": [
        0.39814932832349537,
        0.13332033078733085,
        0.13332033078733085,
        0.004814209090273115,
        0.004814209090273115,
        0.004814209090273115,
        0.004814209090273115,
        0.004814209090273115,
        0.004814209090273115,
        0.004814209090273115,
        0.004814209090273115,
        0.004814209090273115,
        0.004814209090273115,
        0.004814209090273115,
        0.004814209090273115,
        0.004814209090273115,
        0.0003719122999098002,
        0.0003719122999098002,
        0.0003719122999098002,
        0.0003719122999098002,
        0.0003719122999098002,
        0.0003719122999098002,
        0.0003719122999098002,
        0.0003719122999098002,
        0.0003719122999098002,
        0.0003719122999098002,
        0.0003719122999098002,
        0.0003719122999098002,
        0.0003719122999098002,
        0.0003719122999098002,
        8.711418475004078e-05,
        8.711418475004078e-05,
        3.271077397614228e-06,
        3.271077397614228e-06,
        3.271077397614228e-06,
        3.271077397614228e-06,
        3.271077397614228e-06,
        3.271077397614228e-06,
        3.271077397614228e-06,
        3.271077397614228e-06,
        3.271077397614228e-06,
        1.8324629452773651e-06,
        1.8324629452773651e-06,
        1.8324629452773651e-06,
        1.8324629452773651e-06,
        1.5421625196438165e-06,
        1.5421625196438165e-06,
        1.3770780189665074e-06,
        1.3770780189665074e-06,
        1.3770780189665074e-06,
        1.2918230303672292e-06,
        1.2918230303672292e-06,
        1.2918230303672292e-06,
        1.2918230303672292e-06,
        1.2918230303672292e-06,
        1.2918230303672292e-06,
        1.2918230303672292e-06,
        1.2918230303672292e-06,
        1.2918230303672292e-06,
        1.2918230303672292e-06,
        1.2608540306234878e-06,
        1.2608540306234878e-06,
        1.2608540306234878e-06,
        1.2564158457245701e-06,
        1.2564158457245701e-06,
        1.2564158457245701e-06,
        1.2564158457245701e-06,
        1.2564158457245701e-06,
        1.2564158457245701e-06,
        1.2564158457245701e-06,
        1.2564158457245701e-06,
        1.2564158457245701e-06,
        1.2564158457245701e-06,
        1.2564158457245701e-06,
        1.2564158457245701e-06,
        1.1445369437634635e-06,
        1.1445369437634635e-06,
        1.1445369437634635e-06,
        1.1445369437634635e-06,
        1.1445369437634635e-06,
        1.1445369437634635e-06,
        1.1445369437634635e-06,
        1.1445369437634635e-06,
        1.1445369437634635e-06,
        1.1445369437634635e-06,
        7.538185990451185e-07,
        7.538185990451185e-07,
        7.538185990451185e-07,
        1.6445960282704804e-07,
        1.6445960282704804e-07,
        1.6445960282704804e-07,
        1.6445960282704804e-07,
        1.6445960282704804e-07,
        1.332984121266976e-07,
        1.332984121266976e-07,
        1.332984121266976e-07,
        1.332984121266976e-07,
        1.332984121266976e-07,
        1.0679745516520992e-07,
        1.6034210150026592e-08
    ],
    "timing_stats": {
        "total_time_s": 0.23627100000157952,
        "fitness_time_s": 0.23170000000391155,
        "velocity_update_time_s": 0.0015221998328343034,
        "position_update_time_s": 0.0006368997856043279
    },
    "config": {
        "num_particles": 30,
        "dimensions": 2,
        "max_iterations": 100,
        "inertia_weight": 0.7,
        "cognitive_coefficient": 1.5,
        "social_coefficient": 1.5,
        "seed": 4,
        "tolerance": 0.0,
        "stagnation_patience": null,
        "track_history": true
    }
}