{
    "objective": "rosenbrock",
    "evaluation_mode": null,
    "best_value": 0.00043112098264938006,
    "best_position": [
        0.9792390670197385,
        0.9588768015850565
    ],
    "elapsed_time_s": 0.28314909990876913,
    "iterations_completed": 100,
    "best_value_history": [
        1.5544890323467193,
        1.5544890323467193,
        1.3104302262748784,
        1.1411710921479912,
        0.41819266039998193,
        0.022722227454638436,
        0.022722227454638436,
        0.022722227454638436,
        0.022722227454638436,
        0.022722227454638436,
        0.022722227454638436,
        0.019450960810393898,
        0.019450960810393898,
        0.019450960810393898,
        0.019450960810393898,
        0.019450960810393898,
        0.016075537128219793,
        0.016075537128219793,
        0.013297604914677737,
        0.013297604914677737,
        0.013297604914677737,
        0.013297604914677737,
        0.013297604914677737,
        0.013297604914677737,
        0.013297604914677737,
        0.013297604914677737,
        0.013297604914677737,
        0.013297604914677737,
        0.013297604914677737,
        0.00963607028909926,
        0.00963607028909926,
        0.00963607028909926,
        0.00963607028909926,
        0.008178512258006834,
        0.008178512258006834,
        0.005983837149985615,
        0.005983837149985615,
        0.005983837149985615,
        0.005983837149985615,
        0.005983837149985615,
        0.0058960089846871525,
        0.0058960089846871525,
        0.0058960089846871525,
        0.0058960089846871525,
        0.0058960089846871525,
        0.0058960089846871525,
        0.0058960089846871525,
        0.0058960089846871525,
        0.0058960089846871525,
        0.0058960089846871525,
        0.0058960089846871525,
        0.0058960089846871525,
        0.005758685917959042,
        0.005758685917959042,
        0.005707028660800103,
        0.005707028660800103,
        0.005707028660800103,
        0.005707028660800103,
        0.005670676526974434,
        0.003574911060974421,
        0.003574911060974421,
        0.002058712250323259,
        0.002058712250323259,
        0.002058712250323259,
        0.002058712250323259,
        0.002058712250323259,
        0.0020007001029328595,
        0.0018589354116581632,
        0.001821213048070998,
        0.001821213048070998,
        0.0018185680890060846,
        0.0018185680890060846,
        0.0018185680890060846,
        0.0017319716971770133,
        0.0014930826345129636,
        0.0012836333219051943,
        0.00109819382469435,
        0.0009745537053065936,
        0.0007516482121590424,
        0.0005293648050588839,
        0.0005293648050588839,
        0.0005293648050588839,
        0.0005293648050588839,
        0.0005293648050588839,
        0.0005293648050588839,
        0.0005293648050588839,
        0.0005293648050588839,
        0.0005293648050588839,
        0.0005293648050588839,
        0.0005293648050588839,
        0.0005293648050588839,
        0.0005293648050588839,
        0.0005293648050588839,
        0.00045110503698610356,
        0.00045110503698610356,
        0.0004462660880195815,
        0.0004462660880195815,
        0.0004462660880195815,
        0.0004462660880195815,
        0.00043112098264938006
    ],
    "swarm_position_history": null,
    "timing_stats": {
        "total_time_s": 0.2831426999764517,
        "fitness_time_s": 0.27813899994362146,
        "velocity_update_time_s": 0.001762600033544004,
        "position_update_time_s": 0.0007403000490739942
    },
    "config": {
        "num_particles": 30,
        "dimensions": 2,
        "max_iterations": 100,
        "inertia_weight": 0.7,
        "cognitive_coefficient": 1.5,
        "social_coefficient": 1.5,
        "seed": 3,
        "tolerance": 0.0,
        "stagnation_patience": null,
        "track_history": true,
        "track_swarm_history": false
    }
}