{
    "objective": "rosenbrock",
    "evaluation_mode": null,
    "best_value": 1.080302106020731e-22,
    "best_position": [
        1.0000000000103826,
        1.0000000000208134
    ],
    "elapsed_time_s": 0.5914723000023514,
    "iterations_completed": 500,
    "best_value_history": [
        0.39814932832349537,
        0.13332033078733085,
        0.13332033078733085,
        0.004814209090273115,
        0.004814209090273115,
        0.004814209090273115,
        0.004814209090273115,
        0.004814209090273115,
        0.004814209090273115,
        0.004814209090273115,
        0.004814209090273115,
        0.004814209090273115,
        0.004814209090273115,
        0.004814209090273115,
        0.004814209090273115,
        0.004814209090273115,
        0.0003719122999098002,
        0.0003719122999098002,
        0.0003719122999098002,
        0.0003719122999098002,
        0.0003719122999098002,
        0.0003719122999098002,
        0.0003719122999098002,
        0.0003719122999098002,
        0.0003719122999098002,
        0.0003719122999098002,
        0.0003719122999098002,
        0.0003719122999098002,
        0.0003719122999098002,
        0.0003719122999098002,
        8.711418475004078e-05,
        8.711418475004078e-05,
        3.271077397614228e-06,
        3.271077397614228e-06,
        3.271077397614228e-06,
        3.271077397614228e-06,
        3.271077397614228e-06,
        3.271077397614228e-06,
        3.271077397614228e-06,
        3.271077397614228e-06,
        3.271077397614228e-06,
        1.8324629452773651e-06,
        1.8324629452773651e-06,
        1.8324629452773651e-06,
        1.8324629452773651e-06,
        1.5421625196438165e-06,
        1.5421625196438165e-06,
        1.3770780189665074e-06,
        1.3770780189665074e-06,
        1.3770780189665074e-06,
        1.2918230303672292e-06,
        1.2918230303672292e-06,
        1.2918230303672292e-06,
        1.2918230303672292e-06,
        1.2918230303672292e-06,
        1.2918230303672292e-06,
        1.2918230303672292e-06,
        1.2918230303672292e-06,
        1.2918230303672292e-06,
        1.2918230303672292e-06,
        1.2608540306234878e-06,
        1.2608540306234878e-06,
        1.2608540306234878e-06,
        1.2564158457245701e-06,
        1.2564158457245701e-06,
        1.2564158457245701e-06,
        1.2564158457245701e-06,
        1.2564158457245701e-06,
        1.2564158457245701e-06,
        1.2564158457245701e-06,
        1.2564158457245701e-06,
        1.2564158457245701e-06,
        1.2564158457245701e-06,
        1.2564158457245701e-06,
        1.2564158457245701e-06,
        1.1445369437634635e-06,
        1.1445369437634635e-06,
        1.1445369437634635e-06,
        1.1445369437634635e-06,
        1.1445369437634635e-06,
        1.1445369437634635e-06,
        1.1445369437634635e-06,
        1.1445369437634635e-06,
        1.1445369437634635e-06,
        1.1445369437634635e-06,
        7.538185990451185e-07,
        7.538185990451185e-07,
        7.538185990451185e-07,
        1.6445960282704804e-07,
        1.6445960282704804e-07,
        1.6445960282704804e-07,
        1.6445960282704804e-07,
        1.6445960282704804e-07,
        1.332984121266976e-07,
        1.332984121266976e-07,
        1.332984121266976e-07,
        1.332984121266976e-07,
        1.332984121266976e-07,
        1.0679745516520992e-07,
        1.6034210150026592e-08,
        1.6034210150026592e-08,
        1.6034210150026592e-08,
        1.6034210150026592e-08,
        1.6034210150026592e-08,
        1.6034210150026592e-08,
        1.6034210150026592e-08,
        1.6034210150026592e-08,
        1.6034210150026592e-08,
        1.6034210150026592e-08,
        1.3145189247025714e-08,
        1.3145189247025714e-08,
        5.921289537589343e-09,
        5.921289537589343e-09,
        5.921289537589343e-09,
        5.921289537589343e-09,
        5.921289537589343e-09,
        5.921289537589343e-09,
        5.921289537589343e-09,
        5.921289537589343e-09,
        5.921289537589343e-09,
        5.921289537589343e-09,
        5.921289537589343e-09,
        5.921289537589343e-09,
        5.921289537589343e-09,
        5.890431906345885e-09,
        5.890431906345885e-09,
        5.890431906345885e-09,
        5.890431906345885e-09,
        5.890431906345885e-09,
        5.890431906345885e-09,
        5.890431906345885e-09,
        5.890431906345885e-09,
        5.890431906345885e-09,
        5.890431906345885e-09,
        5.890431906345885e-09,
        5.890431906345885e-09,
        5.890431906345885e-09,
        5.282614414693199e-09,
        5.282614414693199e-09,
        5.282614414693199e-09,
        5.282614414693199e-09,
        5.282614414693199e-09,
        5.282614414693199e-09,
        4.832030444745332e-09,
        4.832030444745332e-09,
        4.832030444745332e-09,
        4.832030444745332e-09,
        2.944477033678926e-09,
        2.944477033678926e-09,
        2.944477033678926e-09,
        2.944477033678926e-09,
        2.944477033678926e-09,
        1.9467766359513435e-09,
        1.9467766359513435e-09,
        1.4281721409207344e-09,
        1.4281721409207344e-09,
        1.4281721409207344e-09,
        5.255707355194736e-10,
        5.255707355194736e-10,
        5.255707355194736e-10,
        5.255707355194736e-10,
        3.0271019102823746e-10,
        3.0271019102823746e-10,
        3.0271019102823746e-10,
        3.0271019102823746e-10,
        3.0271019102823746e-10,
        2.0163207711694934e-10,
        2.0163207711694934e-10,
        2.0163207711694934e-10,
        2.0163207711694934e-10,
        2.0163207711694934e-10,
        2.0163207711694934e-10,
        2.0163207711694934e-10,
        2.0163207711694934e-10,
        1.9146258667135502e-10,
        1.9146258667135502e-10,
        1.9146258667135502e-10,
        1.9146258667135502e-10,
        1.9146258667135502e-10,
        1.9146258667135502e-10,
        1.905301671236583e-10,
        1.905301671236583e-10,
        1.903149921380725e-10,
        2.386259212003943e-11,
        2.386259212003943e-11,
        2.386259212003943e-11,
        2.386259212003943e-11,
        2.386259212003943e-11,
        2.386259212003943e-11,
        2.386259212003943e-11,
        2.386259212003943e-11,
        2.386259212003943e-11,
        2.386259212003943e-11,
        2.386259212003943e-11,
        2.386259212003943e-11,
        2.2166499280141237e-11,
        2.2166499280141237e-11,
        2.2166499280141237e-11,
        2.2166499280141237e-11,
        2.2166499280141237e-11,
        2.2166499280141237e-11,
        2.2166499280141237e-11,
        2.2166499280141237e-11,
        2.2166499280141237e-11,
        2.2166499280141237e-11,
        1.1251471051326721e-11,
        1.1251471051326721e-11,
        1.1251471051326721e-11,
        1.1251471051326721e-11,
        1.1251471051326721e-11,
        1.1251471051326721e-11,
        1.1251471051326721e-11,
        1.1164220802252444e-11,
        1.1164220802252444e-11,
        1.1164220802252444e-11,
        1.1164220802252444e-11,
        1.1089924535967649e-11,
        1.1089924535967649e-11,
        4.634858354074557e-12,
        2.785396437463115e-12,
        2.785396437463115e-12,
        2.785396437463115e-12,
        2.785396437463115e-12,
        2.785396437463115e-12,
        2.785396437463115e-12,
        2.785396437463115e-12,
        2.785396437463115e-12,
        2.404700987538569e-12,
        2.404700987538569e-12,
        2.404700987538569e-12,
        2.404700987538569e-12,
        2.404700987538569e-12,
        2.404700987538569e-12,
        5.637041789617437e-13,
        5.637041789617437e-13,
        5.637041789617437e-13,
        5.637041789617437e-13,
        5.637041789617437e-13,
        5.637041789617437e-13,
        5.637041789617437e-13,
        5.637041789617437e-13,
        5.637041789617437e-13,
        5.637041789617437e-13,
        5.637041789617437e-13,
        5.637041789617437e-13,
