{
    "objective": "rosenbrock",
    "evaluation_mode": null,
    "best_value": 3.634323164377437e-07,
    "best_position": [
        0.9994238807183663,
        0.9988658469103001
    ],
    "elapsed_time_s": 0.23909260000800714,
    "iterations_completed": 100,
    "best_value_history": [
        0.050604342075401265,
        0.050604342075401265,
        0.050604342075401265,
        0.050604342075401265,
        0.043015130451461776,
        0.043015130451461776,
        0.04249427281229276,
        0.014871970553934626,
        0.014871970553934626,
        0.013779824691780594,
        0.013779824691780594,
        0.008246569847672521,
        0.008246569847672521,
        0.008246569847672521,
        0.008246569847672521,
        0.003034333818865153,
        0.003034333818865153,
        0.003034333818865153,
        0.003034333818865153,
        0.003034333818865153,
        0.003034333818865153,
        0.002490022657063291,
        0.0021187178717239413,
        0.0021187178717239413,
        0.0018433491416320088,
        0.0018433491416320088,
        0.0018433491416320088,
        0.0018433491416320088,
        0.0018433491416320088,
        0.0018433491416320088,
        0.0007276041260288657,
        0.0004882938864920908,
        0.0004882938864920908,
        0.0004882938864920908,
        0.0004882938864920908,
        0.0004882938864920908,
        0.0004882938864920908,
        0.0004882938864920908,
        0.0004763358503947439,
        0.0004763358503947439,
        0.0004763358503947439,
        9.468155685654923e-05,
        9.468155685654923e-05,
        9.468155685654923e-05,
        9.468155685654923e-05,
        9.468155685654923e-05,
        9.468155685654923e-05,
        9.468155685654923e-05,
        9.468155685654923e-05,
        5.954609170571618e-05,
        4.047086056517301e-05,
        4.047086056517301e-05,
        4.047086056517301e-05,
        4.047086056517301e-05,
        4.047086056517301e-05,
        3.998457055682486e-05,
        2.9136035215787917e-05,
        2.9136035215787917e-05,
        2.9136035215787917e-05,
        2.9136035215787917e-05,
        2.9136035215787917e-05,
        2.9136035215787917e-05,
        2.9136035215787917e-05,
        2.8920396092500197e-05,
        2.8920396092500197e-05,
        2.8920396092500197e-05,
        2.7572782977195682e-05,
        2.7572782977195682e-05,
        2.7572782977195682e-05,
        2.7572782977195682e-05,
        2.7572782977195682e-05,
        4.858044439199681e-07,
        4.858044439199681e-07,
        4.858044439199681e-07,
        4.858044439199681e-07,
        4.858044439199681e-07,
        4.858044439199681e-07,
        4.858044439199681e-07,
        4.858044439199681e-07,
        4.858044439199681e-07,
        4.858044439199681e-07,
        4.858044439199681e-07,
        4.858044439199681e-07,
        4.858044439199681e-07,
        4.858044439199681e-07,
        4.858044439199681e-07,
        4.858044439199681e-07,
        4.858044439199681e-07,
        4.858044439199681e-07,
        4.858044439199681e-07,
        4.496390692879969e-07,
        4.181616607032086e-07,
        3.9857898063567437e-07,
        3.860716077776272e-07,
        3.7790444140380817e-07,
        3.7247545591312533e-07,
        3.688162716155578e-07,
        3.6632397416296546e-07,
        3.6461323692275904e-07,
        3.634323164377437e-07
    ],
    "config": {
        "num_particles": 30,
        "dimensions": 2,
        "max_iterations": 100,
        "inertia_weight": 0.7,
        "cognitive_coefficient": 1.5,
        "social_coefficient": 1.5,
        "seed": 0,
        "tolerance": 0.0,
        "stagnation_patience": null,
        "track_history": true
    }
}