{
    "objective": "rosenbrock",
    "evaluation_mode": null,
    "best_value": 8.160818092353257e-24,
    "best_position": [
        0.9999999999973509,
        0.9999999999948087
    ],
    "elapsed_time_s": 0.5958470000186935,
    "iterations_completed": 500,
    "best_value_history": [
        0.050604342075401265,
        0.050604342075401265,
        0.050604342075401265,
        0.050604342075401265,
        0.043015130451461776,
        0.043015130451461776,
        0.04249427281229276,
        0.014871970553934626,
        0.014871970553934626,
        0.013779824691780594,
        0.013779824691780594,
        0.008246569847672521,
        0.008246569847672521,
        0.008246569847672521,
        0.008246569847672521,
        0.003034333818865153,
        0.003034333818865153,
        0.003034333818865153,
        0.003034333818865153,
        0.003034333818865153,
        0.003034333818865153,
        0.002490022657063291,
        0.0021187178717239413,
        0.0021187178717239413,
        0.0018433491416320088,
        0.0018433491416320088,
        0.0018433491416320088,
        0.0018433491416320088,
        0.0018433491416320088,
        0.0018433491416320088,
        0.0007276041260288657,
        0.0004882938864920908,
        0.0004882938864920908,
        0.0004882938864920908,
        0.0004882938864920908,
        0.0004882938864920908,
        0.0004882938864920908,
        0.0004882938864920908,
        0.0004763358503947439,
        0.0004763358503947439,
        0.0004763358503947439,
        9.468155685654923e-05,
        9.468155685654923e-05,
        9.468155685654923e-05,
        9.468155685654923e-05,
        9.468155685654923e-05,
        9.468155685654923e-05,
        9.468155685654923e-05,
        9.468155685654923e-05,
        5.954609170571618e-05,
        4.047086056517301e-05,
        4.047086056517301e-05,
        4.047086056517301e-05,
        4.047086056517301e-05,
        4.047086056517301e-05,
        3.998457055682486e-05,
        2.9136035215787917e-05,
        2.9136035215787917e-05,
        2.9136035215787917e-05,
        2.9136035215787917e-05,
        2.9136035215787917e-05,
        2.9136035215787917e-05,
        2.9136035215787917e-05,
        2.8920396092500197e-05,
        2.8920396092500197e-05,
        2.8920396092500197e-05,
        2.7572782977195682e-05,
        2.7572782977195682e-05,
        2.7572782977195682e-05,
        2.7572782977195682e-05,
        2.7572782977195682e-05,
        4.858044439199681e-07,
        4.858044439199681e-07,
        4.858044439199681e-07,
        4.858044439199681e-07,
        4.858044439199681e-07,
        4.858044439199681e-07,
        4.858044439199681e-07,
        4.858044439199681e-07,
        4.858044439199681e-07,
        4.858044439199681e-07,
        4.858044439199681e-07,
        4.858044439199681e-07,
        4.858044439199681e-07,
        4.858044439199681e-07,
        4.858044439199681e-07,
        4.858044439199681e-07,
        4.858044439199681e-07,
        4.858044439199681e-07,
        4.858044439199681e-07,
        4.496390692879969e-07,
        4.181616607032086e-07,
        3.9857898063567437e-07,
        3.860716077776272e-07,
        3.7790444140380817e-07,
        3.7247545591312533e-07,
        3.688162716155578e-07,
        3.6632397416296546e-07,
        3.6461323692275904e-07,
        3.634323164377437e-07,
        3.6261380352357104e-07,
        1.8967397514568334e-07,
        1.8967397514568334e-07,
        1.8967397514568334e-07,
        1.4900867118339196e-07,
        1.1697102539659605e-07,
        1.0463110324951454e-07,
        1.0093420598404194e-07,
        1.0076704484303363e-07,
        1.0076704484303363e-07,
        9.044042487245104e-08,
        9.044042487245104e-08,
        8.947910043949946e-08,
        6.28680080876025e-08,
        6.28680080876025e-08,
        6.28680080876025e-08,
        6.28680080876025e-08,
        6.28680080876025e-08,
        4.6507552245834185e-08,
        4.6507552245834185e-08,
        4.6507552245834185e-08,
        4.6507552245834185e-08,
        4.6507552245834185e-08,
        4.6507552245834185e-08,
        4.6507552245834185e-08,
        3.358358942784694e-08,
        3.358358942784694e-08,
        3.358358942784694e-08,
        3.358358942784694e-08,
        3.358358942784694e-08,
        3.358358942784694e-08,
        3.358358942784694e-08,
        3.358358942784694e-08,
        5.11854165488769e-09,
        5.11854165488769e-09,
        5.11854165488769e-09,
        5.11854165488769e-09,
        2.7134127328406726e-09,
        2.7134127328406726e-09,
        2.7134127328406726e-09,
        2.7134127328406726e-09,
        2.7134127328406726e-09,
        2.7134127328406726e-09,
        2.7134127328406726e-09,
        2.7134127328406726e-09,
        2.7134127328406726e-09,
        3.939180553254458e-10,
        3.939180553254458e-10,
        3.939180553254458e-10,
        3.939180553254458e-10,
        3.939180553254458e-10,
        3.939180553254458e-10,
        3.939180553254458e-10,
        3.939180553254458e-10,
        3.939180553254458e-10,
        2.971214614264543e-10,
        2.971214614264543e-10,
        2.971214614264543e-10,
        2.971214614264543e-10,
        2.971214614264543e-10,
        2.971214614264543e-10,
        2.971214614264543e-10,
        1.8843389897137262e-10,
        1.8843389897137262e-10,
        1.8843389897137262e-10,
        1.8843389897137262e-10,
        1.8843389897137262e-10,
        1.8843389897137262e-10,
        1.8843389897137262e-10,
        1.8843389897137262e-10,
        1.8843389897137262e-10,
        1.8843389897137262e-10,
        1.8843389897137262e-10,
        1.8843389897137262e-10,
        1.8843389897137262e-10,
        1.8843389897137262e-10,
        1.8843389897137262e-10,
        1.8843389897137262e-10,
        1.8843389897137262e-10,
        1.8843389897137262e-10,
        1.8843389897137262e-10,
        1.8843389897137262e-10,
        1.8843389897137262e-10,
        1.1545008553575468e-10,
        1.1545008553575468e-10,
        1.1545008553575468e-10,
        1.1545008553575468e-10,
        1.1545008553575468e-10,
        1.1545008553575468e-10,
        1.1545008553575468e-10,
        1.1545008553575468e-10,
        1.1545008553575468e-10,
        1.1545008553575468e-10,
        1.1545008553575468e-10,
        1.1545008553575468e-10,
        1.8722780123199644e-11,
        1.8722780123199644e-11,
        1.8722780123199644e-11,
        1.8722780123199644e-11,
        1.8722780123199644e-11,
        1.8722780123199644e-11,
        1.8722780123199644e-11,
        1.8722780123199644e-11,
        1.8722780123199644e-11,
        1.7843823234671463e-11,
        1.7843823234671463e-11,
        1.7843823234671463e-11,
        1.7843823234671463e-11,
        1.7843823234671463e-11,
        9.143392897851126e-12,
        9.143392897851126e-12,
        9.143392897851126e-12,
        9.143392897851126e-12,
        9.143392897851126e-12,
        4.021410332276186e-12,
        4.021410332276186e-12,
        4.021410332276186e-12,
        4.021410332276186e-12,
        4.021410332276186e-12,
        4.021410332276186e-12,
        2.9994598694152563e-12,
        2.9994598694152563e-12,
        2.9994598694152563e-12,
        2.9994598694152563e-12,
        2.9994598694152563e-12,
        2.9994598694152563e-12,
        2.9994598694152563e-12,
        2.553336351107807e-12,
        2.4315864208837183e-12,
        2.4007387340834353e-12,
        2.4007387340834353e-12,
        2.4007387340834353e-12,
        2.4007387340834353e-12,
        2.4007387340834353e-12,
        2.4007387340834353e-12,
        2.1093962574981105e-12,
        2.1093962574981105e-12,
        1.8286322720723143e-12,
        1.8286322720723143e-12,
        1.6837968343645712e-12,
        1.6837968343645712e-12,
        1.6837968343645712e-12,
        1.5284744268701156e-12,
        1.5284744268701156e-12,
        1.1162773638865929e-12,
