{
    "objective": "rosenbrock",
    "evaluation_mode": null,
    "best_value": 1.5999104660206475e-21,
    "best_position": [
        0.9999999999712454,
        0.9999999999452713
    ],
    "elapsed_time_s": 0.5885855999076739,
    "iterations_completed": 500,
    "best_value_history": [
        1.2539058776073466,
        0.5267729578173506,
        0.5267729578173506,
        0.5267729578173506,
        0.2492162298386617,
        0.2492162298386617,
        0.20219890527949155,
        0.18806339731555857,
        0.18806339731555857,
        0.18806339731555857,
        0.1868112583243223,
        0.1868112583243223,
        0.1868112583243223,
        0.1864138911927364,
        0.1864138911927364,
        0.18564996854144622,
        0.18564996854144622,
        0.18564996854144622,
        0.18564996854144622,
        0.18564996854144622,
        0.18564996854144622,
        0.18564996854144622,
        0.18564996854144622,
        0.18564996854144622,
        0.18564996854144622,
        0.18564996854144622,
        0.18564996854144622,
        0.18561976175378184,
        0.18561976175378184,
        0.18561976175378184,
        0.04110075157156958,
        0.04110075157156958,
        0.009541015780501538,
        0.009541015780501538,
        0.009541015780501538,
        0.009541015780501538,
        0.009541015780501538,
        0.009541015780501538,
        0.009541015780501538,
        0.009541015780501538,
        0.009541015780501538,
        0.009541015780501538,
        0.009541015780501538,
        0.009541015780501538,
        0.009541015780501538,
        0.009541015780501538,
        0.0064269708188678795,
        0.0064269708188678795,
        0.003679676970382793,
        0.003679676970382793,
        0.003679676970382793,
        0.003679676970382793,
        0.003679676970382793,
        0.0029282890582073605,
        0.0029282890582073605,
        0.0029282890582073605,
        0.0029282890582073605,
        0.0029282890582073605,
        0.002386916935244713,
        0.0021763747051156395,
        0.0021763747051156395,
        0.0021763747051156395,
        0.0021763747051156395,
        0.002047642071668655,
        0.002047642071668655,
        0.002047642071668655,
        0.00010781411459373654,
        0.00010781411459373654,
        0.00010781411459373654,
        0.00010781411459373654,
        0.00010781411459373654,
        0.00010781411459373654,
        0.00010781411459373654,
        0.00010781411459373654,
        3.392385906719942e-05,
        3.392385906719942e-05,
        3.392385906719942e-05,
        3.392385906719942e-05,
        3.392385906719942e-05,
        1.5706286811584465e-07,
        1.5706286811584465e-07,
        1.5706286811584465e-07,
        1.5706286811584465e-07,
        1.5706286811584465e-07,
        1.5706286811584465e-07,
        1.5706286811584465e-07,
        1.5706286811584465e-07,
        1.5706286811584465e-07,
        1.5706286811584465e-07,
        1.5706286811584465e-07,
        1.5706286811584465e-07,
        1.5706286811584465e-07,
        1.5706286811584465e-07,
        1.5706286811584465e-07,
        1.385375552514189e-08,
        1.385375552514189e-08,
        1.385375552514189e-08,
        1.385375552514189e-08,
        1.385375552514189e-08,
        1.385375552514189e-08,
        1.385375552514189e-08,
        1.385375552514189e-08,
        1.385375552514189e-08,
        1.385375552514189e-08,
        1.385375552514189e-08,
        1.385375552514189e-08,
        1.385375552514189e-08,
        1.385375552514189e-08,
        1.385375552514189e-08,
        1.385375552514189e-08,
        1.385375552514189e-08,
        1.385375552514189e-08,
        1.385375552514189e-08,
        1.385375552514189e-08,
        1.385375552514189e-08,
        1.385375552514189e-08,
        1.385375552514189e-08,
        6.0522880126847305e-09,
        6.0522880126847305e-09,
        4.249400043590884e-09,
        4.249400043590884e-09,
        4.249400043590884e-09,
        4.249400043590884e-09,
        4.249400043590884e-09,
        4.249400043590884e-09,
        4.249400043590884e-09,
        4.249400043590884e-09,
        4.249400043590884e-09,
        4.126620766321729e-09,
        4.126620766321729e-09,
        4.126620766321729e-09,
        4.126620766321729e-09,
        4.126620766321729e-09,
        4.126620766321729e-09,
        4.126620766321729e-09,
        4.126620766321729e-09,
        4.126620766321729e-09,
        4.126620766321729e-09,
        4.126620766321729e-09,
        4.126620766321729e-09,
        4.126620766321729e-09,
        4.126620766321729e-09,
        4.126620766321729e-09,
        4.126620766321729e-09,
        4.126620766321729e-09,
        4.126620766321729e-09,
        4.126620766321729e-09,
        4.126620766321729e-09,
        4.063499519328293e-09,
        4.063499519328293e-09,
        4.063499519328293e-09,
        4.063499519328293e-09,
        4.062027954249981e-09,
        4.062027954249981e-09,
        4.062027954249981e-09,
        4.062027954249981e-09,
        4.062027954249981e-09,
        4.062027954249981e-09,
        4.062027954249981e-09,
        4.062027954249981e-09,
        4.062027954249981e-09,
        4.062027954249981e-09,
        3.932245415693596e-09,
        3.932245415693596e-09,
        3.912194935471916e-09,
        3.912194935471916e-09,
        3.912194935471916e-09,
        3.463387897501869e-09,
        3.463387897501869e-09,
        2.674859149988004e-09,
        2.674859149988004e-09,
        2.674859149988004e-09,
        2.674859149988004e-09,
        1.838906979277037e-09,
        2.106586711767077e-10,
        1.27320787413771e-10,
        1.27320787413771e-10,
        1.27320787413771e-10,
        1.27320787413771e-10,
        1.27320787413771e-10,
        1.27320787413771e-10,
        1.27320787413771e-10,
        7.235752176000845e-11,
        7.235752176000845e-11,
        7.235752176000845e-11,
        7.235752176000845e-11,
        7.235752176000845e-11,
        7.235752176000845e-11,
        7.235752176000845e-11,
        7.235752176000845e-11,
        7.235752176000845e-11,
        7.235752176000845e-11,
        7.235752176000845e-11,
        7.235752176000845e-11,
        7.235752176000845e-11,
        7.235752176000845e-11,
        7.235752176000845e-11,
        7.235752176000845e-11,
        7.235752176000845e-11,
        7.235752176000845e-11,
        7.235752176000845e-11,
        7.235752176000845e-11,
        1.9908595949882654e-12,
        1.9908595949882654e-12,
        1.9908595949882654e-12,
        1.9908595949882654e-12,
        1.9908595949882654e-12,
        1.9908595949882654e-12,
        1.9908595949882654e-12,
        1.9908595949882654e-12,
        1.9908595949882654e-12,
        1.9908595949882654e-12,
        1.9908595949882654e-12,
        1.9908595949882654e-12,
        1.9908595949882654e-12,
        1.9908595949882654e-12,
        1.9908595949882654e-12,
        1.9908595949882654e-12,
        1.9908595949882654e-12,
        1.9908595949882654e-12,
        1.9908595949882654e-12,
        1.9908595949882654e-12,
        1.9908595949882654e-12,
        1.9908595949882654e-12,
        1.9908595949882654e-12,
        1.9908595949882654e-12,
        1.9908595949882654e-12,
        1.9908595949882654e-12,
        1.9908595949882654e-12,
        1.9908595949882654e-12,
        1.9908595949882654e-12,
        1.9908595949882654e-12,
        1.9256799047832534e-12,
        1.9256799047832534e-12,
        1.8929765638196547e-12,
        1.8929765638196547e-12,
        1.8929765638196547e-12,
        1.8929765638196547e-12,
        1.8929765638196547e-12,
        1.8929765638196547e-12,
        1.8929765638196547e-12,
        1.8929765638196547e-12,
        1.8929765638196547e-12,
        1.8929765638196547e-12,
        1.8011302711776519e-12,
        1.7885683048655896e-12,
        1.7885683048655896e-12,
        1.7885683048655896e-12,
        1.7885683048655896e-12,
