{
    "objective": "sphere",
    "evaluation_mode": "multiprocessing",
    "best_value": 0.2074667610815736,
    "best_position": [
        0.04901276013029522,
        0.00019483310714188407,
        -0.00034412355975810705,
        0.011653285559806603,
        -0.024628527230230582,
        0.03254717438731877,
        0.005009867027047999,
        0.006040056573960412,
        0.009240470609287113,
        0.0014160696240742496,
        -0.012843958483607254,
        0.08047114370663132,
        -0.10605010394852743,
        -0.10384965395622897,
        0.0012576534954091192,
        -0.010697428464863955,
        -0.011808713199441719,
        0.07796104235460233,
        -0.07804631481549854,
        0.030039591638893748,
        -0.02723882113319497,
        0.07681754914601917,
        0.09626130704795106,
        -0.06533154360866948,
        0.05984186947264948,
        -0.039902686667604825,
        -0.05786819588042649,
        -0.18249962256404073,
        0.3139547933136502,
        -0.023274360368215164
    ],
    "elapsed_time_s": 0.23251569992862642,
    "iterations_completed": 100,
    "best_value_history": [
        100.89282668146092,
        100.89282668146092,
        100.89282668146092,
        100.89282668146092,
        73.67902993681447,
        44.7879654066848,
        44.7879654066848,
        44.7879654066848,
        40.450680548599756,
        37.43496530075798,
        34.42131996047677,
        32.52261854849019,
        32.50610690024914,
        31.925137468897386,
        31.51646955790915,
        29.849268757808517,
        26.729822950388133,
        25.033613618762004,
        22.717764167825294,
        18.794456868425126,
        18.794456868425126,
        18.794456868425126,
        16.433462983649683,
        14.869862831983351,
        11.929952934276841,
        11.929952934276841,
        11.929952934276841,
        11.845102507418217,
        11.296924240477829,
        11.296924240477829,
        10.649148828754338,
        9.565907307537191,
        9.49125677950245,
        8.66044037002079,
        8.449252024966999,
        7.473891672974593,
        6.553076538919397,
        6.553076538919397,
        5.821019841291231,
        5.821019841291231,
        5.784993711841623,
        5.346046221186602,
        4.6531859072719755,
        4.265830099591311,
        4.208350076698162,
        3.4827501967074004,
        3.111535954053376,
        2.859113548460938,
        2.789396738891585,
        2.335926748624024,
        2.335926748624024,
        2.042283838913571,
        2.042283838913571,
        1.8217538866592193,
        1.8217538866592193,
        1.7981632239805392,
        1.5361117613327864,
        1.5361117613327864,
        1.5361117613327864,
        1.3930532621730491,
        1.3811674970070826,
        1.2502493683797957,
        1.130577318886205,
        1.0528670253168868,
        0.9508320978992759,
        0.8702173501954372,
        0.7866883836386805,
        0.7349682468495903,
        0.662245787616971,
        0.6143124465938319,
        0.6143124465938319,
        0.6105268155097838,
        0.5924343194589222,
        0.5477516262261394,
        0.5477516262261394,
        0.5330290148209234,
        0.5071279406765518,
        0.49396489418145784,
        0.4802360061637474,
        0.4421000366656314,
        0.43487530050108764,
        0.430347436589161,
        0.4027267841223211,
        0.38592668327486407,
        0.3588866728264351,
        0.3588866728264351,
        0.3585453364719855,
        0.3585453364719855,
        0.33914871790510004,
        0.33337694521968053,
        0.32707910644364896,
        0.3208711925977576,
        0.3165093152179372,
        0.2972462850364813,
        0.28474065523310055,
        0.2664223191702935,
        0.2600668302385608,
        0.24642104264790432,
        0.2199811639054035,
        0.2074667610815736
    ],
    "timing_stats": {
        "total_time_s": 0.23251010000240058,
        "fitness_time_s": 0.22685200022533536,
        "velocity_update_time_s": 0.002256600302644074,
        "position_update_time_s": 0.0009064996847882867
    },
    "config": {
        "num_particles": 30,
        "dimensions": 30,
        "max_iterations": 100,
        "inertia_weight": 0.7,
        "cognitive_coefficient": 2.0,
        "social_coefficient": 1.0,
        "seed": 4,
        "tolerance": 0.0,
        "stagnation_patience": null,
        "track_history": true
    }
}