{
    "objective": "sphere",
    "evaluation_mode": "multiprocessing",
    "best_value": 0.053837928114442005,
    "best_position": [
        -0.03686786254882725,
        -0.002211789379378044,
        0.016375306091865667,
        -0.0054251217382610874,
        0.06654697137470614,
        -0.020125771951776384,
        0.11503468308177912,
        -0.037566835774991876,
        0.002013597290926799,
        0.022215871545222678,
        -0.01426692347780771,
        -0.06809367734493031,
        0.03327637362381678,
        0.011838818815612981,
        0.028663755553690176,
        0.04519715607886957,
        0.03880611416978842,
        -0.00788460812937834,
        -0.030590126658443732,
        -0.07017542345516738,
        -0.06251700737229257,
        0.060312834575231775,
        -0.014584515221430767,
        0.009262198668296029,
        -0.03416564775623469,
        -0.04065014117883183,
        -6.278879171396287e-05,
        -0.040815161895432495,
        0.05061308117936816,
        0.030470178028594933
    ],
    "elapsed_time_s": 0.23601859994232655,
    "iterations_completed": 100,
    "best_value_history": [
        109.59329704747326,
        71.55085770145585,
        71.55085770145585,
        71.55085770145585,
        66.73843014635821,
        53.5576318073378,
        43.46464342062715,
        40.86579160159742,
        40.86579160159742,
        37.86339325558173,
        37.86339325558173,
        36.20319734903852,
        28.0794064224245,
        27.69535225232327,
        27.69535225232327,
        18.314168419042208,
        18.314168419042208,
        18.314168419042208,
        17.466332482549635,
        13.838652706524028,
        13.531685070453943,
        12.407284220388469,
        10.758103224418369,
        10.296537321678661,
        9.766961898797419,
        8.776038200158766,
        7.591483738609727,
        7.108195454682949,
        6.263978592154132,
        6.2472398593060765,
        5.582566349683968,
        4.869279618754181,
        4.7425528696928705,
        4.409111638105749,
        3.500797885395866,
        3.500797885395866,
        3.500797885395866,
        3.500797885395866,
        3.3658130535030746,
        3.257998468479091,
        3.222069055513854,
        3.0782237524189937,
        3.060489289697638,
        2.9998257676297255,
        2.994917631637673,
        2.784688939254624,
        2.68698456070948,
        2.5197447511574445,
        2.3451973973303377,
        2.1807190867563455,
        2.0942708762212723,
        1.9741161692739138,
        1.9044526347602315,
        1.8458903965004587,
        1.80425132737357,
        1.7424490098102647,
        1.681655554085906,
        1.661207520012944,
        1.5234220539603,
        1.506664106844269,
        1.420743615087268,
        1.39804399861017,
        1.3306928152255082,
        1.3123430912685936,
        1.237722561112366,
        1.1909817191980647,
        1.1029495490955745,
        1.057472613435702,
        0.9552125499252988,
        0.836152185388027,
        0.7712004627785036,
        0.7587943446499797,
        0.632063432359125,
        0.535237201439659,
        0.46400841195798453,
        0.4012284102754645,
        0.3614481700979254,
        0.29278780561496,
        0.2462250972180607,
        0.22651405389407425,
        0.20799111709452295,
        0.16565675892784673,
        0.16565675892784673,
        0.1462173061101758,
        0.13222638845546306,
        0.13222638845546306,
        0.129729040035935,
        0.11798824067904788,
        0.1012117734588697,
        0.09447186168905188,
        0.09128875302901483,
        0.08758111039595269,
        0.07964631592688393,
        0.07881075818575013,
        0.07881075818575013,
        0.07060182695142933,
        0.06535152258951636,
        0.06192115560369456,
        0.05942981991520529,
        0.053837928114442005
    ],
    "timing_stats": {
        "total_time_s": 0.23601319990120828,
        "fitness_time_s": 0.23013390053529292,
        "velocity_update_time_s": 0.002337700454518199,
        "position_update_time_s": 0.0009313994087278843
    },
    "config": {
        "num_particles": 30,
        "dimensions": 30,
        "max_iterations": 100,
        "inertia_weight": 0.7,
        "cognitive_coefficient": 2.0,
        "social_coefficient": 1.0,
        "seed": 0,
        "tolerance": 0.0,
        "stagnation_patience": null,
        "track_history": true
    }
}