{
    "objective": "ackley",
    "evaluation_mode": "multiprocessing",
    "best_value": 4.440892098500626e-16,
    "best_position": [
        -3.2380667824687283e-17,
        -3.164936573211576e-16
    ],
    "elapsed_time_s": 0.255729699973017,
    "iterations_completed": 100,
    "best_value_history": [
        5.671624067471441,
        4.796409518162296,
        3.3029571559609434,
        2.5354230821633092,
        1.1004761483734957,
        1.1004761483734957,
        0.8769256598904964,
        0.8769256598904964,
        0.3596691373255756,
        0.14424717609659554,
        0.07017268177353175,
        0.04227264074070236,
        0.04227264074070236,
        0.04227264074070236,
        0.01813264360205169,
        0.006455372172837759,
        0.005207585651469504,
        0.004633858490230569,
        0.003280612844186681,
        0.0022572291730331706,
        0.001239817920151598,
        0.00024512169195434197,
        0.00019865149108300173,
        0.00019865149108300173,
        6.273708214310503e-05,
        6.273708214310503e-05,
        1.9954365424457166e-05,
        1.9954365424457166e-05,
        1.4940070653057802e-05,
        4.852060179860729e-06,
        2.676069130291836e-06,
        2.676069130291836e-06,
        2.676069130291836e-06,
        2.622329465129525e-06,
        2.622329465129525e-06,
        1.4934748837625023e-06,
        5.629497477066536e-07,
        5.629497477066536e-07,
        4.5316407737416853e-07,
        1.2021253725791325e-07,
        8.837245291104523e-08,
        2.0529800526247755e-08,
        1.989849751637962e-08,
        1.989849751637962e-08,
        1.989849751637962e-08,
        1.6333960406456072e-08,
        4.4179455649384636e-09,
        4.4179455649384636e-09,
        4.4179455649384636e-09,
        2.588578684736831e-09,
        2.010395849794122e-09,
        1.6991177353986586e-09,
        6.459868195918261e-10,
        6.459868195918261e-10,
        2.725930592362147e-10,
        1.7095347359941115e-10,
        1.4260281844258316e-10,
        9.485079388582562e-11,
        3.9815706287527064e-11,
        3.01345615127957e-11,
        3.01345615127957e-11,
        3.01345615127957e-11,
        2.190647663269374e-11,
        1.0345946321876909e-11,
        4.338307491025262e-12,
        3.610001186871159e-12,
        3.610001186871159e-12,
        2.021938172447335e-12,
        1.6489032361732825e-12,
        3.0597746558669314e-13,
        3.0597746558669314e-13,
        3.0597746558669314e-13,
        1.247890679678676e-13,
        1.247890679678676e-13,
        1.247890679678676e-13,
        9.992007221626409e-14,
        9.992007221626409e-14,
        6.439293542825908e-14,
        6.439293542825908e-14,
        1.1102230246251565e-14,
        1.1102230246251565e-14,
        1.1102230246251565e-14,
        3.9968028886505635e-15,
        3.9968028886505635e-15,
        3.9968028886505635e-15,
        4.440892098500626e-16,
        4.440892098500626e-16,
        4.440892098500626e-16,
        4.440892098500626e-16,
        4.440892098500626e-16,
        4.440892098500626e-16,
        4.440892098500626e-16,
        4.440892098500626e-16,
        4.440892098500626e-16,
        4.440892098500626e-16,
        4.440892098500626e-16,
        4.440892098500626e-16,
        4.440892098500626e-16,
        4.440892098500626e-16,
        4.440892098500626e-16
    ],
    "timing_stats": {
        "total_time_s": 0.2557226000353694,
        "fitness_time_s": 0.25074310111813247,
        "velocity_update_time_s": 0.0017043998232111335,
        "position_update_time_s": 0.0006865996401757002
    },
    "config": {
        "num_particles": 30,
        "dimensions": 2,
        "max_iterations": 100,
        "inertia_weight": 0.4,
        "cognitive_coefficient": 1.0,
        "social_coefficient": 1.0,
        "seed": 1,
        "tolerance": 0.0,
        "stagnation_patience": null,
        "track_history": true
    }
}