{
    "objective_name": "sphere",
    "num_runs": 5,
    "mean_best_value": 5.6086826950319976e-70,
    "std_best_value": 5.3355588205390056e-70,
    "min_best_value": 9.495043979858813e-72,
    "max_best_value": 1.3533309589196154e-69,
    "mean_elapsed_time_s": 0.1541043399600312,
    "std_elapsed_time_s": 0.013952421094188384,
    "mean_iterations": 500.0,
    "min_iterations": 500,
    "max_iterations": 500
}