{
    "objective_name": "sphere",
    "num_runs": 5,
    "mean_best_value": 1.8997337683518193e-06,
    "std_best_value": 1.6001070322668616e-06,
    "min_best_value": 3.004908036232101e-08,
    "max_best_value": 4.444844258223014e-06,
    "mean_elapsed_time_s": 0.15235259998589754,
    "std_elapsed_time_s": 0.01771247314769039,
    "mean_iterations": 500.0,
    "min_iterations": 500,
    "max_iterations": 500
}