{
    "objective_name": "sphere",
    "num_runs": 5,
    "mean_best_value": 2.936524787808572e-62,
    "std_best_value": 3.419673698936814e-62,
    "min_best_value": 9.39759577158637e-64,
    "max_best_value": 8.595966707510763e-62,
    "mean_elapsed_time_s": 0.16169101998675614,
    "std_elapsed_time_s": 0.002307421676105637,
    "mean_iterations": 500.0,
    "min_iterations": 500,
    "max_iterations": 500
}