{
    "objective_name": "sphere",
    "num_runs": 5,
    "mean_best_value": 1.9258474224317827e-59,
    "std_best_value": 3.699210321255699e-59,
    "min_best_value": 8.097971881826327e-62,
    "max_best_value": 9.323857973942619e-59,
    "mean_elapsed_time_s": 0.1601031000027433,
    "std_elapsed_time_s": 0.0014956341730224935,
    "mean_iterations": 500.0,
    "min_iterations": 500,
    "max_iterations": 500
}