{
    "objective_name": "sphere",
    "num_runs": 5,
    "mean_best_value": 1.960868441697724e-176,
    "std_best_value": 0.0,
    "min_best_value": 6.828137368225587e-178,
    "max_best_value": 8.112234816503099e-176,
    "mean_elapsed_time_s": 0.16384589998051524,
    "std_elapsed_time_s": 0.01287542510441766,
    "mean_iterations": 500.0,
    "min_iterations": 500,
    "max_iterations": 500
}