{
    "objective_name": "sphere",
    "num_runs": 5,
    "mean_best_value": 2.399968420529831e-07,
    "std_best_value": 3.7551368253470603e-07,
    "min_best_value": 1.321542488849338e-09,
    "max_best_value": 9.712159729145021e-07,
    "mean_elapsed_time_s": 0.1616029800148681,
    "std_elapsed_time_s": 0.005956813653369857,
    "mean_iterations": 500.0,
    "min_iterations": 500,
    "max_iterations": 500
}