{
    "objective_name": "sphere",
    "num_runs": 5,
    "mean_best_value": 5.312463223058054e-43,
    "std_best_value": 7.584609104006663e-43,
    "min_best_value": 4.436899460154905e-46,
    "max_best_value": 1.9513457714943813e-42,
    "mean_elapsed_time_s": 0.16131259999237954,
    "std_elapsed_time_s": 0.0013762314203302403,
    "mean_iterations": 500.0,
    "min_iterations": 500,
    "max_iterations": 500
}