{
    "objective_name": "sphere",
    "num_runs": 5,
    "mean_best_value": 6.07392580659316e-11,
    "std_best_value": 9.259480228291858e-11,
    "min_best_value": 1.591950664226017e-15,
    "max_best_value": 2.39343102744014e-10,
    "mean_elapsed_time_s": 0.15496475999243559,
    "std_elapsed_time_s": 0.008970897342283768,
    "mean_iterations": 500.0,
    "min_iterations": 500,
    "max_iterations": 500
}