{
    "objective_name": "sphere",
    "num_runs": 5,
    "mean_best_value": 1.0913356318387723e-32,
    "std_best_value": 1.7244072915798565e-32,
    "min_best_value": 5.723879038870701e-34,
    "max_best_value": 4.533474614143483e-32,
    "mean_elapsed_time_s": 0.028502919990569354,
    "std_elapsed_time_s": 0.0008893985609254731,
    "mean_iterations": 100.0,
    "min_iterations": 100,
    "max_iterations": 100,
    "evaluation_mode": "v1"
}