{
    "objective": "ackley",
    "evaluation_mode": null,
    "best_value": 0.025393322756447123,
    "best_position": [
        0.009144062204374376,
        0.0012896805352148,
        0.008509703834575152,
        0.007331891188257983,
        -0.001070583237862567,
        -0.003875095245719447,
        0.010024806304095817,
        -0.0030338489049148236,
        -0.0028968316818480805,
        -0.0009388861009034469
    ],
    "elapsed_time_s": 0.04909319989383221,
    "iterations_completed": 100,
    "best_value_history": [
        18.28612054275648,
        16.95571060125859,
        16.95571060125859,
        16.95571060125859,
        16.91085554381562,
        15.719225607723814,
        14.622506413185612,
        9.91169302725688,
        9.91169302725688,
        9.91169302725688,
        9.91169302725688,
        9.91169302725688,
        9.91169302725688,
        8.486753718398177,
        8.486753718398177,
        7.249017169259142,
        7.249017169259142,
        7.135581826971899,
        7.135581826971899,
        6.91667932164869,
        5.994805784755258,
        5.994805784755258,
        4.845417813058724,
        4.845417813058724,
        4.845417813058724,
        4.845417813058724,
        4.719378430804756,
        4.2428739854276785,
        3.9917864399555154,
        3.5507868716845334,
        3.5421739643066315,
        3.335280155055273,
        3.335280155055273,
        3.335280155055273,
        3.335280155055273,
        3.335280155055273,
        3.335280155055273,
        3.2054517729432104,
        3.1995233374916627,
        2.934394984803799,
        2.934394984803799,
        2.7368257111976146,
        2.7368257111976146,
        1.9287143420172197,
        1.9287143420172197,
        1.9287143420172197,
        1.9287143420172197,
        1.9287143420172197,
        1.9287143420172197,
        1.355184419049309,
        1.355184419049309,
        1.2626842126613629,
        1.2626842126613629,
        1.2626842126613629,
        1.0040223130506551,
        1.0040223130506551,
        1.0040223130506551,
        1.0040223130506551,
        1.0040223130506551,
        0.836778871900766,
        0.8123594953382072,
        0.43502906596752355,
        0.43502906596752355,
        0.43502906596752355,
        0.43502906596752355,
        0.4205415179989207,
        0.4205415179989207,
        0.4205415179989207,
        0.27274834189599106,
        0.27274834189599106,
        0.2037755312704097,
        0.2037755312704097,
        0.1876199934986471,
        0.1876199934986471,
        0.17465150655498762,
        0.14239365137202542,
        0.14239365137202542,
        0.14239365137202542,
        0.14239365137202542,
        0.14239365137202542,
        0.08632430179740824,
        0.08632430179740824,
        0.08632430179740824,
        0.06807107936674983,
        0.06807107936674983,
        0.06807107936674983,
        0.06807107936674983,
        0.06529051020075416,
        0.056749501301979866,
        0.056327234463115605,
        0.04233971754140642,
        0.04233971754140642,
        0.04233971754140642,
        0.04233971754140642,
        0.04233971754140642,
        0.04233971754140642,
        0.04233971754140642,
        0.03704084679766284,
        0.026183331767477558,
        0.025393322756447123
    ],
    "swarm_position_history": null,
    "timing_stats": {
        "total_time_s": 0.04908209992572665,
        "fitness_time_s": 0.04447380069177598,
        "velocity_update_time_s": 0.0016483005601912737,
        "position_update_time_s": 0.0007513996679335833
    },
    "config": {
        "num_particles": 30,
        "dimensions": 10,
        "max_iterations": 100,
        "inertia_weight": 0.7,
        "cognitive_coefficient": 1.5,
        "social_coefficient": 1.5,
        "seed": 3,
        "tolerance": 0.0,
        "stagnation_patience": null,
        "track_history": true,
        "track_swarm_history": false
    }
}