{
    "objective": "ackley",
    "evaluation_mode": null,
    "best_value": 0.01261004256145215,
    "best_position": [
        0.0001372182601753107,
        -0.004339008659636545,
        -0.00017906473529928662,
        -0.007931375718840379,
        -0.0019112518784441673,
        -0.0017163045601724099,
        0.0005091944239562051,
        0.0014861425024959365,
        -0.00018962499741913144,
        0.0009690350938048597
    ],
    "elapsed_time_s": 0.0413900000276044,
    "iterations_completed": 100,
    "best_value_history": [
        19.09584390208314,
        18.51666794609091,
        18.19423267911906,
        17.943066544128264,
        17.194961238269073,
        14.392011183767508,
        14.392011183767508,
        13.284370327620985,
        13.284370327620985,
        13.284370327620985,
        13.284370327620985,
        11.228802046414504,
        11.228802046414504,
        10.883117902978176,
        10.050041944678952,
        10.050041944678952,
        9.387964155404193,
        9.387964155404193,
        9.16048798994441,
        9.16048798994441,
        4.9227955436175534,
        4.9227955436175534,
        4.9227955436175534,
        4.9227955436175534,
        4.9227955436175534,
        4.00230755775986,
        4.00230755775986,
        4.00230755775986,
        4.00230755775986,
        4.00230755775986,
        3.585608535843669,
        3.585608535843669,
        3.585608535843669,
        3.0205573405527244,
        3.0205573405527244,
        3.0205573405527244,
        2.9001013748438855,
        2.8200199949184435,
        2.8200199949184435,
        2.4932527977703214,
        2.235904479408767,
        2.235904479408767,
        1.6274445416548002,
        1.6274445416548002,
        1.6274445416548002,
        1.472864690850241,
        1.472864690850241,
        0.7139158080972661,
        0.7139158080972661,
        0.7139158080972661,
        0.7139158080972661,
        0.6000276032117609,
        0.6000276032117609,
        0.47914626893138434,
        0.3712822009544614,
        0.340851467565511,
        0.340851467565511,
        0.340851467565511,
        0.340851467565511,
        0.330927400685614,
        0.330927400685614,
        0.330927400685614,
        0.24804986437575893,
        0.22077995436976794,
        0.22077995436976794,
        0.18525138995200452,
        0.18178953642109308,
        0.18178953642109308,
        0.18178953642109308,
        0.12804871822084296,
        0.11490685663337574,
        0.11490685663337574,
        0.11490685663337574,
        0.08447825141220777,
        0.07327220961931546,
        0.07327220961931546,
        0.07327220961931546,
        0.05769621085782051,
        0.05769621085782051,
        0.05769621085782051,
        0.055522694393993266,
        0.05313650642414958,
        0.05313650642414958,
        0.04632639332204791,
        0.04632639332204791,
        0.042927390457194736,
        0.042927390457194736,
        0.042927390457194736,
        0.042927390457194736,
        0.040328877909445726,
        0.03893454210974712,
        0.03607690146276754,
        0.03599508977861321,
        0.03591835629916007,
        0.033661073556832566,
        0.01261004256145215,
        0.01261004256145215,
        0.01261004256145215,
        0.01261004256145215,
        0.01261004256145215
    ],
    "swarm_position_history": null,
    "timing_stats": {
        "total_time_s": 0.04138409998267889,
        "fitness_time_s": 0.03777090075891465,
        "velocity_update_time_s": 0.0012798005482181907,
        "position_update_time_s": 0.0007052992004901171
    },
    "config": {
        "num_particles": 30,
        "dimensions": 10,
        "max_iterations": 100,
        "inertia_weight": 0.7,
        "cognitive_coefficient": 1.5,
        "social_coefficient": 1.5,
        "seed": 2,
        "tolerance": 0.0,
        "stagnation_patience": null,
        "track_history": true,
        "track_swarm_history": false
    }
}