{
    "objective": "ackley",
    "evaluation_mode": null,
    "best_value": 1.155148502709825,
    "best_position": [
        -2.2097301834390133e-09,
        3.072686150273996e-10,
        -4.675591174332578e-09,
        8.023063213431226e-10,
        -2.7364984529500327e-09,
        -5.6590662617678925e-09,
        -0.8714068168058069,
        3.8389955363189975e-09,
        8.818565631536416e-09,
        -5.6219236738237565e-09
    ],
    "elapsed_time_s": 0.2243809999199584,
    "iterations_completed": 500,
    "best_value_history": [
        20.148312806436646,
        19.584122051442506,
        17.94267030072627,
        17.94267030072627,
        17.547446426264653,
        16.296603391229045,
        15.532610833663725,
        14.54178250478675,
        14.54178250478675,
        14.54178250478675,
        13.69351479328286,
        13.69351479328286,
        13.69351479328286,
        12.758312614857509,
        12.631796174284624,
        11.042037946373927,
        11.042037946373927,
        11.042037946373927,
        10.364348636499045,
        10.364348636499045,
        9.827278324042013,
        8.35305136329105,
        8.197776575529774,
        8.197776575529774,
        8.197776575529774,
        7.617398530830817,
        7.617398530830817,
        7.617398530830817,
        7.0694110793764455,
        6.590220732473359,
        6.590220732473359,
        6.590220732473359,
        6.590220732473359,
        6.4652742858338605,
        6.288862739488135,
        5.927307992109419,
        5.54089314713492,
        4.525694554142607,
        4.525694554142607,
        4.138099597860723,
        4.138099597860723,
        4.138099597860723,
        4.138099597860723,
        4.01389368784405,
        4.01389368784405,
        4.01389368784405,
        4.01389368784405,
        4.01389368784405,
        4.01389368784405,
        3.8469118795549275,
        3.6816201273296447,
        3.6816201273296447,
        3.6816201273296447,
        3.6816201273296447,
        3.4912641826593718,
        3.1671648448914174,
        3.1671648448914174,
        3.028622779444533,
        3.028622779444533,
        3.028622779444533,
        3.028622779444533,
        3.028622779444533,
        2.8241075697803812,
        2.4436971802506524,
        2.2184989409505076,
        1.880443977072812,
        1.880443977072812,
        1.880443977072812,
        1.880443977072812,
        1.8261127022781882,
        1.8261127022781882,
        1.8261127022781882,
        1.8261127022781882,
        1.8060112172265836,
        1.771648501652877,
        1.7439568753341637,
        1.4548241653430733,
        1.4548241653430733,
        1.4206984918808634,
        1.3745669547425092,
        1.3267359341424165,
        1.3267359341424165,
        1.2226553648760015,
        1.203622579198179,
        1.203622579198179,
        1.1975175093051331,
        1.1975175093051331,
        1.1975175093051331,
        1.1975175093051331,
        1.1975175093051331,
        1.1975175093051331,
        1.18358994579668,
        1.18358994579668,
        1.18358994579668,
        1.179495199854625,
        1.1786445958209275,
        1.177735161946988,
        1.177735161946988,
        1.177573436742151,
        1.177573436742151,
        1.1771746710262119,
        1.1704661202757873,
        1.169815065767065,
        1.169815065767065,
        1.1691778957561252,
        1.1671372731324827,
        1.1670771881762474,
        1.1639510874074301,
        1.163345840628868,
        1.163345840628868,
        1.161407809097764,
        1.161407809097764,
        1.1588954322613465,
        1.1588954322613465,
        1.1588954322613465,
        1.1588954322613465,
        1.1588954322613465,
        1.1587254258167659,
        1.1587254258167659,
        1.1583861076494597,
        1.1583861076494597,
        1.1580155879423057,
        1.157556348726097,
        1.1569201419072788,
        1.1561240284233318,
        1.1561240284233318,
        1.1561240284233318,
        1.156104275856379,
        1.1555859499144217,
        1.1555859499144217,
        1.1554867491846328,
        1.1554867491846328,
        1.155481073675912,
        1.1554146179454539,
        1.1553654293439704,
        1.155349958570778,
        1.1553036072432268,
        1.1553036072432268,
        1.1553036072432268,
        1.1552712948564552,
        1.1552712948564552,
        1.1552419627043062,
        1.1552419627043062,
        1.1552213778106943,
        1.1551928010365526,
        1.1551928010365526,
        1.1551798790485894,
        1.1551798790485894,
        1.1551798790485894,
        1.1551741888777731,
        1.1551631807761038,
        1.1551631807761038,
        1.1551631807761038,
        1.1551562095677217,
        1.1551562095677217,
        1.1551562095677217,
        1.1551562095677217,
        1.15515394405524,
        1.15515394405524,
        1.15515394405524,
        1.1551538722244818,
        1.1551538722244818,
        1.1551538722244818,
        1.1551506535195242,
        1.1551496593116188,
        1.1551496593116188,
        1.1551496593116188,
        1.155149303797892,
        1.1551492715667355,
        1.1551492715667355,
        1.1551492715667355,
        1.1551492715667355,
        1.155149205265673,
        1.1551490911898843,
        1.1551490911898843,
        1.1551490420509123,
        1.155148736191006,
        1.155148736191006,
        1.155148736191006,
        1.155148736191006,
        1.1551486281068475,
        1.1551486247986813,
        1.1551486247986813,
        1.1551486200843901,
        1.1551486200843901,
        1.1551486200843901,
        1.1551486131003412,
        1.1551486131003412,
        1.1551485831659503,
        1.1551485831659503,
        1.1551485831659503,
        1.155148563134191,
        1.1551485461310738,
        1.1551485461310738,
        1.155148545228077,
        1.155148545228077,
        1.1551485359819904,
        1.1551485337732257,
        1.1551485196965499,
        1.155148513808737,
        1.155148513808737,
        1.155148513808737,
        1.155148513808737,
        1.1551485111475626,
        1.1551485111475626,
        1.155148510754732,
        1.1551485106993664,
        1.1551485106993664,
        1.1551485106993664,
        1.1551485106993664,
        1.155148510161553,
        1.1551485100636687,
        1.1551485081933035,
        1.1551485081933035,
        1.1551485079888981,
        1.1551485062002418,
        1.1551485062002418,
        1.1551485062002418,
        1.155148506162281,
        1.155148506162281,
        1.155148504753058,
        1.1551485046484413,
        1.1551485043173568,
        1.1551485039748894,
        1.1551485039748894,
        1.1551485039748894,
        1.1551485039748894,
        1.1551485039748894,
        1.1551485034800781,
        1.1551485032725002,
        1.155148502931635,
        1.155148502931635,
        1.155148502931635,
        1.155148502931635,
        1.155148502931635,
        1.155148502931635,
        1.1551485029269988,
        1.1551485028909352,
        1.1551485028909352,
        1.155148502865043,
        1.155148502865043,
        1.155148502865043,
        1.155148502865043,
        1.1551485028374242,
        1.155148502811262,
        1.155148502811262,
        1.155148502811262,
        1.1551485027990194,
        1.1551485027835438,
        1.1551485027835438,
        1.1551485027722355,
        1.1551485027722355,
        1.1551485027559818,
        1.1551485027441548,
        1.1551485027288746,
        1.1551485027268105,
        1.1551485027268105,
        1.1551485027268105,
        1.1551485027268105,
        1.1551485027268105,
        1.1551485027268105,
        1.1551485027187636,
        1.1551485027187636,
        1.1551485027185433,
        1.1551485027185433,
        1.1551485027185433,
        1.1551485027154098,
        1.1551485027154098,
        1.1551485027154098,
        1.1551485027154098,
