{
    "objective": "ackley",
    "evaluation_mode": null,
    "best_value": 1.8207657603852567e-14,
    "best_position": [
        -4.539051565199154e-15,
        -2.2654954327289865e-15,
        2.462988565779004e-16,
        1.2124875632019286e-15,
        -7.397158117596457e-15,
        -1.3925536723446676e-15,
        -1.517159493842534e-16,
        -1.307387247466551e-15,
        9.97084248593818e-15,
        -5.808828512754499e-15
    ],
    "elapsed_time_s": 0.23795360000804067,
    "iterations_completed": 500,
    "best_value_history": [
        18.28612054275648,
        16.95571060125859,
        16.95571060125859,
        16.95571060125859,
        16.91085554381562,
        15.719225607723814,
        14.622506413185612,
        9.91169302725688,
        9.91169302725688,
        9.91169302725688,
        9.91169302725688,
        9.91169302725688,
        9.91169302725688,
        8.486753718398177,
        8.486753718398177,
        7.249017169259142,
        7.249017169259142,
        7.135581826971899,
        7.135581826971899,
        6.91667932164869,
        5.994805784755258,
        5.994805784755258,
        4.845417813058724,
        4.845417813058724,
        4.845417813058724,
        4.845417813058724,
        4.719378430804756,
        4.2428739854276785,
        3.9917864399555154,
        3.5507868716845334,
        3.5421739643066315,
        3.335280155055273,
        3.335280155055273,
        3.335280155055273,
        3.335280155055273,
        3.335280155055273,
        3.335280155055273,
        3.2054517729432104,
        3.1995233374916627,
        2.934394984803799,
        2.934394984803799,
        2.7368257111976146,
        2.7368257111976146,
        1.9287143420172197,
        1.9287143420172197,
        1.9287143420172197,
        1.9287143420172197,
        1.9287143420172197,
        1.9287143420172197,
        1.355184419049309,
        1.355184419049309,
        1.2626842126613629,
        1.2626842126613629,
        1.2626842126613629,
        1.0040223130506551,
        1.0040223130506551,
        1.0040223130506551,
        1.0040223130506551,
        1.0040223130506551,
        0.836778871900766,
        0.8123594953382072,
        0.43502906596752355,
        0.43502906596752355,
        0.43502906596752355,
        0.43502906596752355,
        0.4205415179989207,
        0.4205415179989207,
        0.4205415179989207,
        0.27274834189599106,
        0.27274834189599106,
        0.2037755312704097,
        0.2037755312704097,
        0.1876199934986471,
        0.1876199934986471,
        0.17465150655498762,
        0.14239365137202542,
        0.14239365137202542,
        0.14239365137202542,
        0.14239365137202542,
        0.14239365137202542,
        0.08632430179740824,
        0.08632430179740824,
        0.08632430179740824,
        0.06807107936674983,
        0.06807107936674983,
        0.06807107936674983,
        0.06807107936674983,
        0.06529051020075416,
        0.056749501301979866,
        0.056327234463115605,
        0.04233971754140642,
        0.04233971754140642,
        0.04233971754140642,
        0.04233971754140642,
        0.04233971754140642,
        0.04233971754140642,
        0.04233971754140642,
        0.03704084679766284,
        0.026183331767477558,
        0.025393322756447123,
        0.025393322756447123,
        0.025393322756447123,
        0.025393322756447123,
        0.021823605322748296,
        0.021823605322748296,
        0.019362849927358372,
        0.01869635550298243,
        0.01869635550298243,
        0.01869635550298243,
        0.01363775671059786,
        0.013001906952983422,
        0.013001906952983422,
        0.012651980284090758,
        0.012651980284090758,
        0.012651980284090758,
        0.011394362051476481,
        0.00985818459228982,
        0.008931913882566977,
        0.008931913882566977,
        0.008421082735253993,
        0.007526775364653293,
        0.007526775364653293,
        0.007526775364653293,
        0.006138166384250798,
        0.006138166384250798,
        0.006114560451486728,
        0.004620638155000467,
        0.004620638155000467,
        0.0039172426338827115,
        0.0039172426338827115,
        0.0039172426338827115,
        0.0037861536463208445,
        0.0033695446778847504,
        0.002482068231341561,
        0.002482068231341561,
        0.00240291992682673,
        0.0015993365794284564,
        0.0015993365794284564,
        0.0015993365794284564,
        0.001317031060712015,
        0.001317031060712015,
        0.001317031060712015,
        0.0010943951161945797,
        0.0010841831975949567,
        0.0010841831975949567,
        0.0010841831975949567,
        0.0010841831975949567,
        0.0010841831975949567,
        0.0007710468405801585,
        0.0007710468405801585,
        0.0004528412314432906,
        0.0004528412314432906,
        0.0004528412314432906,
        0.000338054779178254,
        0.000338054779178254,
        0.00030148119786277405,
        0.00030148119786277405,
        0.000290211186371625,
        0.000290211186371625,
        0.000290211186371625,
        0.000290211186371625,
        0.00027896189485376865,
        0.00027896189485376865,
        0.00027896189485376865,
        0.0002668357454145287,
        0.00024033038651127825,
        0.00024033038651127825,
        0.00022162279352189174,
        0.0002174998924222571,
        0.0001887088682797078,
        0.00018311219731304007,
        0.00018311219731304007,
        0.00018311219731304007,
        0.00013194686792816768,
        0.00013194686792816768,
        0.00011090054945883665,
        0.00010984878961695088,
        8.778869139947076e-05,
        5.771916818320122e-05,
        5.771916818320122e-05,
        5.771916818320122e-05,
        5.771916818320122e-05,
        5.3562402460460845e-05,
        4.7201756974590836e-05,
        4.7201756974590836e-05,
        4.507666383846143e-05,
        4.507666383846143e-05,
        4.271438949077222e-05,
        4.162098663273994e-05,
        3.3813904043444865e-05,
        2.9485347607494106e-05,
        2.830220814731277e-05,
        2.830220814731277e-05,
        2.504891230659112e-05,
        2.3560357139462695e-05,
        2.3560357139462695e-05,
        2.3560357139462695e-05,
        2.343316893105296e-05,
        2.343316893105296e-05,
        2.1104835365992614e-05,
        2.08031768988981e-05,
        1.8267256038928537e-05,
        1.812291013125744e-05,
        1.5120049564831817e-05,
        1.0686643201029966e-05,
        9.107160146459847e-06,
        8.338860692180816e-06,
        7.958313667177919e-06,
        7.271081586157635e-06,
        6.6905532247751864e-06,
        5.1993536840377885e-06,
        5.1993536840377885e-06,
        5.1993536840377885e-06,
        5.1993536840377885e-06,
        4.232072399634745e-06,
        3.7222049305007943e-06,
        3.7222049305007943e-06,
        3.7222049305007943e-06,
        3.7222049305007943e-06,
        3.6551640296700327e-06,
        3.6551640296700327e-06,
        3.6551640296700327e-06,
        2.8187307141713802e-06,
        2.8187307141713802e-06,
        2.24930143177815e-06,
        2.24930143177815e-06,
        2.24930143177815e-06,
        2.24930143177815e-06,
        2.24930143177815e-06,
        2.24930143177815e-06,
        1.997806617470843e-06,
        1.997806617470843e-06,
        1.997806617470843e-06,
        1.4904641187918344e-06,
        1.4904641187918344e-06,
        1.319611886874128e-06,
        1.319611886874128e-06,
        1.319611886874128e-06,
        1.1573037430601119e-06,
        1.020835910470197e-06,
        6.540745975947004e-07,
        6.540745975947004e-07,
        6.540745975947004e-07,
        6.540745975947004e-07,
        6.540745975947004e-07,
        6.02800579674323e-07,
        5.908767133355752e-07,
        4.560166577682878e-07,
        4.560166577682878e-07,
        4.2428327917676256e-07,
