{
    "objective": "ackley",
    "evaluation_mode": null,
    "best_value": 1.1102230246251565e-14,
    "best_position": [
        5.574976486540263e-16,
        6.082616335530158e-16,
        6.289128168710167e-15,
        1.5900715001396717e-15,
        -4.704533148619043e-15,
        1.8926340905060253e-15,
        9.475081026509306e-16,
        6.90143472297398e-16,
        4.3700665317587e-16,
        -4.708971791318037e-15
    ],
    "elapsed_time_s": 0.2229785000672564,
    "iterations_completed": 500,
    "best_value_history": [
        19.09584390208314,
        18.51666794609091,
        18.19423267911906,
        17.943066544128264,
        17.194961238269073,
        14.392011183767508,
        14.392011183767508,
        13.284370327620985,
        13.284370327620985,
        13.284370327620985,
        13.284370327620985,
        11.228802046414504,
        11.228802046414504,
        10.883117902978176,
        10.050041944678952,
        10.050041944678952,
        9.387964155404193,
        9.387964155404193,
        9.16048798994441,
        9.16048798994441,
        4.9227955436175534,
        4.9227955436175534,
        4.9227955436175534,
        4.9227955436175534,
        4.9227955436175534,
        4.00230755775986,
        4.00230755775986,
        4.00230755775986,
        4.00230755775986,
        4.00230755775986,
        3.585608535843669,
        3.585608535843669,
        3.585608535843669,
        3.0205573405527244,
        3.0205573405527244,
        3.0205573405527244,
        2.9001013748438855,
        2.8200199949184435,
        2.8200199949184435,
        2.4932527977703214,
        2.235904479408767,
        2.235904479408767,
        1.6274445416548002,
        1.6274445416548002,
        1.6274445416548002,
        1.472864690850241,
        1.472864690850241,
        0.7139158080972661,
        0.7139158080972661,
        0.7139158080972661,
        0.7139158080972661,
        0.6000276032117609,
        0.6000276032117609,
        0.47914626893138434,
        0.3712822009544614,
        0.340851467565511,
        0.340851467565511,
        0.340851467565511,
        0.340851467565511,
        0.330927400685614,
        0.330927400685614,
        0.330927400685614,
        0.24804986437575893,
        0.22077995436976794,
        0.22077995436976794,
        0.18525138995200452,
        0.18178953642109308,
        0.18178953642109308,
        0.18178953642109308,
        0.12804871822084296,
        0.11490685663337574,
        0.11490685663337574,
        0.11490685663337574,
        0.08447825141220777,
        0.07327220961931546,
        0.07327220961931546,
        0.07327220961931546,
        0.05769621085782051,
        0.05769621085782051,
        0.05769621085782051,
        0.055522694393993266,
        0.05313650642414958,
        0.05313650642414958,
        0.04632639332204791,
        0.04632639332204791,
        0.042927390457194736,
        0.042927390457194736,
        0.042927390457194736,
        0.042927390457194736,
        0.040328877909445726,
        0.03893454210974712,
        0.03607690146276754,
        0.03599508977861321,
        0.03591835629916007,
        0.033661073556832566,
        0.01261004256145215,
        0.01261004256145215,
        0.01261004256145215,
        0.01261004256145215,
        0.01261004256145215,
        0.01261004256145215,
        0.01261004256145215,
        0.01261004256145215,
        0.01261004256145215,
        0.012438929366468177,
        0.012438929366468177,
        0.011059344396788351,
        0.010847100279683719,
        0.010020508125926586,
        0.009831172694746204,
        0.009831172694746204,
        0.009831172694746204,
        0.009187960277089235,
        0.007230789664202764,
        0.0061970056084637015,
        0.00558835183541051,
        0.004988315316432068,
        0.004988315316432068,
        0.004626617287226242,
        0.003346766412452684,
        0.003346766412452684,
        0.0029378802620851907,
        0.0029378802620851907,
        0.002835947047817644,
        0.0021817765231486597,
        0.002041624799300923,
        0.0020053128549410992,
        0.0019148573521161616,
        0.0017140123946153274,
        0.0011249070401651018,
        0.0011041175794486158,
        0.0011041175794486158,
        0.0011041175794486158,
        0.0011041175794486158,
        0.0011041175794486158,
        0.0009423430154709145,
        0.0008232305556181707,
        0.0008232305556181707,
        0.0008232305556181707,
        0.0008232305556181707,
        0.0008232305556181707,
        0.0007037368683886491,
        0.0007037368683886491,
        0.0006478951653048348,
        0.0006213050933294717,
        0.0005873009478531976,
        0.00047174421402873534,
        0.00047174421402873534,
        0.0004473191937326426,
        0.00041100747195388365,
        0.00036247333736882936,
        0.00033183339079601026,
        0.00033183339079601026,
        0.00033183339079601026,
        0.00033183339079601026,
        0.00023795118453806552,
        0.00023795118453806552,
        0.00017889120170666573,
        0.00017889120170666573,
        0.00017889120170666573,
        0.00017889120170666573,
        0.00017889120170666573,
        0.00016037940174884469,
        0.000151553129356774,
        0.0001230677791395074,
        0.0001230677791395074,
        0.00012116924216032388,
        0.00010416790956258026,
        0.00010416790956258026,
        0.00010416790956258026,
        7.10769880787332e-05,
        7.10769880787332e-05,
        7.10769880787332e-05,
        7.10769880787332e-05,
        6.75554335498596e-05,
        6.710288805011899e-05,
        4.912492488218234e-05,
        4.3941552665405226e-05,
        4.3941552665405226e-05,
        4.3941552665405226e-05,
        4.305078592681255e-05,
        4.305078592681255e-05,
        4.1967057424319165e-05,
        4.151812457608983e-05,
        4.106804570414013e-05,
        3.639782744047082e-05,
        3.38095127685456e-05,
        2.0154818543449693e-05,
        2.0154818543449693e-05,
        2.0154818543449693e-05,
        2.0154818543449693e-05,
        2.0154818543449693e-05,
        2.0154818543449693e-05,
        2.0154818543449693e-05,
        2.00288073632926e-05,
        2.00288073632926e-05,
        2.00288073632926e-05,
        2.00288073632926e-05,
        1.7748885735802133e-05,
        1.619631335048055e-05,
        1.619631335048055e-05,
        1.2859512719121113e-05,
        1.2859512719121113e-05,
        1.2646373158009538e-05,
        9.835666844981716e-06,
        9.835666844981716e-06,
        9.835666844981716e-06,
        8.142784594600272e-06,
        8.142784594600272e-06,
        6.339550762124446e-06,
        6.339550762124446e-06,
        6.169965143687506e-06,
        6.169965143687506e-06,
        6.133594564250444e-06,
        6.133594564250444e-06,
        5.964982868977842e-06,
        5.438081132513872e-06,
        5.438081132513872e-06,
        3.7820422105205864e-06,
        3.7820422105205864e-06,
        3.7820422105205864e-06,
        3.7820422105205864e-06,
        3.7820422105205864e-06,
        3.7820422105205864e-06,
        2.304279686615729e-06,
        2.304279686615729e-06,
        2.304279686615729e-06,
        2.1798487854773896e-06,
        2.1798487854773896e-06,
        2.1798487854773896e-06,
        2.079466324023116e-06,
        1.1279604525959996e-06,
        9.373441511861813e-07,
        9.373441511861813e-07,
        9.373441511861813e-07,
        9.373441511861813e-07,
        8.108655973337875e-07,
        8.042637529293017e-07,
        7.61079928413011e-07,
        7.61079928413011e-07,
        7.61079928413011e-07,
        7.367470193919701e-07,
        7.315515024863828e-07,
        6.401787939758208e-07,
        6.401787939758208e-07,
        5.180377162794514e-07,
        4.5635698286972115e-07,
        4.5635698286972115e-07,
        4.5635698286972115e-07,
