{
    "objective": "rosenbrock",
    "evaluation_mode": "threading",
    "best_value": 3.5384564407143267e-12,
    "best_position": [
        1.0000018797096615,
        1.0000037522478795
    ],
    "elapsed_time_s": 0.04564570006914437,
    "iterations_completed": 100,
    "best_value_history": [
        1.2539058776073466,
        0.0973637487686432,
        0.0973637487686432,
        0.0973637487686432,
        0.0973637487686432,
        0.020517853724778677,
        0.020517853724778677,
        0.020517853724778677,
        0.020517853724778677,
        0.018663043515458513,
        0.018663043515458513,
        0.002436397387158007,
        0.002436397387158007,
        0.002436397387158007,
        0.002436397387158007,
        0.0020243413426084375,
        0.0020243413426084375,
        0.0020243413426084375,
        0.0003598904141165608,
        0.0003598904141165608,
        0.0003598904141165608,
        0.0003598904141165608,
        0.0003598904141165608,
        0.0003598904141165608,
        0.00010923301180600827,
        0.00010923301180600827,
        0.00010923301180600827,
        0.00010923301180600827,
        5.1725371193176955e-05,
        2.368388495063543e-05,
        1.242975316282591e-05,
        1.242975316282591e-05,
        6.2668071312868846e-06,
        6.2668071312868846e-06,
        6.2668071312868846e-06,
        6.2668071312868846e-06,
        6.2668071312868846e-06,
        6.2668071312868846e-06,
        6.2668071312868846e-06,
        6.2668071312868846e-06,
        6.2668071312868846e-06,
        6.2668071312868846e-06,
        6.2668071312868846e-06,
        6.2668071312868846e-06,
        6.2668071312868846e-06,
        6.2668071312868846e-06,
        5.982857483225839e-06,
        5.982857483225839e-06,
        5.982857483225839e-06,
        5.982857483225839e-06,
        5.982857483225839e-06,
        1.9727235614489037e-06,
        1.9727235614489037e-06,
        1.9727235614489037e-06,
        1.6349047597220278e-06,
        1.6349047597220278e-06,
        1.6349047597220278e-06,
        1.58783794527134e-06,
        1.58783794527134e-06,
        1.122554801557887e-06,
        1.122554801557887e-06,
        3.190564032695439e-07,
        3.190564032695439e-07,
        3.190564032695439e-07,
        2.1432153056727085e-07,
        2.1432153056727085e-07,
        2.1432153056727085e-07,
        1.2470754122913105e-07,
        1.0935446786396355e-07,
        1.0935446786396355e-07,
        1.862786365993494e-08,
        1.862786365993494e-08,
        1.862786365993494e-08,
        1.703702612360526e-08,
        9.691142576067848e-09,
        9.691142576067848e-09,
        3.9952003446259837e-10,
        3.9952003446259837e-10,
        3.9952003446259837e-10,
        3.9952003446259837e-10,
        3.9952003446259837e-10,
        3.699876456777413e-10,
        3.699876456777413e-10,
        1.4085811732469951e-11,
        1.4085811732469951e-11,
        1.4085811732469951e-11,
        1.4085811732469951e-11,
        1.4085811732469951e-11,
        1.4085811732469951e-11,
        1.4085811732469951e-11,
        1.4085811732469951e-11,
        1.4085811732469951e-11,
        1.4085811732469951e-11,
        1.4085811732469951e-11,
        1.4085811732469951e-11,
        1.4085811732469951e-11,
        3.646225344881139e-12,
        3.646225344881139e-12,
        3.5384564407143267e-12,
        3.5384564407143267e-12
    ],
    "swarm_position_history": null,
    "timing_stats": {
        "total_time_s": 0.04563950002193451,
        "fitness_time_s": 0.041572200250811875,
        "velocity_update_time_s": 0.0013010000111535192,
        "position_update_time_s": 0.0006865999894216657
    },
    "config": {
        "num_particles": 30,
        "dimensions": 2,
        "max_iterations": 100,
        "inertia_weight": 0.4,
        "cognitive_coefficient": 1.5,
        "social_coefficient": 1.5,
        "seed": 1,
        "tolerance": 0.0,
        "stagnation_patience": null,
        "track_history": true,
        "track_swarm_history": false
    }
}