{
    "objective": "rosenbrock",
    "evaluation_mode": "threading",
    "best_value": 6.155529261173675e-09,
    "best_position": [
        0.9999216695233974,
        0.9998437908919646
    ],
    "elapsed_time_s": 0.041127300006337464,
    "iterations_completed": 100,
    "best_value_history": [
        5.6366438910170595,
        4.13830312710172,
        0.8531981596923469,
        0.0036885930201967544,
        0.0036885930201967544,
        0.0036885930201967544,
        0.0036885930201967544,
        0.0036885930201967544,
        0.0036885930201967544,
        0.0036885930201967544,
        0.0036885930201967544,
        0.0036885930201967544,
        0.0036885930201967544,
        0.0036885930201967544,
        1.0321277139837592e-05,
        1.0321277139837592e-05,
        1.0321277139837592e-05,
        1.0321277139837592e-05,
        1.0321277139837592e-05,
        1.0321277139837592e-05,
        1.0321277139837592e-05,
        1.0321277139837592e-05,
        6.618204829610194e-06,
        6.618204829610194e-06,
        6.618204829610194e-06,
        6.618204829610194e-06,
        6.618204829610194e-06,
        6.618204829610194e-06,
        6.618204829610194e-06,
        6.618204829610194e-06,
        6.618204829610194e-06,
        3.94644135044894e-06,
        3.94644135044894e-06,
        3.94644135044894e-06,
        3.94644135044894e-06,
        2.1650224210078684e-06,
        2.1650224210078684e-06,
        2.1650224210078684e-06,
        2.1650224210078684e-06,
        2.1650224210078684e-06,
        2.1650224210078684e-06,
        2.1650224210078684e-06,
        2.1650224210078684e-06,
        2.1650224210078684e-06,
        2.1650224210078684e-06,
        2.1650224210078684e-06,
        2.0255967271035208e-06,
        2.0255967271035208e-06,
        1.933706374910167e-06,
        1.933706374910167e-06,
        1.933706374910167e-06,
        1.668217857643313e-06,
        1.668217857643313e-06,
        1.656545934358823e-06,
        1.656545934358823e-06,
        1.656545934358823e-06,
        1.656545934358823e-06,
        1.656545934358823e-06,
        1.6554445430752036e-06,
        1.6537611801024384e-06,
        1.6116441195413926e-06,
        1.6116441195413926e-06,
        1.6010996050781226e-06,
        1.527893574139392e-06,
        1.5205176143328867e-06,
        1.5049716530684292e-06,
        1.4958334762376286e-06,
        1.4849125200961089e-06,
        1.4584264345896652e-06,
        1.4461904618802536e-06,
        1.4398918903218577e-06,
        1.4315731423315816e-06,
        1.4019540539509317e-06,
        3.458361168889662e-07,
        1.430655820867028e-07,
        6.55330475607588e-08,
        5.922508892984785e-08,
        4.405386488391702e-08,
        3.916700370233393e-08,
        3.740129204300485e-08,
        3.4038653792574205e-08,
        3.0912909251786765e-08,
        3.048058868780654e-08,
        3.015996799396517e-08,
        2.9515523761659618e-08,
        2.5573672626340656e-08,
        2.5573672626340656e-08,
        2.5290310647413923e-08,
        2.0647946189731443e-08,
        1.7328492511941445e-08,
        1.7328492511941445e-08,
        1.7328492511941445e-08,
        1.0401521328763567e-08,
        7.63324692658359e-09,
        6.708550183858662e-09,
        6.367883457600895e-09,
        6.236290291307803e-09,
        6.184400763649413e-09,
        6.163764589177751e-09,
        6.155529261173675e-09
    ],
    "swarm_position_history": null,
    "timing_stats": {
        "total_time_s": 0.04112039995379746,
        "fitness_time_s": 0.03742950002197176,
        "velocity_update_time_s": 0.00136300059966743,
        "position_update_time_s": 0.0005942997522652149
    },
    "config": {
        "num_particles": 30,
        "dimensions": 2,
        "max_iterations": 100,
        "inertia_weight": 0.4,
        "cognitive_coefficient": 1.5,
        "social_coefficient": 1.5,
        "seed": 2,
        "tolerance": 0.0,
        "stagnation_patience": null,
        "track_history": true,
        "track_swarm_history": false
    }
}