{
    "objective": "rosenbrock",
    "evaluation_mode": "threading",
    "best_value": 6.657648459031135,
    "best_position": [
        0.7428643703527009,
        0.5391433881553296,
        0.2886266015928926,
        0.08781150666757041,
        0.029371269527500993,
        0.0018180431855875454,
        0.01079163702797133,
        -0.005599692255355934,
        0.012789724040738155,
        -0.020179310444742984
    ],
    "elapsed_time_s": 0.04104139993432909,
    "iterations_completed": 100,
    "best_value_history": [
        662.4457567908044,
        518.8494045866385,
        518.8494045866385,
        485.2264132173592,
        485.2264132173592,
        310.79936483246706,
        273.3020593452848,
        262.99030979208334,
        160.31551859779296,
        160.31551859779296,
        105.52453041877598,
        105.52453041877598,
        105.52453041877598,
        105.52453041877598,
        105.52453041877598,
        94.10541967286568,
        94.10541967286568,
        94.10541967286568,
        85.71358601987063,
        81.2142896526496,
        81.2142896526496,
        72.40681609506154,
        58.591092435249244,
        54.990382276132806,
        29.669274742368078,
        29.669274742368078,
        25.7593908664209,
        25.7593908664209,
        25.7593908664209,
        22.464564487201198,
        22.464564487201198,
        17.986087472381413,
        17.986087472381413,
        17.986087472381413,
        17.622512572823503,
        17.622512572823503,
        16.1471146308681,
        11.349327016533053,
        11.349327016533053,
        11.349327016533053,
        10.49967454281036,
        10.445541430491243,
        9.31144270555887,
        8.935884239489416,
        8.935884239489416,
        8.626310613203206,
        8.626310613203206,
        8.06570515847775,
        8.01517492310045,
        7.863430739559319,
        7.355179476827061,
        7.355179476827061,
        7.349720803574037,
        7.349720803574037,
        7.144769552763932,
        7.144769552763932,
        7.144769552763932,
        7.133033477988349,
        7.051751132823621,
        7.051751132823621,
        7.051751132823621,
        7.0224076076902815,
        7.0224076076902815,
        7.0224076076902815,
        7.011020533645764,
        6.989129979722465,
        6.989129979722465,
        6.9789322397224005,
        6.9789322397224005,
        6.976443964510642,
        6.968429654291069,
        6.949237039571276,
        6.938926828260268,
        6.938926828260268,
        6.938612756140085,
        6.938612756140085,
        6.91594525584514,
        6.9093703427449125,
        6.9093703427449125,
        6.8964170059620065,
        6.891129378870819,
        6.881579636390609,
        6.871497416442081,
        6.853567191803714,
        6.853567191803714,
        6.853567191803714,
        6.852545858494477,
        6.847669676388023,
        6.8264197636264115,
        6.821913456734959,
        6.807363992623248,
        6.803969318942023,
        6.800193814164615,
        6.772909811427721,
        6.760809465622057,
        6.7459686124108496,
        6.739683906697365,
        6.709981051273943,
        6.708756907630571,
        6.657648459031135
    ],
    "swarm_position_history": null,
    "timing_stats": {
        "total_time_s": 0.04103490000125021,
        "fitness_time_s": 0.03728790010791272,
        "velocity_update_time_s": 0.00131129939109087,
        "position_update_time_s": 0.0006981006590649486
    },
    "config": {
        "num_particles": 30,
        "dimensions": 10,
        "max_iterations": 100,
        "inertia_weight": 0.7,
        "cognitive_coefficient": 1.5,
        "social_coefficient": 1.5,
        "seed": 4,
        "tolerance": 0.0,
        "stagnation_patience": null,
        "track_history": true,
        "track_swarm_history": false
    }
}