{
    "objective": "ackley",
    "evaluation_mode": null,
    "best_value": 2.9799818019871083e-05,
    "best_position": [
        -1.0096383178683566e-05,
        3.007436699605358e-06
    ],
    "elapsed_time_s": 0.01667270006146282,
    "iterations_completed": 100,
    "best_value_history": [
        7.53182249144203,
        7.53182249144203,
        7.53182249144203,
        6.345249123441366,
        3.092916286668594,
        3.092916286668594,
        3.092916286668594,
        3.092916286668594,
        3.000381833863124,
        3.000381833863124,
        2.832063281999688,
        2.6036594461546128,
        2.6036594461546128,
        2.6036594461546128,
        2.5702630258406747,
        2.5702630258406747,
        1.6817187900260255,
        1.2805258813817777,
        1.2805258813817777,
        1.2805258813817777,
        0.8353009991231883,
        0.8353009991231883,
        0.8353009991231883,
        0.8353009991231883,
        0.2676011744340454,
        0.2676011744340454,
        0.2676011744340454,
        0.20499578476967928,
        0.19322945792066948,
        0.10671338114611872,
        0.09475501863924807,
        0.09475501863924807,
        0.09475501863924807,
        0.030039604159473487,
        0.030039604159473487,
        0.030039604159473487,
        0.030039604159473487,
        0.030039604159473487,
        0.030039604159473487,
        0.017793529433845823,
        0.017793529433845823,
        0.017793529433845823,
        0.017793529433845823,
        0.017793529433845823,
        0.01321715203877405,
        0.007653260824018293,
        0.007653260824018293,
        0.007653260824018293,
        0.007653260824018293,
        0.007653260824018293,
        0.002924386167685089,
        0.002924386167685089,
        0.0016455049538568467,
        0.0016455049538568467,
        0.0016455049538568467,
        0.0016455049538568467,
        0.0016455049538568467,
        0.0016455049538568467,
        0.0016455049538568467,
        0.0016455049538568467,
        0.0016455049538568467,
        0.0016455049538568467,
        0.0015101320730441792,
        0.0010541461373496652,
        0.0010541461373496652,
        0.0010541461373496652,
        0.0010541461373496652,
        0.0010541461373496652,
        0.0006439423029687141,
        0.0006439423029687141,
        0.0006439423029687141,
        0.0006439423029687141,
        0.00047565547878436476,
        0.00047565547878436476,
        0.00047565547878436476,
        0.00047565547878436476,
        0.00047565547878436476,
        0.00047565547878436476,
        0.00047565547878436476,
        0.00047565547878436476,
        0.00016559618251266173,
        0.00016559618251266173,
        0.00015234829812316164,
        0.00015234829812316164,
        0.00015234829812316164,
        0.00015234829812316164,
        0.00015234829812316164,
        0.00015234829812316164,
        0.00015234829812316164,
        0.00015234829812316164,
        9.430506734320332e-05,
        9.430506734320332e-05,
        7.164434180895185e-05,
        7.164434180895185e-05,
        7.164434180895185e-05,
        2.9799818019871083e-05,
        2.9799818019871083e-05,
        2.9799818019871083e-05,
        2.9799818019871083e-05,
        2.9799818019871083e-05
    ],
    "swarm_position_history": null,
    "timing_stats": {
        "total_time_s": 0.01666339999064803,
        "fitness_time_s": 0.015215599909424782,
        "velocity_update_time_s": 0.0006780998082831502,
        "position_update_time_s": 0.00025420007295906544
    },
    "config": {
        "num_particles": 30,
        "dimensions": 2,
        "max_iterations": 100,
        "inertia_weight": 0.7,
        "cognitive_coefficient": 1.5,
        "social_coefficient": 1.5,
        "seed": 0,
        "tolerance": 0.0,
        "stagnation_patience": null,
        "track_history": true,
        "track_swarm_history": false
    }
}