{
    "objective": "ackley",
    "evaluation_mode": null,
    "best_value": 4.440892098500626e-16,
    "best_position": [
        -2.873139495212004e-16,
        -6.192987153033358e-17
    ],
    "elapsed_time_s": 0.06992939999327064,
    "iterations_completed": 500,
    "best_value_history": [
        9.802811462580474,
        9.524049450356863,
        6.055604975227954,
        5.0027627319106855,
        5.0027627319106855,
        2.731258118158053,
        2.731258118158053,
        2.731258118158053,
        0.4798089683175708,
        0.4798089683175708,
        0.4798089683175708,
        0.4798089683175708,
        0.4798089683175708,
        0.4798089683175708,
        0.4798089683175708,
        0.4798089683175708,
        0.4798089683175708,
        0.3351099668271975,
        0.3351099668271975,
        0.3351099668271975,
        0.3351099668271975,
        0.3351099668271975,
        0.3351099668271975,
        0.3351099668271975,
        0.3041270022386553,
        0.3041270022386553,
        0.3041270022386553,
        0.3041270022386553,
        0.3041270022386553,
        0.23912872363374804,
        0.23912872363374804,
        0.0930606364039801,
        0.0930606364039801,
        0.0930606364039801,
        0.0820627432128167,
        0.0820627432128167,
        0.02893539596305006,
        0.02893539596305006,
        0.012635883951972904,
        0.012635883951972904,
        0.012635883951972904,
        0.005658210328704616,
        0.005658210328704616,
        0.005658210328704616,
        0.005658210328704616,
        0.005658210328704616,
        0.004065922207964423,
        0.004065922207964423,
        0.0038506079775513236,
        0.0029956180315520164,
        0.002027888151009183,
        0.002027888151009183,
        0.002027888151009183,
        0.002027888151009183,
        0.002027888151009183,
        0.002027888151009183,
        0.002027888151009183,
        0.002027888151009183,
        0.0013497377887365936,
        0.0013497377887365936,
        0.0013497377887365936,
        0.0011296705776300264,
        0.0011296705776300264,
        0.0010112815660261454,
        0.0010112815660261454,
        0.0010112815660261454,
        0.0010112815660261454,
        0.0010112815660261454,
        0.000955217621854576,
        0.000955217621854576,
        0.0007992225458832714,
        0.0006233085243576575,
        0.0004803829630479761,
        0.00020212823445975303,
        0.00020212823445975303,
        0.00020212823445975303,
        0.00020212823445975303,
        0.00020212823445975303,
        0.00017873768279175195,
        0.00011675095582974748,
        0.00011675095582974748,
        0.00011675095582974748,
        0.00011675095582974748,
        0.00011675095582974748,
        2.7364113432515325e-05,
        2.7364113432515325e-05,
        1.6788769923170577e-05,
        1.6788769923170577e-05,
        1.6788769923170577e-05,
        1.6788769923170577e-05,
        1.6788769923170577e-05,
        1.3979011637577088e-05,
        1.3979011637577088e-05,
        1.3979011637577088e-05,
        1.3979011637577088e-05,
        1.3979011637577088e-05,
        1.3979011637577088e-05,
        1.3979011637577088e-05,
        1.3979011637577088e-05,
        1.9518287932562828e-06,
        1.9518287932562828e-06,
        1.9518287932562828e-06,
        1.9518287932562828e-06,
        1.8904403416009075e-06,
        1.8904403416009075e-06,
        1.8904403416009075e-06,
        1.8904403416009075e-06,
        1.8904403416009075e-06,
        1.8904403416009075e-06,
        1.8904403416009075e-06,
        1.4285639555744467e-06,
        1.4285639555744467e-06,
        1.4285639555744467e-06,
        1.4285639555744467e-06,
        1.4285639555744467e-06,
        1.4285639555744467e-06,
        1.4285639555744467e-06,
        1.4285639555744467e-06,
        2.230478881593001e-07,
        2.230478881593001e-07,
        2.230478881593001e-07,
        2.230478881593001e-07,
        2.230478881593001e-07,
        2.230478881593001e-07,
        2.230478881593001e-07,
        2.230478881593001e-07,
        2.230478881593001e-07,
        1.8882234487094252e-07,
        7.622600550760694e-08,
        7.622600550760694e-08,
        7.622600550760694e-08,
        7.622600550760694e-08,
        7.622600550760694e-08,
        7.622600550760694e-08,
        7.622600550760694e-08,
        7.622600550760694e-08,
        7.622600550760694e-08,
        7.622600550760694e-08,
        7.622600550760694e-08,
        7.622600550760694e-08,
        7.401290647024439e-08,
        7.401290647024439e-08,
        7.401290647024439e-08,
        7.160267800898623e-08,
        7.160267800898623e-08,
        4.6315179691447383e-08,
        4.6315179691447383e-08,
        4.6315179691447383e-08,
        4.6315179691447383e-08,
        4.6315179691447383e-08,
        3.518903257671013e-08,
        3.518903257671013e-08,
        1.815155004081248e-08,
        1.815155004081248e-08,
        9.50356637829941e-09,
        9.50356637829941e-09,
        9.50356637829941e-09,
        9.50356637829941e-09,
        9.50356637829941e-09,
        9.50356637829941e-09,
        9.50356637829941e-09,
        9.50356637829941e-09,
        9.50356637829941e-09,
        9.50356637829941e-09,
        9.50356637829941e-09,
        9.50356637829941e-09,
        7.475890573260813e-09,
        4.9752704178729346e-09,
        4.9752704178729346e-09,
        4.5919503754987545e-09,
        4.5919503754987545e-09,
        4.5919503754987545e-09,
        4.5919503754987545e-09,
        2.824589007133227e-09,
        2.824589007133227e-09,
        2.824589007133227e-09,
        2.824589007133227e-09,
        2.824589007133227e-09,
        1.501725410690824e-09,
        1.501725410690824e-09,
        1.501725410690824e-09,
        1.501725410690824e-09,
        7.262070944591414e-10,
        5.1536108713889917e-11,
        5.1536108713889917e-11,
        5.1536108713889917e-11,
        5.1536108713889917e-11,
        5.1536108713889917e-11,
        5.1536108713889917e-11,
        5.1536108713889917e-11,
        5.1536108713889917e-11,
        5.1536108713889917e-11,
        5.1536108713889917e-11,
        5.1536108713889917e-11,
        5.1536108713889917e-11,
        5.1536108713889917e-11,
        3.292699446433289e-11,
        3.292699446433289e-11,
        3.292699446433289e-11,
        3.292699446433289e-11,
        3.292699446433289e-11,
        3.292699446433289e-11,
        3.292699446433289e-11,
        3.292699446433289e-11,
        3.292699446433289e-11,
        3.292699446433289e-11,
        3.292699446433289e-11,
        2.793898445929699e-11,
        2.793898445929699e-11,
        2.4652724306406526e-11,
        2.4652724306406526e-11,
        2.4652724306406526e-11,
        2.4652724306406526e-11,
        1.1546763545311478e-11,
        2.1249668691325496e-12,
        2.1249668691325496e-12,
        2.1249668691325496e-12,
        2.1249668691325496e-12,
        2.1249668691325496e-12,
        2.1249668691325496e-12,
        2.1249668691325496e-12,
        2.1249668691325496e-12,
        2.1249668691325496e-12,
        2.1249668691325496e-12,
        8.459899447643693e-13,
        8.459899447643693e-13,
        8.459899447643693e-13,
        8.459899447643693e-13,
        8.459899447643693e-13,
        8.459899447643693e-13,
        8.459899447643693e-13,
        3.6282088444750116e-13,
        3.6282088444750116e-13,
        3.6282088444750116e-13,
        3.6282088444750116e-13,
        3.6282088444750116e-13,
        3.6282088444750116e-13,
        3.6282088444750116e-13,
        3.6282088444750116e-13,
        3.6282088444750116e-13,
        3.6282088444750116e-13,
        3.6282088444750116e-13,
        3.6282088444750116e-13,
        3.4861002973229915e-13,
        3.4861002973229915e-13,
        3.4861002973229915e-13,
        3.4861002973229915e-13,
        3.1308289294429414e-13,
        3.1308289294429414e-13,
