{
    "objective": "ackley",
    "evaluation_mode": null,
    "best_value": 8.188530934649663e-06,
    "best_position": [
        -4.832408557122168e-07,
        2.854387198108752e-06
    ],
    "elapsed_time_s": 0.014171699993312359,
    "iterations_completed": 100,
    "best_value_history": [
        8.572975141156096,
        8.572975141156096,
        5.700948301976009,
        5.075709885125704,
        4.520569379728453,
        2.7680227260733337,
        0.955811206653213,
        0.955811206653213,
        0.955811206653213,
        0.955811206653213,
        0.955811206653213,
        0.955811206653213,
        0.955811206653213,
        0.955811206653213,
        0.955811206653213,
        0.955811206653213,
        0.2712555449888261,
        0.2712555449888261,
        0.2712555449888261,
        0.2712555449888261,
        0.0727052758963862,
        0.0727052758963862,
        0.0727052758963862,
        0.0727052758963862,
        0.0727052758963862,
        0.0727052758963862,
        0.0727052758963862,
        0.058812954895295366,
        0.058812954895295366,
        0.058812954895295366,
        0.058812954895295366,
        0.058812954895295366,
        0.058812954895295366,
        0.058812954895295366,
        0.058812954895295366,
        0.058812954895295366,
        0.058812954895295366,
        0.03771749647307532,
        0.015127527904614357,
        0.015127527904614357,
        0.015127527904614357,
        0.003733676949540854,
        0.003733676949540854,
        0.003733676949540854,
        0.003733676949540854,
        0.003733676949540854,
        0.003733676949540854,
        0.003733676949540854,
        0.003733676949540854,
        0.003733676949540854,
        0.003733676949540854,
        0.003733676949540854,
        0.0013294804394843318,
        0.0013294804394843318,
        0.0013294804394843318,
        0.0013294804394843318,
        0.0013294804394843318,
        0.0013294804394843318,
        0.0013294804394843318,
        0.0013294804394843318,
        0.0009919987298627753,
        0.0009919987298627753,
        0.0006265182933806734,
        0.0006265182933806734,
        0.0004688822839438167,
        0.0004688822839438167,
        0.0004688822839438167,
        0.0004688822839438167,
        0.0004688822839438167,
        0.0004688822839438167,
        0.0004688822839438167,
        0.0004688822839438167,
        0.0003090709091400079,
        0.0002179566858164783,
        0.0002179566858164783,
        0.0002179566858164783,
        0.0002179566858164783,
        7.74980681339521e-05,
        7.74980681339521e-05,
        7.74980681339521e-05,
        7.74980681339521e-05,
        6.517953575668756e-05,
        6.517953575668756e-05,
        6.517953575668756e-05,
        4.147315870683954e-05,
        4.147315870683954e-05,
        4.0587604897002194e-05,
        2.4421079480863028e-05,
        2.2697450213104986e-05,
        1.5270895602714774e-05,
        1.5270895602714774e-05,
        1.5270895602714774e-05,
        1.5270895602714774e-05,
        1.2824127950228359e-05,
        1.2824127950228359e-05,
        8.188530934649663e-06,
        8.188530934649663e-06,
        8.188530934649663e-06,
        8.188530934649663e-06,
        8.188530934649663e-06
    ],
    "swarm_position_history": null,
    "timing_stats": {
        "total_time_s": 0.014166200067847967,
        "fitness_time_s": 0.013004501117393374,
        "velocity_update_time_s": 0.0005038997624069452,
        "position_update_time_s": 0.00022859883029013872
    },
    "config": {
        "num_particles": 30,
        "dimensions": 2,
        "max_iterations": 100,
        "inertia_weight": 0.7,
        "cognitive_coefficient": 1.5,
        "social_coefficient": 1.5,
        "seed": 3,
        "tolerance": 0.0,
        "stagnation_patience": null,
        "track_history": true,
        "track_swarm_history": false
    }
}