{
    "objective_name": "ackley",
    "num_runs": 5,
    "mean_best_value": 0.01986053486098287,
    "std_best_value": 0.010058799440819392,
    "min_best_value": 0.009271205872491084,
    "max_best_value": 0.033499396690797045,
    "mean_elapsed_time_s": 0.015145060000941157,
    "std_elapsed_time_s": 0.0008004569463420252,
    "mean_iterations": 100.0,
    "min_iterations": 100,
    "max_iterations": 100
}