{
    "objective_name": "ackley",
    "num_runs": 5,
    "mean_best_value": 7.5156853086151205,
    "std_best_value": 2.737445209108657,
    "min_best_value": 2.7689280410953185,
    "max_best_value": 10.433887173185544,
    "mean_elapsed_time_s": 0.014895300019998104,
    "std_elapsed_time_s": 0.00020468158951086714,
    "mean_iterations": 100.0,
    "min_iterations": 100,
    "max_iterations": 100
}