{
    "objective_name": "ackley",
    "num_runs": 5,
    "mean_best_value": 8.151369793776066,
    "std_best_value": 0.8347312494883732,
    "min_best_value": 6.751739233641196,
    "max_best_value": 9.241289392031721,
    "mean_elapsed_time_s": 0.014879299979656934,
    "std_elapsed_time_s": 0.00024344379258536475,
    "mean_iterations": 100.0,
    "min_iterations": 100,
    "max_iterations": 100
}