{
    "objective_name": "ackley",
    "num_runs": 5,
    "mean_best_value": 4.910336712698348,
    "std_best_value": 0.8515656704648202,
    "min_best_value": 3.6692739477092116,
    "max_best_value": 5.93500791364448,
    "mean_elapsed_time_s": 0.014756920002400874,
    "std_elapsed_time_s": 5.3075826517133905e-05,
    "mean_iterations": 100.0,
    "min_iterations": 100,
    "max_iterations": 100
}