{
    "objective_name": "ackley",
    "num_runs": 5,
    "mean_best_value": 10.308754650280202,
    "std_best_value": 0.6094237561891411,
    "min_best_value": 9.249598086085047,
    "max_best_value": 10.965802562121223,
    "mean_elapsed_time_s": 0.014723740017507226,
    "std_elapsed_time_s": 0.00012349766329541398,
    "mean_iterations": 100.0,
    "min_iterations": 100,
    "max_iterations": 100
}