{
    "objective_name": "ackley",
    "num_runs": 5,
    "mean_best_value": 0.06122788143182563,
    "std_best_value": 0.08085460227397948,
    "min_best_value": 0.010324901309492152,
    "max_best_value": 0.22113100086344817,
    "mean_elapsed_time_s": 0.014719379995949567,
    "std_elapsed_time_s": 0.00014603322140850923,
    "mean_iterations": 100.0,
    "min_iterations": 100,
    "max_iterations": 100
}