{
    "objective_name": "ackley",
    "num_runs": 5,
    "mean_best_value": 0.2319054138568501,
    "std_best_value": 0.46162217468910244,
    "min_best_value": 0.0008321902201449127,
    "max_best_value": 1.1551497107379274,
    "mean_elapsed_time_s": 0.014699799986556173,
    "std_elapsed_time_s": 0.00011119727417178228,
    "mean_iterations": 100.0,
    "min_iterations": 100,
    "max_iterations": 100
}