{
    "objective_name": "ackley",
    "num_runs": 5,
    "mean_best_value": 16.880769828128223,
    "std_best_value": 1.015943226175587,
    "min_best_value": 15.443799178585678,
    "max_best_value": 18.518621281552104,
    "mean_elapsed_time_s": 0.014802059985231607,
    "std_elapsed_time_s": 0.00046578865537385205,
    "mean_iterations": 100.0,
    "min_iterations": 100,
    "max_iterations": 100
}