{
    "objective": "sphere",
    "evaluation_mode": "multiprocessing",
    "best_value": 7.441217221005157e-37,
    "best_position": [
        -8.279241193931264e-19,
        2.422052324530413e-19
    ],
    "elapsed_time_s": 0.23550870001781732,
    "iterations_completed": 100,
    "best_value_history": [
        0.08865610888817298,
        0.03978547628194756,
        0.033516375489396094,
        0.012903588220084222,
        0.012903588220084222,
        0.0008001876111958542,
        0.0008001876111958542,
        8.014608873778187e-05,
        8.014608873778187e-05,
        8.014608873778187e-05,
        2.1243274193655487e-06,
        2.1243274193655487e-06,
        2.1243274193655487e-06,
        1.826776513189249e-06,
        3.6105595977064374e-07,
        4.251172067227891e-08,
        4.228365191099715e-08,
        2.4267781241332388e-08,
        2.4267781241332388e-08,
        2.4267781241332388e-08,
        4.526770404087487e-09,
        9.77315193911736e-10,
        1.6705611415929905e-10,
        5.302636578742419e-11,
        5.302636578742419e-11,
        5.001399003282435e-11,
        1.0499031726552423e-11,
        4.71772326420036e-12,
        4.71772326420036e-12,
        9.820843039855186e-13,
        9.420844720236363e-13,
        9.420844720236363e-13,
        2.721316102728448e-13,
        4.987870887364522e-14,
        7.100686042277341e-15,
        5.961023451864401e-15,
        5.661953911883372e-16,
        5.661953911883372e-16,
        4.672445615264921e-16,
        4.599025854218885e-16,
        4.599025854218885e-16,
        1.1048395064371605e-16,
        6.749141937134059e-17,
        6.49303326953497e-17,
        5.920110023845563e-17,
        3.2061460568279616e-18,
        3.2061460568279616e-18,
        3.2061460568279616e-18,
        1.4548262555456541e-19,
        7.967779214948096e-21,
        7.967779214948096e-21,
        7.967779214948096e-21,
        7.967779214948096e-21,
        7.967779214948096e-21,
        8.557867584521554e-22,
        8.3827181065222855e-22,
        8.3827181065222855e-22,
        8.3827181065222855e-22,
        1.147572599519746e-22,
        3.860968857737748e-23,
        3.8591255169847387e-25,
        3.8591255169847387e-25,
        3.8591255169847387e-25,
        3.8591255169847387e-25,
        3.8591255169847387e-25,
        3.8591255169847387e-25,
        4.746167235724824e-26,
        3.3626937579980044e-26,
        3.3626937579980044e-26,
        3.3626937579980044e-26,
        4.959158930182346e-27,
        4.959158930182346e-27,
        5.780313990043398e-29,
        5.780313990043398e-29,
        5.780313990043398e-29,
        5.780313990043398e-29,
        4.76855603116119e-29,
        4.76855603116119e-29,
        4.76855603116119e-29,
        4.502428889487551e-29,
        7.426365239224516e-30,
        7.0473051221813985e-31,
        6.924486640789709e-31,
        2.935548804951377e-31,
        5.951013674021348e-32,
        5.951013674021348e-32,
        4.3559922555171114e-32,
        4.3559922555171114e-32,
        1.8767041373907497e-32,
        9.511200086422524e-33,
        2.0093937415771897e-33,
        2.0093937415771897e-33,
        1.750636369147777e-33,
        1.0498425655603525e-33,
        2.406266382397183e-34,
        1.1385110997598772e-34,
        1.1385110997598772e-34,
        7.441217221005157e-37,
        7.441217221005157e-37,
        7.441217221005157e-37
    ],
    "timing_stats": {
        "total_time_s": 0.23550349997822195,
        "fitness_time_s": 0.23087089986074716,
        "velocity_update_time_s": 0.001536499708890915,
        "position_update_time_s": 0.0006693002069368958
    },
    "config": {
        "num_particles": 30,
        "dimensions": 2,
        "max_iterations": 100,
        "inertia_weight": 0.4,
        "cognitive_coefficient": 1.0,
        "social_coefficient": 1.0,
        "seed": 1,
        "tolerance": 0.0,
        "stagnation_patience": null,
        "track_history": true
    }
}