{
    "objective": "sphere",
    "evaluation_mode": "multiprocessing",
    "best_value": 2.3550076540180243e-37,
    "best_position": [
        -4.571763012593263e-19,
        -1.6275931607328687e-19
    ],
    "elapsed_time_s": 0.2723812999902293,
    "iterations_completed": 100,
    "best_value_history": [
        1.407077912220478,
        0.39273128795525886,
        0.012984270906429389,
        0.004450284777558226,
        0.004450284777558226,
        8.930126969904604e-06,
        8.930126969904604e-06,
        8.930126969904604e-06,
        8.930126969904604e-06,
        8.930126969904604e-06,
        8.930126969904604e-06,
        6.482382480976368e-06,
        2.1135725024518747e-06,
        7.802149456892802e-07,
        7.802149456892802e-07,
        7.802149456892802e-07,
        7.945716940990958e-08,
        6.900647772799874e-08,
        2.969642318269008e-08,
        2.969642318269008e-08,
        6.8904189838600804e-12,
        6.8904189838600804e-12,
        6.8904189838600804e-12,
        6.8904189838600804e-12,
        6.8904189838600804e-12,
        6.8904189838600804e-12,
        6.8904189838600804e-12,
        6.8904189838600804e-12,
        6.8904189838600804e-12,
        2.872409009497458e-13,
        2.4318707182878686e-13,
        2.4318707182878686e-13,
        2.4318707182878686e-13,
        2.4318707182878686e-13,
        3.932764151023315e-15,
        3.932764151023315e-15,
        3.932764151023315e-15,
        2.3273537798880847e-15,
        2.3273537798880847e-15,
        1.7210055248410918e-15,
        7.437870595376011e-16,
        1.9111797382228064e-16,
        1.9111797382228064e-16,
        2.1550889525703904e-18,
        2.1550889525703904e-18,
        2.1550889525703904e-18,
        2.11583149148903e-18,
        8.85971251452058e-19,
        2.696011812850261e-19,
        4.473452360421531e-20,
        4.473452360421531e-20,
        4.473452360421531e-20,
        4.473452360421531e-20,
        3.1677122824349523e-21,
        3.1677122824349523e-21,
        3.144329878385607e-21,
        8.121661396965981e-22,
        5.933946634466897e-22,
        1.255018323515222e-22,
        7.926173918029369e-23,
        5.1883078189330374e-23,
        1.804137899852957e-23,
        4.476744946200151e-25,
        4.476744946200151e-25,
        4.476744946200151e-25,
        4.476744946200151e-25,
        1.131200518569084e-25,
        1.131200518569084e-25,
        1.131200518569084e-25,
        4.094460792326474e-27,
        3.5801332421551157e-28,
        3.5801332421551157e-28,
        3.5801332421551157e-28,
        3.5801332421551157e-28,
        3.5801332421551157e-28,
        5.950242153619843e-29,
        5.268827381922219e-29,
        1.660318978881681e-30,
        1.660318978881681e-30,
        1.660318978881681e-30,
        1.660318978881681e-30,
        1.3360104389220603e-30,
        5.74740315849812e-32,
        5.74740315849812e-32,
        5.74740315849812e-32,
        5.74740315849812e-32,
        3.297266810216893e-32,
        2.748267779535068e-32,
        9.479275846326856e-34,
        9.479275846326856e-34,
        9.479275846326856e-34,
        9.479275846326856e-34,
        1.8700248886628942e-34,
        4.1165004675990243e-35,
        4.1165004675990243e-35,
        4.1165004675990243e-35,
        2.7988970181599696e-36,
        1.4110669156266863e-36,
        1.4110669156266863e-36,
        2.3550076540180243e-37
    ],
    "swarm_position_history": null,
    "timing_stats": {
        "total_time_s": 0.27237510005943477,
        "fitness_time_s": 0.26729530037846416,
        "velocity_update_time_s": 0.001631900086067617,
        "position_update_time_s": 0.0006870984798297286
    },
    "config": {
        "num_particles": 30,
        "dimensions": 2,
        "max_iterations": 100,
        "inertia_weight": 0.4,
        "cognitive_coefficient": 1.0,
        "social_coefficient": 1.0,
        "seed": 0,
        "tolerance": 0.0,
        "stagnation_patience": null,
        "track_history": true,
        "track_swarm_history": false
    }
}