{
    "objective": "rastrigin",
    "evaluation_mode": null,
    "best_value": 3.979845161612025,
    "best_position": [
        -0.00010527871811741305,
        -0.994934009981455,
        -0.9949458511294244,
        -7.393064534026811e-05,
        -5.131731281351977e-05,
        -7.357785751477295e-05,
        0.9950565760611568,
        0.9949177912827939,
        -7.523511701483555e-05,
        -5.2411218583307294e-05
    ],
    "elapsed_time_s": 0.06182549998629838,
    "iterations_completed": 500,
    "best_value_history": [
        111.74009410728787,
        111.74009410728787,
        102.74005057649127,
        102.74005057649127,
        93.57957920262542,
        93.57957920262542,
        93.57957920262542,
        93.57957920262542,
        93.57957920262542,
        93.57957920262542,
        90.19362088930912,
        90.19362088930912,
        90.19362088930912,
        87.56026718728835,
        87.56026718728835,
        87.56026718728835,
        87.56026718728835,
        87.56026718728835,
        87.56026718728835,
        87.56026718728835,
        87.56026718728835,
        87.56026718728835,
        87.56026718728835,
        87.02839647123099,
        87.02839647123099,
        70.92190309705525,
        70.92190309705525,
        70.92190309705525,
        70.92190309705525,
        70.92190309705525,
        70.92190309705525,
        70.92190309705525,
        70.92190309705525,
        46.63915477853604,
        46.63915477853604,
        46.63915477853604,
        44.120798860958196,
        44.120798860958196,
        44.120798860958196,
        44.120798860958196,
        44.120798860958196,
        44.120798860958196,
        44.120798860958196,
        44.120798860958196,
        44.120798860958196,
        44.120798860958196,
        44.120798860958196,
        44.120798860958196,
        36.55946111840872,
        31.769274582894646,
        31.769274582894646,
        31.769274582894646,
        31.769274582894646,
        31.769274582894646,
        31.769274582894646,
        31.769274582894646,
        24.829984284287676,
        24.829984284287676,
        24.829984284287676,
        18.50923185827281,
        18.50923185827281,
        18.50923185827281,
        15.37567018864098,
        15.37567018864098,
        15.37567018864098,
        15.37567018864098,
        15.37567018864098,
        10.936623084837079,
        10.936623084837079,
        10.936623084837079,
        10.936623084837079,
        10.936623084837079,
        10.481073346212105,
        10.481073346212105,
        10.481073346212105,
        9.239036051618054,
        9.239036051618054,
        8.021900747628045,
        8.021900747628045,
        7.942943617907865,
        7.903439095536751,
        7.852412572809634,
        7.852412572809634,
        7.587943712623468,
        7.587943712623468,
        7.47336510963719,
        7.47336510963719,
        7.47336510963719,
        7.3611498074977675,
        7.3611498074977675,
        7.3611498074977675,
        7.3611498074977675,
        7.241732947612571,
        7.241732947612571,
        7.241732947612571,
        7.241732947612571,
        7.241732947612571,
        7.22629525876156,
        7.200160416675791,
        7.200160416675791,
        7.200160416675791,
        7.175477673934544,
        7.174256621833183,
        7.138819701028134,
        7.138819701028134,
        7.138819701028134,
        7.136427588719888,
        7.136427588719888,
        7.042472523723303,
        7.037770946814572,
        7.037770946814572,
        7.037770946814572,
        7.037770946814572,
        7.02529423089182,
        7.010729208398113,
        7.003481790283502,
        7.003163096361554,
        7.003163096361554,
        6.996675766555855,
        6.996249429154951,
        6.991551668669559,
        6.986669694664389,
        6.986669694664389,
        6.982589741887065,
        6.980288902578918,
        6.97920457214778,
        6.978061916004409,
        6.974893706522016,
        6.974893706522016,
        6.973859236544024,
        6.9722766407204935,
        6.970733661482515,
        6.969149264905231,
        6.969149264905231,
        6.967184834503701,
        6.967184834503701,
        6.967184834503701,
        6.967184834503701,
        6.96708630895331,
        6.96708630895331,
        6.96708630895331,
        6.966936275289579,
        6.966936275289579,
        6.966180597349307,
        6.965629405577106,
        6.965064168615901,
        6.965064168615901,
        6.965064168615901,
        6.965064168615901,
        6.965064168615901,
        6.965064168615901,
        6.965064168615901,
        6.965064168615901,
        6.9649434243427795,
        6.964867285617872,
        6.964830057691875,
        6.964830057691875,
        6.861237017446791,
        6.582624811852496,
        6.582624811852496,
        6.582624811852496,
        6.582624811852496,
        6.582624811852496,
        6.582624811852496,
        6.582624811852496,
        6.582624811852496,
        6.582624811852496,
        6.582624811852496,
        6.582624811852496,
        6.582624811852496,
        6.219817568044899,
        6.219817568044899,
        6.219817568044899,
        6.219817568044899,
        6.219817568044899,
        6.219817568044899,
        6.204740216517512,
        6.204740216517512,
        6.204740216517512,
        6.204740216517512,
        6.204740216517512,
        6.204740216517512,
        6.204740216517512,
        6.204740216517512,
        6.202785008183092,
        6.202785008183092,
        6.166837677681442,
        6.135313115915787,
        5.098124439822894,
        5.098124439822894,
        5.098124439822894,
        5.098124439822894,
        5.098124439822894,
        5.098124439822894,
        5.098124439822894,
        5.080283135158424,
        5.076840682771371,
        5.076840682771371,
        5.076840682771371,
        5.076840682771371,
        5.076840682771371,
        5.076840682771371,
        5.076840682771371,
        5.076252896339642,
        5.076252896339642,
        5.076252896339642,
        5.075644122372604,
        5.07074373433158,
        5.063175197005754,
        5.063175197005754,
        5.063175197005754,
        5.063175197005754,
        5.058463807569605,
        5.057895787400072,
        5.034847715454356,
        5.024587857051328,
        5.024587857051328,
        5.024587857051328,
        5.024587857051328,
        5.008172873356004,
        5.007084795556959,
        5.007084795556959,
        5.007084795556959,
        5.005825672057369,
        5.005825672057369,
        5.00511913967086,
        5.004939834427065,
        5.004939834427065,
        4.997558945683031,
        4.991844460088785,
        4.989432773890895,
        4.987191435772267,
        4.987191435772267,
        4.987191435772267,
        4.987191435772267,
        4.987115983443636,
        4.986085438495165,
        4.985723243888059,
        4.985369372964833,
        4.985369372964833,
        4.985369372964833,
        4.985253664244113,
        4.985090769556534,
        4.9846435262660105,
        4.98463243044833,
        4.984500905337767,
        4.984466194338193,
        4.983295275571987,
        4.982898861584877,
        4.981547705297738,
        4.980918564820808,
        4.980918564820808,
        4.980918564820808,
        4.980918564820808,
        4.980854221805196,
        4.980554841992019,
        4.980485024772902,
        4.980170569055182,
        4.979733059591058,
        4.97969471947847,
        4.979552753554707,
        4.979407600948819,
        4.97936366010067,
        4.979338937574011,
        4.9792553564594035,
        4.979053004047211,
        4.9786636946609475,
        4.9785225261639425,
        4.978374918897924,
        4.977994513594396,
        4.977994513594396,
        4.977793686528258,
        4.9774273274052705,
        4.9771893390025586,
        4.976970232813152,
