{
    "objective": "rastrigin",
    "evaluation_mode": null,
    "best_value": 13.506503961010907,
    "best_position": [
        -0.960503760854751,
        0.04201328955324979,
        0.9836149035550822,
        0.9552941414701634,
        0.9942431348669126,
        0.9920541832941712,
        1.017537783766291,
        0.9706133452188237,
        1.9431126540288801,
        0.998137901022147
    ],
    "elapsed_time_s": 0.014044799958355725,
    "iterations_completed": 100,
    "best_value_history": [
        118.03781783612412,
        99.75460069046517,
        99.75460069046517,
        99.75460069046517,
        99.75460069046517,
        99.75460069046517,
        99.75460069046517,
        99.75460069046517,
        99.75460069046517,
        99.75460069046517,
        97.39907935294022,
        97.39907935294022,
        86.5436260749611,
        69.74803205883997,
        69.74803205883997,
        69.74803205883997,
        69.74803205883997,
        69.74803205883997,
        68.29671177140426,
        68.29671177140426,
        61.90374861892844,
        61.90374861892844,
        61.90374861892844,
        61.90374861892844,
        61.90374861892844,
        61.90374861892844,
        61.90374861892844,
        61.90374861892844,
        61.90374861892844,
        61.90374861892844,
        61.90374861892844,
        61.90374861892844,
        61.90374861892844,
        61.90374861892844,
        61.90374861892844,
        55.906223891752546,
        55.906223891752546,
        55.906223891752546,
        55.906223891752546,
        55.906223891752546,
        55.906223891752546,
        55.906223891752546,
        49.121753927294606,
        49.121753927294606,
        49.121753927294606,
        42.285241826723905,
        42.285241826723905,
        42.285241826723905,
        42.285241826723905,
        42.285241826723905,
        42.285241826723905,
        42.285241826723905,
        41.71601640038279,
        41.71601640038279,
        36.54989795579019,
        36.54989795579019,
        36.54989795579019,
        36.54989795579019,
        36.54989795579019,
        34.5861207276498,
        34.5861207276498,
        29.504009764153516,
        29.504009764153516,
        29.504009764153516,
        29.504009764153516,
        29.504009764153516,
        29.504009764153516,
        29.504009764153516,
        29.504009764153516,
        22.328459664365234,
        22.328459664365234,
        22.328459664365234,
        22.328459664365234,
        16.90744169130799,
        16.90744169130799,
        16.90744169130799,
        16.90744169130799,
        16.90744169130799,
        16.90744169130799,
        16.90744169130799,
        16.90744169130799,
        16.90744169130799,
        16.90744169130799,
        16.90744169130799,
        16.90744169130799,
        16.825987509001983,
        16.825987509001983,
        16.825987509001983,
        16.825987509001983,
        16.825987509001983,
        16.825987509001983,
        14.993567426949742,
        14.703815493842848,
        14.703815493842848,
        14.703815493842848,
        14.48234518340882,
        13.88711758505063,
        13.88711758505063,
        13.506503961010907,
        13.506503961010907
    ],
    "swarm_position_history": null,
    "timing_stats": {
        "total_time_s": 0.014037800021469593,
        "fitness_time_s": 0.012533600674942136,
        "velocity_update_time_s": 0.0006827012402936816,
        "position_update_time_s": 0.0003517972072586417
    },
    "config": {
        "num_particles": 30,
        "dimensions": 10,
        "max_iterations": 100,
        "inertia_weight": 0.7,
        "cognitive_coefficient": 1.5,
        "social_coefficient": 1.5,
        "seed": 1,
        "tolerance": 0.0,
        "stagnation_patience": null,
        "track_history": true,
        "track_swarm_history": false
    }
}