{
    "objective": "rastrigin",
    "evaluation_mode": null,
    "best_value": 7.200160416675791,
    "best_position": [
        -1.0076575454458117,
        -0.9861028409820687,
        -0.9859604145418261,
        0.008573201993145246,
        0.0036710093239646856,
        1.0008086297684977,
        0.9714622895603857,
        1.0028048125588007,
        -0.0069848141784059,
        -1.0041741586887145
    ],
    "elapsed_time_s": 0.013404199969954789,
    "iterations_completed": 100,
    "best_value_history": [
        111.74009410728787,
        111.74009410728787,
        102.74005057649127,
        102.74005057649127,
        93.57957920262542,
        93.57957920262542,
        93.57957920262542,
        93.57957920262542,
        93.57957920262542,
        93.57957920262542,
        90.19362088930912,
        90.19362088930912,
        90.19362088930912,
        87.56026718728835,
        87.56026718728835,
        87.56026718728835,
        87.56026718728835,
        87.56026718728835,
        87.56026718728835,
        87.56026718728835,
        87.56026718728835,
        87.56026718728835,
        87.56026718728835,
        87.02839647123099,
        87.02839647123099,
        70.92190309705525,
        70.92190309705525,
        70.92190309705525,
        70.92190309705525,
        70.92190309705525,
        70.92190309705525,
        70.92190309705525,
        70.92190309705525,
        46.63915477853604,
        46.63915477853604,
        46.63915477853604,
        44.120798860958196,
        44.120798860958196,
        44.120798860958196,
        44.120798860958196,
        44.120798860958196,
        44.120798860958196,
        44.120798860958196,
        44.120798860958196,
        44.120798860958196,
        44.120798860958196,
        44.120798860958196,
        44.120798860958196,
        36.55946111840872,
        31.769274582894646,
        31.769274582894646,
        31.769274582894646,
        31.769274582894646,
        31.769274582894646,
        31.769274582894646,
        31.769274582894646,
        24.829984284287676,
        24.829984284287676,
        24.829984284287676,
        18.50923185827281,
        18.50923185827281,
        18.50923185827281,
        15.37567018864098,
        15.37567018864098,
        15.37567018864098,
        15.37567018864098,
        15.37567018864098,
        10.936623084837079,
        10.936623084837079,
        10.936623084837079,
        10.936623084837079,
        10.936623084837079,
        10.481073346212105,
        10.481073346212105,
        10.481073346212105,
        9.239036051618054,
        9.239036051618054,
        8.021900747628045,
        8.021900747628045,
        7.942943617907865,
        7.903439095536751,
        7.852412572809634,
        7.852412572809634,
        7.587943712623468,
        7.587943712623468,
        7.47336510963719,
        7.47336510963719,
        7.47336510963719,
        7.3611498074977675,
        7.3611498074977675,
        7.3611498074977675,
        7.3611498074977675,
        7.241732947612571,
        7.241732947612571,
        7.241732947612571,
        7.241732947612571,
        7.241732947612571,
        7.22629525876156,
        7.200160416675791,
        7.200160416675791
    ],
    "swarm_position_history": null,
    "timing_stats": {
        "total_time_s": 0.013397600036114454,
        "fitness_time_s": 0.011768999975174665,
        "velocity_update_time_s": 0.0007381988689303398,
        "position_update_time_s": 0.0003624006640166044
    },
    "config": {
        "num_particles": 30,
        "dimensions": 10,
        "max_iterations": 100,
        "inertia_weight": 0.7,
        "cognitive_coefficient": 1.5,
        "social_coefficient": 1.5,
        "seed": 4,
        "tolerance": 0.0,
        "stagnation_patience": null,
        "track_history": true,
        "track_swarm_history": false
    }
}