{
    "objective": "rastrigin",
    "evaluation_mode": null,
    "best_value": 9.949585533113833,
    "best_position": [
        0.9949586368519167,
        1.5263194543622203e-09,
        -0.9949586387185748,
        0.9949586375204035,
        0.9949586375373085,
        -0.9949586375593651,
        -1.328711672610067e-09,
        0.9949586377877947,
        1.9899122348464127,
        8.17715080445076e-10
    ],
    "elapsed_time_s": 0.06452209991402924,
    "iterations_completed": 500,
    "best_value_history": [
        85.0005854870932,
        85.0005854870932,
        85.0005854870932,
        78.39223541529014,
        78.39223541529014,
        78.39223541529014,
        73.41668842017818,
        73.41668842017818,
        73.41668842017818,
        73.41668842017818,
        73.41668842017818,
        73.41668842017818,
        73.41668842017818,
        69.51747950100459,
        69.51747950100459,
        66.5942456749449,
        61.45298736247226,
        57.24978769568664,
        57.24978769568664,
        57.24978769568664,
        57.24978769568664,
        42.00084449438005,
        42.00084449438005,
        42.00084449438005,
        42.00084449438005,
        42.00084449438005,
        42.00084449438005,
        30.79970380339467,
        30.79970380339467,
        30.79970380339467,
        30.79970380339467,
        30.79970380339467,
        30.79970380339467,
        30.79970380339467,
        30.79970380339467,
        30.79970380339467,
        30.79970380339467,
        30.79970380339467,
        30.79970380339467,
        30.79970380339467,
        30.79970380339467,
        30.59335729978782,
        30.59335729978782,
        30.59335729978782,
        30.232662320858424,
        27.378823703798986,
        27.378823703798986,
        27.378823703798986,
        24.423162360330362,
        24.423162360330362,
        24.423162360330362,
        23.345632942639604,
        23.345632942639604,
        23.345632942639604,
        23.345632942639604,
        22.53789248539728,
        22.53789248539728,
        21.098078555449153,
        19.780414012618394,
        16.3933334021689,
        16.3933334021689,
        16.3933334021689,
        16.3933334021689,
        16.3933334021689,
        16.3933334021689,
        16.3933334021689,
        16.3933334021689,
        16.3933334021689,
        16.3933334021689,
        16.3933334021689,
        16.3933334021689,
        14.685951791591524,
        13.776177485654483,
        13.772912749358326,
        13.772912749358326,
        13.57850855485509,
        13.118305519330798,
        13.118305519330798,
        12.642354182206763,
        12.563963574016004,
        12.563963574016004,
        12.563963574016004,
        12.074467454249287,
        12.074467454249287,
        12.074467454249287,
        12.074467454249287,
        12.074467454249287,
        12.074467454249287,
        12.074467454249287,
        12.074467454249287,
        12.043572511416942,
        12.043572511416942,
        11.895657113722324,
        11.895657113722324,
        11.677836365444328,
        10.626737375277411,
        10.626737375277411,
        10.626737375277411,
        10.626737375277411,
        10.626737375277411,
        10.626737375277411,
        10.626737375277411,
        10.626737375277411,
        10.626737375277411,
        10.626737375277411,
        10.626737375277411,
        10.626737375277411,
        10.626737375277411,
        10.626737375277411,
        10.626737375277411,
        10.626737375277411,
        10.626737375277411,
        10.626737375277411,
        10.626737375277411,
        10.448585717231326,
        10.448585717231326,
        10.448585717231326,
        10.448585717231326,
        10.424189871476187,
        10.424189871476187,
        10.41367993106216,
        10.405171047806983,
        10.405171047806983,
        10.401915600311657,
        10.401915600311657,
        10.337621143690045,
        10.312231931339644,
        10.298573156007635,
        10.298573156007635,
        10.273501117314716,
        10.270938726096913,
        10.187200511682242,
        10.173130155081054,
        10.117914956530688,
        10.117270003710564,
        10.117270003710564,
        10.117270003710564,
        10.094631222703685,
        10.075666121616662,
        10.075666121616662,
        10.066909348235516,
        10.066909348235516,
        10.066909348235516,
        10.066909348235516,
        10.066909348235516,
        10.066909348235516,
        10.066909348235516,
        10.061602887518807,
        10.061602887518807,
        10.055366291240757,
        10.051084153682426,
        10.050741465279698,
        10.050741465279698,
        10.04966358445824,
        10.04595048835044,
        10.023052350671316,
        10.021009490323582,
        10.003510532489067,
        9.977851187956183,
        9.97688128810154,
        9.96628260848032,
        9.963165572459488,
        9.963165572459488,
        9.963165572459488,
        9.963165572459488,
        9.962646404159928,
        9.962016252586817,
        9.960180788542118,
        9.960180788542118,
        9.960180788542118,
        9.959310600944491,
        9.959310600944491,
        9.958309597608682,
        9.956558025322055,
        9.956558025322055,
        9.955550636193344,
        9.954539115067293,
        9.954146715641286,
        9.953934445444531,
        9.95387440945664,
        9.95387440945664,
        9.952863154552563,
        9.952863154552563,
        9.952511485218068,
        9.952511485218068,
        9.95169799129882,
        9.95169799129882,
        9.95169799129882,
        9.95169799129882,
        9.951595023617925,
        9.951595023617925,
        9.951298029051605,
        9.950558259164117,
        9.950558259164117,
        9.950430594599618,
        9.950338498074801,
        9.950338498074801,
        9.950338498074801,
        9.950324634925817,
        9.950290692146655,
        9.950290692146655,
        9.950051481716807,
        9.949966358198642,
        9.949966358198642,
        9.949966358198642,
        9.949941275930952,
        9.949876977058034,
        9.949876977058034,
        9.949876977058034,
        9.949868653578596,
        9.949860320650766,
        9.949851389680484,
        9.949737881502383,
        9.949721538510188,
        9.949721538510188,
        9.949682382342006,
        9.949682382342006,
        9.94966387985683,
        9.949655844261363,
        9.949655844261363,
        9.949628940735105,
        9.949628940735105,
        9.94961724302568,
        9.94961724302568,
        9.94961724302568,
        9.949613136250923,
        9.949613136250923,
        9.949609307531885,
        9.949609307531885,
        9.949609307531885,
        9.949601138204894,
        9.949600578850312,
        9.949600509488588,
        9.949596203094003,
        9.949596203094003,
        9.949596203094003,
        9.949596203094003,
        9.94959373555839,
        9.94959268918112,
        9.949592461306228,
        9.949589627258934,
        9.949589627258934,
        9.949589627258934,
        9.949588916315061,
        9.949588419129773,
        9.949588058076609,
        9.949588058076609,
        9.949588058076609,
        9.949587555584898,
        9.949587555584898,
        9.949587303830773,
        9.949587236852132,
        9.949587236852132,
        9.949586624824425,
        9.9495864913792,
        9.94958610966346,
        9.94958610966346,
        9.949585944698716,
        9.94958588954209,
        9.94958588954209,
        9.94958588954209,
        9.949585867968372,
        9.9495858291088,
        9.949585743625036,
        9.949585743625036,
        9.949585717561348,
        9.949585712656056,
        9.949585712656056,
        9.949585648860873,
        9.949585648860873,
        9.949585648860873,
        9.949585648860873,
        9.94958562587403,
        9.949585612726743,
