{
    "objective": "rastrigin",
    "evaluation_mode": null,
    "best_value": 4.974795354626796,
    "best_position": [
        -0.9949608869898214,
        8.172478106688231e-07,
        2.756449522111159e-06,
        6.547569783188264e-06,
        0.9949567375347392,
        0.9949633942448964,
        0.994950004256302,
        0.9949612125461705,
        -9.344084036096077e-06,
        -9.88692317249716e-06
    ],
    "elapsed_time_s": 0.0631029000505805,
    "iterations_completed": 500,
    "best_value_history": [
        118.03781783612412,
        99.75460069046517,
        99.75460069046517,
        99.75460069046517,
        99.75460069046517,
        99.75460069046517,
        99.75460069046517,
        99.75460069046517,
        99.75460069046517,
        99.75460069046517,
        97.39907935294022,
        97.39907935294022,
        86.5436260749611,
        69.74803205883997,
        69.74803205883997,
        69.74803205883997,
        69.74803205883997,
        69.74803205883997,
        68.29671177140426,
        68.29671177140426,
        61.90374861892844,
        61.90374861892844,
        61.90374861892844,
        61.90374861892844,
        61.90374861892844,
        61.90374861892844,
        61.90374861892844,
        61.90374861892844,
        61.90374861892844,
        61.90374861892844,
        61.90374861892844,
        61.90374861892844,
        61.90374861892844,
        61.90374861892844,
        61.90374861892844,
        55.906223891752546,
        55.906223891752546,
        55.906223891752546,
        55.906223891752546,
        55.906223891752546,
        55.906223891752546,
        55.906223891752546,
        49.121753927294606,
        49.121753927294606,
        49.121753927294606,
        42.285241826723905,
        42.285241826723905,
        42.285241826723905,
        42.285241826723905,
        42.285241826723905,
        42.285241826723905,
        42.285241826723905,
        41.71601640038279,
        41.71601640038279,
        36.54989795579019,
        36.54989795579019,
        36.54989795579019,
        36.54989795579019,
        36.54989795579019,
        34.5861207276498,
        34.5861207276498,
        29.504009764153516,
        29.504009764153516,
        29.504009764153516,
        29.504009764153516,
        29.504009764153516,
        29.504009764153516,
        29.504009764153516,
        29.504009764153516,
        22.328459664365234,
        22.328459664365234,
        22.328459664365234,
        22.328459664365234,
        16.90744169130799,
        16.90744169130799,
        16.90744169130799,
        16.90744169130799,
        16.90744169130799,
        16.90744169130799,
        16.90744169130799,
        16.90744169130799,
        16.90744169130799,
        16.90744169130799,
        16.90744169130799,
        16.90744169130799,
        16.825987509001983,
        16.825987509001983,
        16.825987509001983,
        16.825987509001983,
        16.825987509001983,
        16.825987509001983,
        14.993567426949742,
        14.703815493842848,
        14.703815493842848,
        14.703815493842848,
        14.48234518340882,
        13.88711758505063,
        13.88711758505063,
        13.506503961010907,
        13.506503961010907,
        13.506503961010907,
        13.506503961010907,
        12.999969908661978,
        12.79159019074543,
        12.651603085133678,
        12.651603085133678,
        12.644465100568935,
        12.445996837963493,
        12.445996837963493,
        12.445996837963493,
        12.201281968133047,
        12.201281968133047,
        12.201281968133047,
        12.166697675979766,
        12.166697675979766,
        12.166697675979766,
        12.133594265794851,
        12.133594265794851,
        12.129864479338618,
        12.099884144137869,
        12.067453869074562,
        11.359601921855951,
        11.359601921855951,
        11.341830001580991,
        11.341830001580991,
        11.341830001580991,
        11.341830001580991,
        11.341830001580991,
        11.269162870953533,
        11.269162870953533,
        11.269162870953533,
        11.269162870953533,
        11.269162870953533,
        11.269162870953533,
        11.221529541295622,
        11.221529541295622,
        11.200166885249708,
        11.200166885249708,
        11.200166885249708,
        11.200166885249708,
        11.200166885249708,
        11.199561518516932,
        11.199561518516932,
        11.138287044197154,
        11.089829672210357,
        11.075576627348692,
        11.075576627348692,
        11.055824780364347,
        11.049866643357879,
        11.049866643357879,
        11.049866643357879,
        11.049203017392419,
        11.047694654552306,
        11.047694654552306,
        11.047694654552306,
        11.046533812132022,
        11.04650900568919,
        11.04650900568919,
        11.04650900568919,
        11.039087417225957,
        11.03247905402219,
        11.023424682919279,
        11.01792796182612,
        11.006459121585026,
        11.00025151550552,
        10.995373072833525,
        10.980732542123363,
        10.976850770399937,
        10.963298604286209,
        10.963243145656685,
        10.954832012451917,
        10.953532154935633,
        10.950258066211749,
        10.950258066211749,
        10.949962209239487,
        10.949962209239487,
        10.949962209239487,
        10.949025452582475,
        10.949025452582475,
        10.948276078931139,
        10.947641103961011,
        10.947641103961011,
        10.946819486271394,
        10.946819486271394,
        10.946657369775666,
        10.946657369775666,
        10.946620324609295,
        10.946350091081568,
        10.945943456153836,
        10.945269317835562,
        10.945269317835562,
        10.945141145665184,
        10.94486854024396,
        10.94486854024396,
        10.94486854024396,
        10.94486854024396,
        10.944858453681796,
        10.944830843267647,
        10.944830843267647,
        10.94479272155321,
        10.944762837776526,
        10.944665726208246,
        10.944665726208246,
        10.944665726208246,
        10.944665726208246,
        10.944636673791997,
        10.944636673791997,
        10.944634505067109,
        10.944628625613733,
        10.944628625613733,
        10.944628608402914,
        10.94461885235434,
        10.944590042000126,
        10.944590042000126,
        10.944573690375345,
        10.944571894632269,
        10.944566247028542,
        10.944562582848127,
        10.944558648534771,
        10.944557492071269,
        10.94455277586984,
        10.944550116097703,
        10.944550116097703,
        10.944549572886817,
        10.944547842339365,
        10.944547842339365,
        10.944547842339365,
        10.944547842339365,
        10.944547001909124,
        10.944546920395185,
        10.944546920395185,
        10.944546920395185,
        10.944546356721645,
        10.944546356721645,
        10.944545648625805,
        10.944545636027478,
        10.944545636027478,
        10.944545485763225,
        10.944545485763225,
        10.944545223583058,
        10.944545010784179,
        10.944544932817731,
        10.944544801947236,
        10.944544787499488,
        10.944544787499488,
        10.944544787499488,
        10.944544774609055,
        10.944544774609055,
        10.94454476564178,
        10.944544756652595,
        10.944544756652595,
        10.94454474726714,
        10.944544713204886,
        10.944544713204886,
        10.944544713204886,
        10.94454470326103,
        10.944544690319193,
        10.944544690319193,
        10.944544690319193,
        10.944544687582416,
        10.944544685947074,
        10.944544667103225,
        10.944544650859644,
        10.94454462186424,
        10.944544610879152,
        10.944544609193862,
        10.944544609193862,
        10.944544609193862,
        10.9445446059083,
