{
    "objective_name": "ackley",
    "num_runs": 5,
    "mean_best_value": 1.390759681827447e-05,
    "std_best_value": 9.297416865969054e-06,
    "min_best_value": 1.9518287932562828e-06,
    "max_best_value": 2.9799818019871083e-05,
    "mean_elapsed_time_s": 0.27682274000253526,
    "std_elapsed_time_s": 0.00903424932720361,
    "mean_iterations": 100.0,
    "min_iterations": 100,
    "max_iterations": 100,
    "evaluation_mode": "multiprocessing"
}