{
    "objective_name": "rosenbrock",
    "num_runs": 5,
    "mean_best_value": 8.976775483757643e-05,
    "std_best_value": 0.00017080651186301738,
    "min_best_value": 1.385375552514189e-08,
    "max_best_value": 0.00043112098264938006,
    "mean_elapsed_time_s": 0.26882970000151546,
    "std_elapsed_time_s": 0.004349508720438549,
    "mean_iterations": 100.0,
    "min_iterations": 100,
    "max_iterations": 100,
    "evaluation_mode": "multiprocessing"
}