{
    "objective": "rastrigin",
    "evaluation_mode": "multiprocessing",
    "best_value": 7.2001604166758,
    "best_position": [
        -1.0076575454458117,
        -0.9861028409820687,
        -0.9859604145418261,
        0.008573201993145246,
        0.0036710093239646856,
        1.0008086297684977,
        0.9714622895603857,
        1.0028048125588007,
        -0.0069848141784059,
        -1.0041741586887145
    ],
    "elapsed_time_s": 0.23297690006438643,
    "iterations_completed": 100,
    "best_value_history": [
        111.74009410728787,
        111.74009410728787,
        102.74005057649127,
        102.74005057649127,
        93.57957920262541,
        93.57957920262541,
        93.57957920262541,
        93.57957920262541,
        93.57957920262541,
        93.57957920262541,
        90.19362088930913,
        90.19362088930913,
        90.19362088930913,
        87.56026718728835,
        87.56026718728835,
        87.56026718728835,
        87.56026718728835,
        87.56026718728835,
        87.56026718728835,
        87.56026718728835,
        87.56026718728835,
        87.56026718728835,
        87.56026718728835,
        87.02839647123099,
        87.02839647123099,
        70.92190309705524,
        70.92190309705524,
        70.92190309705524,
        70.92190309705524,
        70.92190309705524,
        70.92190309705524,
        70.92190309705524,
        70.92190309705524,
        46.63915477853603,
        46.63915477853603,
        46.63915477853603,
        44.1207988609582,
        44.1207988609582,
        44.1207988609582,
        44.1207988609582,
        44.1207988609582,
        44.1207988609582,
        44.1207988609582,
        44.1207988609582,
        44.1207988609582,
        44.1207988609582,
        44.1207988609582,
        44.1207988609582,
        36.55946111840872,
        31.76927458289464,
        31.76927458289464,
        31.76927458289464,
        31.76927458289464,
        31.76927458289464,
        31.76927458289464,
        31.76927458289464,
        24.829984284287676,
        24.829984284287676,
        24.829984284287676,
        18.5092318582728,
        18.5092318582728,
        18.5092318582728,
        15.375670188640981,
        15.375670188640981,
        15.375670188640981,
        15.375670188640981,
        15.375670188640981,
        10.93662308483708,
        10.93662308483708,
        10.93662308483708,
        10.93662308483708,
        10.93662308483708,
        10.481073346212114,
        10.481073346212114,
        10.481073346212114,
        9.239036051618058,
        9.239036051618058,
        8.021900747628052,
        8.021900747628052,
        7.942943617907858,
        7.90343909553674,
        7.852412572809641,
        7.852412572809641,
        7.587943712623471,
        7.587943712623471,
        7.4733651096372,
        7.4733651096372,
        7.4733651096372,
        7.3611498074977675,
        7.3611498074977675,
        7.3611498074977675,
        7.3611498074977675,
        7.241732947612562,
        7.241732947612562,
        7.241732947612562,
        7.241732947612562,
        7.241732947612562,
        7.226295258761567,
        7.2001604166758,
        7.2001604166758
    ],
    "timing_stats": {
        "total_time_s": 0.23297130002174526,
        "fitness_time_s": 0.22794639959465712,
        "velocity_update_time_s": 0.0019091994035989046,
        "position_update_time_s": 0.0007635998772457242
    },
    "config": {
        "num_particles": 30,
        "dimensions": 10,
        "max_iterations": 100,
        "inertia_weight": 0.7,
        "cognitive_coefficient": 1.5,
        "social_coefficient": 1.5,
        "seed": 4,
        "tolerance": 0.0,
        "stagnation_patience": null,
        "track_history": true
    }
}