{
    "objective": "ackley",
    "evaluation_mode": null,
    "best_value": 15.208363769029562,
    "best_position": [
        0.9981296819655833,
        -0.9988250848502008,
        -5.993443449106592,
        6.99041471336123,
        1.9984819492572141,
        5.992964671621767,
        32.768,
        4.994975939274756,
        -0.9991014888049179,
        -5.181620807829168e-05,
        3.9949180142105427,
        -5.992626877359966,
        -0.9987110789345773,
        0.0008305313335944754,
        -0.9970991039474817,
        -1.9987502233781655,
        0.9972334214756894,
        7.130807730359899e-05,
        7.987119383615543,
        -7.986646878969981,
        0.998983579877161,
        -2.9969936927504173,
        0.9993364391878455,
        3.9946426317202737,
        -5.991811002317817,
        -0.9984950781767074,
        0.9989286552229912,
        -1.0005285988638795,
        -3.9952625585950647,
        -0.9879657397742289
    ],
    "elapsed_time_s": 0.08284349995665252,
    "iterations_completed": 500,
    "best_value_history": [
        20.620629348017726,
        20.620629348017726,
        20.6014437678315,
        20.421412376825398,
        20.421412376825398,
        20.408660945659232,
        20.408660945659232,
        20.408660945659232,
        20.312955266188904,
        20.312955266188904,
        20.224107221996356,
        19.82544150359369,
        19.411880061718254,
        19.411880061718254,
        19.411880061718254,
        19.411880061718254,
        19.411880061718254,
        19.411880061718254,
        19.411880061718254,
        19.253646826694226,
        19.154932370624955,
        19.154932370624955,
        19.154932370624955,
        19.154932370624955,
        19.154932370624955,
        19.010824561887574,
        19.010824561887574,
        18.990781055802124,
        18.990781055802124,
        18.990781055802124,
        18.80354702680556,
        18.49983319461389,
        18.49983319461389,
        17.9788901017967,
        17.9788901017967,
        17.9788901017967,
        17.9788901017967,
        17.9788901017967,
        17.9788901017967,
        17.9788901017967,
        17.9788901017967,
        17.9788901017967,
        17.9788901017967,
        17.9788901017967,
        17.9788901017967,
        17.9788901017967,
        17.9788901017967,
        17.9788901017967,
        17.9788901017967,
        17.9788901017967,
        17.9788901017967,
        17.9788901017967,
        17.9788901017967,
        17.893365442519187,
        17.893365442519187,
        17.69755684566256,
        17.69755684566256,
        17.69755684566256,
        17.69755684566256,
        17.69755684566256,
        17.69755684566256,
        17.69755684566256,
        17.69755684566256,
        17.69755684566256,
        17.618692471907618,
        17.618692471907618,
        17.530926998825635,
        17.530926998825635,
        17.530926998825635,
        17.530926998825635,
        17.530926998825635,
        17.530926998825635,
        17.530926998825635,
        17.530926998825635,
        17.530926998825635,
        17.530926998825635,
        17.530926998825635,
        17.530926998825635,
        17.5301812075857,
        17.5301812075857,
        17.400558579953476,
        17.399911215179724,
        17.399911215179724,
        17.399911215179724,
        17.39348711747014,
        17.39348711747014,
        17.39348711747014,
        17.341094960894182,
        17.341094960894182,
        17.341094960894182,
        17.341094960894182,
        17.226581250383397,
        16.975806917170942,
        16.728202776099522,
        16.685649273240593,
        16.540391111840343,
        16.540391111840343,
        16.540391111840343,
        16.540391111840343,
        16.540391111840343,
        16.4059830360815,
        16.39928825425426,
        16.39928825425426,
        16.39928825425426,
        16.39928825425426,
        16.39928825425426,
        16.39928825425426,
        16.308362472077324,
        16.308362472077324,
        16.308362472077324,
        16.308362472077324,
        16.308362472077324,
        16.25965799628862,
        16.25965799628862,
        16.25965799628862,
        16.25965799628862,
        16.25965799628862,
        16.25965799628862,
        16.236366506707498,
        16.18999773134935,
        16.18999773134935,
        16.18999773134935,
        16.18999773134935,
        16.18999773134935,
        16.18999773134935,
        16.18999773134935,
        16.18999773134935,
        16.185443443379373,
        16.185443443379373,
        16.13859983602956,
        16.13859983602956,
        16.13859983602956,
        16.13859983602956,
        16.13859983602956,
        16.126327147185393,
        16.126327147185393,
        15.956759796027981,
        15.92304686420726,
        15.92304686420726,
        15.900036725200742,
        15.900036725200742,
        15.900036725200742,
        15.79400140633807,
        15.79400140633807,
        15.79400140633807,
        15.79400140633807,
        15.79400140633807,
        15.79400140633807,
        15.79400140633807,
        15.79400140633807,
        15.792727443979393,
        15.792727443979393,
        15.782693215949346,
        15.782693215949346,
        15.782693215949346,
        15.7771592840474,
        15.7771592840474,
        15.753162612580352,
        15.700691287708871,
        15.699257889093715,
        15.67825261737973,
        15.67825261737973,
        15.67825261737973,
        15.67825261737973,
        15.64305192361539,
        15.64305192361539,
        15.635991494484959,
        15.635991494484959,
        15.615697350704707,
        15.615697350704707,
        15.615697350704707,
        15.603229366986335,
        15.603229366986335,
        15.60005240907388,
        15.60005240907388,
        15.60005240907388,
        15.586886011510797,
        15.586886011510797,
        15.579682867834938,
        15.571451262444652,
        15.567293460566004,
        15.56306460333641,
        15.542539721536563,
        15.533076884404483,
        15.520752811392871,
        15.520008456731,
        15.513832084911318,
        15.499053136874277,
        15.498175221361334,
        15.478048998807118,
        15.478048998807118,
        15.478048998807118,
        15.466173299755232,
        15.46163664900717,
        15.459096029480643,
        15.456147068040504,
        15.454069958970724,
        15.4517230288768,
        15.451489048074723,
        15.451489048074723,
        15.451489048074723,
        15.451489048074723,
        15.448405141495538,
        15.446904397685275,
        15.445139841606004,
        15.440409592593628,
        15.431830283309306,
        15.424863244754308,
        15.417570127432883,
        15.407869507543248,
        15.396287813540548,
        15.379425526144145,
        15.362767240417902,
        15.344211533745671,
        15.337035436206289,
        15.32065305289286,
        15.32065305289286,
        15.317283843289935,
        15.317283843289935,
        15.317283843289935,
        15.313492867615306,
        15.312986685074554,
        15.310997868342278,
        15.310997868342278,
        15.308786981942507,
        15.308786981942507,
        15.30745504379001,
        15.305775499048371,
        15.302942728927974,
        15.300318930397541,
        15.298092570523695,
        15.29777538021326,
        15.296342219695871,
        15.294198802013113,
        15.293304788854986,
        15.290245386968904,
        15.289206450750562,
        15.289206450750562,
        15.28766006838037,
        15.286857700021276,
        15.284275507070905,
        15.283362624538352,
        15.282956480892555,
        15.282567073405913,
        15.280923650995664,
        15.279678036448727,
        15.278826546781577,
        15.277350852852607,
        15.275461285447289,
        15.274125668151337,
        15.273322852084643,
