{
    "objective": "ackley",
    "evaluation_mode": null,
    "best_value": 1.5017558843085017,
    "best_position": [
        -0.00030044361126454,
        0.00026156394398794784,
        -8.1560149793234e-05,
        0.00018818980488984912,
        3.603012015951095e-05,
        0.0005424758368365119,
        0.000160724218066379,
        -7.56458078313173e-05,
        -0.00010658332179791627,
        -8.88791694524082e-05,
        -0.00033229006495407495,
        6.80129200226983e-05,
        -9.627896587270174e-05,
        -0.9071445808051626,
        0.00018374350059851007,
        -0.0002201486359833236,
        -0.0003485467536590051,
        2.7795000123683074e-05,
        -0.00014464908797735343,
        0.9080674410219687,
        -0.9082875812209962,
        -8.79401495223327e-05,
        -0.0003259934737106321,
        -0.001635138580977189,
        0.00015710108492643628,
        -0.0004564449312436612,
        -0.0003751146921055608,
        0.9078170449776103,
        -0.9082708409061804,
        0.00017238453919543158
    ],
    "elapsed_time_s": 0.07631699997000396,
    "iterations_completed": 500,
    "best_value_history": [
        19.88929727767363,
        19.88929727767363,
        19.88929727767363,
        19.844608078073236,
        19.464715188574583,
        19.464715188574583,
        19.3536788000994,
        19.11561022731293,
        18.933639249906296,
        18.86967724317209,
        18.070753717351145,
        18.070753717351145,
        18.070753717351145,
        18.070753717351145,
        17.867989257356456,
        17.867989257356456,
        17.867989257356456,
        17.78635342176167,
        17.605860903336957,
        17.605860903336957,
        17.30601129146494,
        17.005663936262977,
        16.6924109349476,
        16.6924109349476,
        16.675539666282166,
        16.156308458564382,
        16.101653100546326,
        16.101653100546326,
        15.931024009482224,
        15.751515679210687,
        15.751515679210687,
        15.751515679210687,
        15.46271812040901,
        15.309547236530458,
        15.07796639622249,
        15.07796639622249,
        15.051285483166016,
        14.863761060081703,
        14.863761060081703,
        14.863761060081703,
        14.863761060081703,
        14.54653080836237,
        14.54653080836237,
        14.54653080836237,
        14.54653080836237,
        14.19365884200149,
        14.19365884200149,
        14.19365884200149,
        14.19365884200149,
        14.19365884200149,
        13.898015666727515,
        13.368641251681549,
        13.368641251681549,
        13.195489582955325,
        13.098293273995703,
        13.06615635499177,
        13.06615635499177,
        12.982986931384515,
        12.860081508710543,
        12.524854573096178,
        12.26042714752445,
        11.957011433843759,
        11.957011433843759,
        11.957011433843759,
        11.578004308597853,
        10.902249757980975,
        10.902249757980975,
        10.902249757980975,
        10.902249757980975,
        10.661705702775281,
        10.500328533155441,
        10.500328533155441,
        10.172942481547103,
        10.172942481547103,
        10.172942481547103,
        9.87916978757665,
        9.87916978757665,
        9.87916978757665,
        9.724801120365418,
        9.684312167592834,
        9.253740021797936,
        8.953897968334651,
        8.582544552283094,
        8.116190167241935,
        7.782703337816272,
        7.782703337816272,
        7.427153329479371,
        7.427153329479371,
        7.427153329479371,
        7.20529630940646,
        7.080568868765136,
        6.9145371348208755,
        6.262483202968159,
        6.118422845311372,
        6.041923234749433,
        5.81113582964225,
        5.81113582964225,
        5.81113582964225,
        5.81113582964225,
        5.7287574825334175,
        5.7287574825334175,
        5.542667261509848,
        5.542667261509848,
        5.30735468137285,
        5.30735468137285,
        5.30735468137285,
        5.179678454458099,
        5.179678454458099,
        5.179678454458099,
        5.179678454458099,
        5.153182299290457,
        5.115076860909451,
        5.002043206483531,
        5.002043206483531,
        5.002043206483531,
        5.002043206483531,
        4.937476966890063,
        4.937476966890063,
        4.794576159919583,
        4.758930260158529,
        4.758930260158529,
        4.516378849545806,
        4.516378849545806,
        4.516378849545806,
        4.516378849545806,
        4.516378849545806,
        4.516378849545806,
        4.4732211803204684,
        4.428348685433008,
        3.970814338103971,
        3.970814338103971,
        3.763308024493359,
        3.763308024493359,
        3.6653709363883675,
        3.661278011182461,
        3.661278011182461,
        3.4489071986341036,
        3.4489071986341036,
        3.4489071986341036,
        3.4489071986341036,
        3.4489071986341036,
        3.429452502602761,
        3.3849238505896335,
        3.2587735066847583,
        3.1402718986374265,
        2.9438073177442914,
        2.840762173870225,
        2.840762173870225,
        2.840762173870225,
        2.840762173870225,
        2.840762173870225,
        2.6951283492192855,
        2.6860817889529334,
        2.593521526422205,
        2.5471132755626518,
        2.533113877076602,
        2.491560989701466,
        2.491560989701466,
        2.491560989701466,
        2.40917050008833,
        2.4070560821025926,
        2.3639665440601516,
        2.3639665440601516,
        2.296501993283315,
        2.292575670560638,
        2.2883711882200726,
        2.2684020630851163,
        2.1663832864249213,
        2.1463069540183537,
        2.1135175755328004,
        2.1135175755328004,
        2.1135175755328004,
        2.1135175755328004,
        2.0926017460943354,
        2.082616968926033,
        2.0634455120993818,
        2.0634455120993818,
        2.0552750112024687,
        2.0552750112024687,
        2.0552750112024687,
        2.03982205230658,
        2.03982205230658,
        2.031638991551429,
        2.0277423639604533,
        2.01836095815677,
        2.01836095815677,
        2.012874543383902,
        2.0107496407188923,
        2.0030455469446093,
        2.0030455469446093,
        2.0021327754229685,
        2.000880460284009,
        1.8920668059958357,
        1.8920668059958357,
        1.8920668059958357,
        1.873705129347059,
        1.8568054710639328,
        1.8527167505224367,
        1.8527167505224367,
        1.8527167505224367,
        1.8527167505224367,
        1.852080668706638,
        1.8430587449067208,
        1.8334859886333992,
        1.8075091092945397,
        1.8075091092945397,
        1.795733221771187,
        1.795733221771187,
        1.7928155319406405,
        1.7912724301489331,
        1.7912724301489331,
        1.707688884265615,
        1.669175668540675,
        1.6642634297032761,
        1.6642634297032761,
        1.654788012842602,
        1.652993125396279,
        1.652993125396279,
        1.652993125396279,
        1.6447969587514035,
        1.6447969587514035,
        1.6423933142325642,
        1.6423933142325642,
        1.6395552528335426,
        1.634000519473926,
        1.6331886968247997,
        1.6318031163005853,
        1.6318031163005853,
        1.6318031163005853,
        1.6271923172823937,
        1.6228778402419874,
        1.6178042171898146,
        1.610008164655842,
        1.6075206382568195,
        1.6053353435781017,
        1.60131508662634,
        1.6011171353166174,
        1.6011171353166174,
        1.6011171353166174,
        1.6003435966119999,
        1.6003435966119999,
        1.5952949975561599,
        1.5918873515403118,
        1.591280331481578,
        1.5868970664093287,
        1.5868970664093287,
        1.5859533060699431,
        1.5846447603170124,
        1.5803795966314458,
