{
    "objective": "ackley",
    "evaluation_mode": null,
    "best_value": 5.7287574825334175,
    "best_position": [
        0.3894386158718858,
        -0.05022240878995479,
        0.7929640527881631,
        -0.5849130249758541,
        -1.0446160496917924,
        -0.9593566394396188,
        -0.8324127713731984,
        -0.5540680571800736,
        0.9711489087088293,
        2.205121746998567,
        0.17147639971778475,
        0.8197526253805453,
        1.0906862095779344,
        -1.800209485476708,
        -1.0384652365807698,
        -0.11753982397534829,
        -0.6810993097306919,
        -3.6048632683819313,
        -1.7100252628147672,
        0.9573651758868981,
        -0.7699402893193635,
        0.3718057414529663,
        -0.16712699617886617,
        1.5925301778874668,
        -0.5996783159174307,
        -0.1678078632104829,
        -1.1360313324731717,
        0.5950257374429427,
        -1.168397410300827,
        0.589767379412856
    ],
    "elapsed_time_s": 0.01588859996991232,
    "iterations_completed": 100,
    "best_value_history": [
        19.88929727767363,
        19.88929727767363,
        19.88929727767363,
        19.844608078073236,
        19.464715188574583,
        19.464715188574583,
        19.3536788000994,
        19.11561022731293,
        18.933639249906296,
        18.86967724317209,
        18.070753717351145,
        18.070753717351145,
        18.070753717351145,
        18.070753717351145,
        17.867989257356456,
        17.867989257356456,
        17.867989257356456,
        17.78635342176167,
        17.605860903336957,
        17.605860903336957,
        17.30601129146494,
        17.005663936262977,
        16.6924109349476,
        16.6924109349476,
        16.675539666282166,
        16.156308458564382,
        16.101653100546326,
        16.101653100546326,
        15.931024009482224,
        15.751515679210687,
        15.751515679210687,
        15.751515679210687,
        15.46271812040901,
        15.309547236530458,
        15.07796639622249,
        15.07796639622249,
        15.051285483166016,
        14.863761060081703,
        14.863761060081703,
        14.863761060081703,
        14.863761060081703,
        14.54653080836237,
        14.54653080836237,
        14.54653080836237,
        14.54653080836237,
        14.19365884200149,
        14.19365884200149,
        14.19365884200149,
        14.19365884200149,
        14.19365884200149,
        13.898015666727515,
        13.368641251681549,
        13.368641251681549,
        13.195489582955325,
        13.098293273995703,
        13.06615635499177,
        13.06615635499177,
        12.982986931384515,
        12.860081508710543,
        12.524854573096178,
        12.26042714752445,
        11.957011433843759,
        11.957011433843759,
        11.957011433843759,
        11.578004308597853,
        10.902249757980975,
        10.902249757980975,
        10.902249757980975,
        10.902249757980975,
        10.661705702775281,
        10.500328533155441,
        10.500328533155441,
        10.172942481547103,
        10.172942481547103,
        10.172942481547103,
        9.87916978757665,
        9.87916978757665,
        9.87916978757665,
        9.724801120365418,
        9.684312167592834,
        9.253740021797936,
        8.953897968334651,
        8.582544552283094,
        8.116190167241935,
        7.782703337816272,
        7.782703337816272,
        7.427153329479371,
        7.427153329479371,
        7.427153329479371,
        7.20529630940646,
        7.080568868765136,
        6.9145371348208755,
        6.262483202968159,
        6.118422845311372,
        6.041923234749433,
        5.81113582964225,
        5.81113582964225,
        5.81113582964225,
        5.81113582964225,
        5.7287574825334175
    ],
    "config": {
        "num_particles": 30,
        "dimensions": 30,
        "max_iterations": 100,
        "inertia_weight": 0.7,
        "cognitive_coefficient": 1.5,
        "social_coefficient": 1.5,
        "seed": 0,
        "tolerance": 0.0,
        "stagnation_patience": null,
        "track_history": true
    }
}