{
    "objective": "ackley",
    "evaluation_mode": null,
    "best_value": 6.51425038843605,
    "best_position": [
        -0.10179855205539678,
        1.3565424389362206,
        -1.3533203765893926,
        2.1664868936220296,
        0.37194178349289964,
        1.1942627898957514,
        -4.777650007015068,
        -0.5318061829880094,
        0.8135046057955756,
        -0.1857397034637427,
        1.0473054656308685,
        0.5101453257015628,
        -0.6850149524895361,
        0.8819431059349101,
        0.11027998037439732,
        -2.0874657535823307,
        0.2751832250331694,
        0.5834251062889944,
        -2.1968402918616956,
        -0.7685087150217389,
        -1.1379588792418045,
        0.7785084587421292,
        -1.7203736842136659,
        0.6378714563906764,
        -0.9110407655073534,
        0.392337456848309,
        -1.9557561083646138,
        -0.7676690133243782,
        -0.9349214068176481,
        0.5340124795081267
    ],
    "elapsed_time_s": 0.016205199994146824,
    "iterations_completed": 100,
    "best_value_history": [
        20.059588963886977,
        20.059588963886977,
        20.059588963886977,
        20.024248797699318,
        19.772828272413523,
        19.772828272413523,
        19.772828272413523,
        19.772828272413523,
        19.772828272413523,
        19.772828272413523,
        19.588251379459745,
        19.588251379459745,
        19.588251379459745,
        19.574056210539833,
        19.56010926685387,
        19.53392348496216,
        19.181809278465277,
        19.181809278465277,
        19.181809278465277,
        19.181809278465277,
        18.880648638370353,
        18.880648638370353,
        18.880648638370353,
        18.58127453861187,
        18.50353839778132,
        18.50353839778132,
        18.50353839778132,
        18.50353839778132,
        18.50353839778132,
        18.26019602288887,
        18.26019602288887,
        18.26019602288887,
        18.199083859483068,
        18.199083859483068,
        17.94716245312338,
        17.601476954322063,
        17.601476954322063,
        17.601476954322063,
        17.601476954322063,
        17.601476954322063,
        17.601476954322063,
        17.601476954322063,
        17.601476954322063,
        17.601476954322063,
        17.601476954322063,
        17.456467734826383,
        17.456467734826383,
        17.25843747578855,
        17.08061504345864,
        17.06031214271977,
        16.8454518606866,
        16.72040642375277,
        16.60391581848779,
        16.10144614694383,
        15.356496183300859,
        15.14729196236704,
        14.778096880992308,
        14.291932745503107,
        13.926269815036896,
        13.125947503188579,
        12.705893792457111,
        10.98371090315681,
        10.98371090315681,
        10.98371090315681,
        10.932013263692093,
        10.710051784755962,
        10.710051784755962,
        10.65863175211491,
        10.404683101721304,
        10.36140946654263,
        10.36140946654263,
        10.36140946654263,
        10.184746247572726,
        9.988870272811374,
        9.840571531646171,
        9.840571531646171,
        9.38713301443584,
        9.141695959900678,
        9.141695959900678,
        9.141695959900678,
        8.713308430671598,
        8.713308430671598,
        8.271463448259636,
        8.271463448259636,
        8.271463448259636,
        8.091525336783267,
        7.927476944320494,
        7.927476944320494,
        7.927476944320494,
        7.927476944320494,
        7.656364447614608,
        7.379905834520688,
        7.3580690007640435,
        7.131135505656172,
        6.941762544964556,
        6.782190529484904,
        6.782190529484904,
        6.782190529484904,
        6.6406682741965355,
        6.51425038843605
    ],
    "timing_stats": {
        "total_time_s": 0.01619970001047477,
        "fitness_time_s": 0.014180199999827892,
        "velocity_update_time_s": 0.0010179000091738999,
        "position_update_time_s": 0.0005116999382153153
    },
    "config": {
        "num_particles": 30,
        "dimensions": 30,
        "max_iterations": 100,
        "inertia_weight": 0.7,
        "cognitive_coefficient": 1.5,
        "social_coefficient": 1.5,
        "seed": 2,
        "tolerance": 0.0,
        "stagnation_patience": null,
        "track_history": true
    }
}