{
    "objective": "ackley",
    "evaluation_mode": null,
    "best_value": 7.933188355764784,
    "best_position": [
        -3.7233079056711262,
        1.3063020899722995,
        -3.037222684990229,
        2.6716185745498957,
        -0.8197440064477461,
        0.9028107990453105,
        0.5558828876041664,
        0.6482555274296068,
        1.0759710127884534,
        -0.8849052188947881,
        -2.70437450104224,
        -0.4618269118664491,
        -0.501743309976267,
        2.1463539243519603,
        -0.32402124904093044,
        2.035999602261853,
        -0.665535131078715,
        -1.5758099642692598,
        2.2962274951616757,
        -1.3957327220132436,
        -2.5414712405374753,
        -1.592252508430904,
        1.5771399440517098,
        1.5366903438557558,
        -2.073771113278525,
        -0.7309232616965853,
        0.9539096659196282,
        -0.11462322529798857,
        3.925702079950293,
        -1.99030502003097
    ],
    "elapsed_time_s": 0.015433000051416457,
    "iterations_completed": 100,
    "best_value_history": [
        19.637680753915074,
        19.637680753915074,
        19.637680753915074,
        19.542834809467717,
        18.758436251244348,
        18.758436251244348,
        18.758436251244348,
        18.758436251244348,
        18.711181652025004,
        18.656131962816495,
        18.329891770988652,
        18.329891770988652,
        18.315381542095988,
        18.315381542095988,
        18.315381542095988,
        18.06863407925544,
        18.06863407925544,
        18.06863407925544,
        17.81559053776788,
        17.813742209474164,
        17.45496332548475,
        17.042562401076832,
        17.042562401076832,
        16.514767247547827,
        16.39045428459845,
        16.385689780472784,
        16.385689780472784,
        16.385689780472784,
        16.053498037843113,
        16.053498037843113,
        16.022780802401467,
        15.640696604766958,
        15.634871813066773,
        15.634871813066773,
        15.07207240322475,
        14.712229643290213,
        14.712229643290213,
        14.712229643290213,
        14.651776144069967,
        14.651776144069967,
        14.651776144069967,
        14.543519063341117,
        13.53508384866282,
        13.53508384866282,
        13.53508384866282,
        13.53508384866282,
        13.53508384866282,
        13.53508384866282,
        13.134927747857146,
        12.682790278756569,
        12.682790278756569,
        12.682790278756569,
        12.523671901163514,
        12.306721391597266,
        12.306721391597266,
        12.282580265161151,
        12.115096380701717,
        11.876472052781837,
        11.834570908852879,
        11.773546965773294,
        11.412756626982352,
        11.412756626982352,
        11.412756626982352,
        11.38713163077908,
        10.944957274398574,
        10.944957274398574,
        10.944957274398574,
        10.944957274398574,
        10.812766487770407,
        10.693932676867037,
        10.693932676867037,
        10.693932676867037,
        10.646826613135833,
        10.646826613135833,
        10.646826613135833,
        10.646826613135833,
        10.606429874967468,
        10.482863364820972,
        10.451450089731129,
        10.412448007981752,
        10.383321083749742,
        10.192894810394058,
        10.192894810394058,
        10.192894810394058,
        10.192894810394058,
        10.169769587180902,
        10.137042905581568,
        10.034778678505843,
        9.81042544027749,
        9.586273642282741,
        9.533239972098901,
        9.301072584394554,
        9.29357624928915,
        9.107186249847963,
        9.012983346466479,
        8.699873230636639,
        8.699873230636639,
        8.591674626936022,
        8.338393312440544,
        7.933188355764784
    ],
    "timing_stats": {
        "total_time_s": 0.015429800027050078,
        "fitness_time_s": 0.013643500278703868,
        "velocity_update_time_s": 0.0008645998314023018,
        "position_update_time_s": 0.0004748001811094582
    },
    "config": {
        "num_particles": 30,
        "dimensions": 30,
        "max_iterations": 100,
        "inertia_weight": 0.7,
        "cognitive_coefficient": 1.5,
        "social_coefficient": 1.5,
        "seed": 1,
        "tolerance": 0.0,
        "stagnation_patience": null,
        "track_history": true
    }
}