{
    "objective": "sphere",
    "evaluation_mode": null,
    "best_value": 0.5592206112095416,
    "best_position": [
        0.12341105452429482,
        0.053293971715309536,
        -0.028218577680836354,
        -0.1076081871506683,
        -0.2854957571162525,
        -0.12894322558914056,
        -0.31583865192540284,
        -0.20868315395091883,
        -0.014081330937915193,
        0.15202875460515944,
        -0.05974430379902875,
        0.21144711505400382,
        -0.2623912886086014,
        0.019661853226997195,
        -0.04725923464566516,
        -0.16525872953642606,
        -0.11607891786069434,
        -0.08502981711470975,
        0.011798725447932729,
        -0.018560923953798318,
        -0.11489497405127017,
        -0.08914276727531395,
        -0.03659120863062036,
        -0.07407283125795425,
        0.10381693552428661,
        -0.20883712168081348,
        -0.011506206427820883,
        0.08583910043458251,
        -0.04237146810666376,
        0.06418210952294223
    ],
    "elapsed_time_s": 0.0417876000283286,
    "iterations_completed": 100,
    "best_value_history": [
        95.87012336305918,
        95.87012336305918,
        95.87012336305918,
        95.87012336305918,
        95.87012336305918,
        82.80622058348422,
        75.82611230798979,
        75.60992273475065,
        75.60992273475065,
        71.96437842888713,
        71.5595293450159,
        68.04679523903924,
        62.57835996474169,
        62.57835996474169,
        51.21508946659986,
        51.21508946659986,
        45.765382781268755,
        45.765382781268755,
        42.240865627437614,
        40.403534118345256,
        35.387139008013456,
        34.323792297950085,
        34.323792297950085,
        32.69246103650044,
        32.188937215209215,
        30.167912371027633,
        30.167912371027633,
        28.878880858222754,
        26.28853901166252,
        23.279158046993526,
        22.608112907977556,
        21.34863202226876,
        19.864988688322345,
        19.864988688322345,
        19.85294637342523,
        19.85294637342523,
        19.715997659193473,
        19.28831957355124,
        16.02984646016667,
        15.949002259600103,
        14.520888047672942,
        14.100436702959934,
        13.285615780707015,
        12.154258058899604,
        11.049160390024673,
        10.609457752139457,
        10.570334925262856,
        10.570334925262856,
        10.570334925262856,
        10.570334925262856,
        10.498377221217808,
        9.832212349796627,
        9.332487995732741,
        7.73831465569501,
        7.73831465569501,
        6.862190415430141,
        5.994523959519989,
        5.961907733991477,
        5.961907733991477,
        5.961907733991477,
        5.611883332105032,
        5.166252544616374,
        4.267724883154554,
        2.730022710322561,
        2.730022710322561,
        2.730022710322561,
        2.730022710322561,
        2.488498999070374,
        2.488498999070374,
        2.488498999070374,
        2.488498999070374,
        2.2820276847823227,
        2.2820276847823227,
        2.0324864806572744,
        2.0324864806572744,
        2.0213276046747337,
        1.7391846215310058,
        1.7391846215310058,
        1.7228107579471095,
        1.7228107579471095,
        1.7228107579471095,
        1.7011044364395655,
        1.7011044364395655,
        1.6363214284606067,
        1.4498716113525563,
        1.2326702410845423,
        1.2211690550078649,
        1.2211690550078649,
        1.1811395680675836,
        1.150801771712682,
        1.0704971606159328,
        1.0555912973784767,
        0.895186492853388,
        0.6896836702708555,
        0.6896836702708555,
        0.5945966921884362,
        0.5945966921884362,
        0.5945966921884362,
        0.5945966921884362,
        0.5592206112095416
    ],
    "swarm_position_history": null,
    "timing_stats": {
        "total_time_s": 0.04178139998111874,
        "fitness_time_s": 0.03610750031657517,
        "velocity_update_time_s": 0.001935799838975072,
        "position_update_time_s": 0.001103599788621068
    },
    "config": {
        "num_particles": 30,
        "dimensions": 30,
        "max_iterations": 100,
        "inertia_weight": 0.7,
        "cognitive_coefficient": 1.5,
        "social_coefficient": 1.5,
        "seed": 1,
        "tolerance": 0.0,
        "stagnation_patience": null,
        "track_history": true,
        "track_swarm_history": false
    }
}