{
    "objective": "sphere",
    "evaluation_mode": null,
    "best_value": 0.3197046743157831,
    "best_position": [
        0.018268462327801438,
        -0.1321063350472524,
        0.05012737755626014,
        -0.06446164879536162,
        -0.09962805418516338,
        0.10365124644241529,
        0.1794139879393858,
        -0.10954563602845599,
        0.07285734450321754,
        0.06117914421183455,
        0.0461491070501622,
        0.0014264734567692363,
        -0.04310652507036858,
        0.005233207030545618,
        0.03608343718660301,
        0.20234409905691933,
        -0.23342295510998554,
        -0.01760753680861074,
        -0.15048226845464313,
        -0.10104247903326487,
        -0.02433507119560591,
        -0.1426491501858918,
        -0.134854217173088,
        0.14462443813879078,
        -0.05000295073633218,
        -0.12172215302489109,
        -0.0432124051756745,
        -0.07154399549936416,
        -0.0032147937731228787,
        -0.0554242600225415
    ],
    "elapsed_time_s": 0.026204299996607006,
    "iterations_completed": 100,
    "best_value_history": [
        118.02088076008695,
        110.1767980149465,
        96.88276026233721,
        96.88276026233721,
        96.88276026233721,
        96.88276026233721,
        96.88276026233721,
        90.09050693585725,
        79.29358767925254,
        73.492209037269,
        70.33672610542739,
        68.21664207660372,
        66.79928294234657,
        63.565214820447046,
        45.863205816658564,
        45.863205816658564,
        45.863205816658564,
        41.837163606505555,
        37.649209629366126,
        37.649209629366126,
        37.649209629366126,
        36.42549027618355,
        36.42549027618355,
        32.742924050758724,
        30.812288604727687,
        30.22431529944755,
        28.21712733015464,
        28.03456676268299,
        28.03456676268299,
        27.599900842246562,
        26.875636064481,
        24.88266806032752,
        21.813153354461413,
        21.72983301113673,
        20.5409764331181,
        20.5409764331181,
        20.307086340851942,
        18.422682229607236,
        18.324055848817828,
        16.754723114374816,
        14.706907346064359,
        12.064575667427016,
        11.652567968490576,
        9.994897365022958,
        9.73516004442519,
        9.608856772177504,
        9.21611417137353,
        8.075698300382719,
        8.075698300382719,
        8.075698300382719,
        7.52417607067683,
        6.684085196183908,
        5.144251958494419,
        4.9501819157282085,
        4.9501819157282085,
        4.8535979465029255,
        4.165924640563762,
        4.1171674514933425,
        3.981071131267801,
        3.660466873599606,
        3.557884182874317,
        3.557884182874317,
        3.351399666037009,
        3.351399666037009,
        3.067752135831089,
        2.9974052641822606,
        2.886800091895102,
        2.886800091895102,
        2.830039527641094,
        2.830039527641094,
        2.6501566241257515,
        2.595192163907488,
        2.595192163907488,
        2.524468903998981,
        2.0156733724135476,
        1.8265196503720238,
        1.7150632748344652,
        1.7150632748344652,
        1.6052036738941244,
        1.541476437035349,
        1.471468646064253,
        1.3413523259954965,
        1.3413523259954965,
        1.3413523259954965,
        1.3413523259954965,
        1.237254500577651,
        1.2128608485069394,
        1.2128608485069394,
        1.1159578516757274,
        0.971266243338292,
        0.8344582980272872,
        0.8108140089041528,
        0.7177071624431006,
        0.6443655091465735,
        0.608688910880194,
        0.4626785043136922,
        0.4300286254193267,
        0.3587846929749385,
        0.3587846929749385,
        0.3197046743157831
    ],
    "timing_stats": {
        "total_time_s": 0.02620080002816394,
        "fitness_time_s": 0.023250900150742382,
        "velocity_update_time_s": 0.0011909999302588403,
        "position_update_time_s": 0.0006755998474545777
    },
    "config": {
        "num_particles": 30,
        "dimensions": 30,
        "max_iterations": 100,
        "inertia_weight": 0.7,
        "cognitive_coefficient": 1.5,
        "social_coefficient": 1.5,
        "seed": 0,
        "tolerance": 0.0,
        "stagnation_patience": null,
        "track_history": true
    }
}