{
    "objective": "sphere",
    "evaluation_mode": null,
    "best_value": 2.648869499777608e-12,
    "best_position": [
        -1.1833140316835225e-06,
        -1.1174244503314286e-06
    ],
    "elapsed_time_s": 0.006738399970345199,
    "iterations_completed": 100,
    "best_value_history": [
        0.3144978241874854,
        0.3144978241874854,
        0.07626685899194405,
        0.07626685899194405,
        0.007062233686535757,
        0.007062233686535757,
        0.0023760159403315145,
        0.0023760159403315145,
        0.0023760159403315145,
        0.0023760159403315145,
        0.0023760159403315145,
        0.00026391511208331126,
        0.00026391511208331126,
        0.00026391511208331126,
        0.00026391511208331126,
        0.00026391511208331126,
        0.00026391511208331126,
        0.00026391511208331126,
        8.563793685354e-05,
        8.563793685354e-05,
        7.805063030161028e-05,
        7.805063030161028e-05,
        7.805063030161028e-05,
        5.969859301982293e-05,
        3.5289266379455176e-05,
        3.5289266379455176e-05,
        3.5289266379455176e-05,
        5.554912240857166e-06,
        5.554912240857166e-06,
        5.554912240857166e-06,
        5.554912240857166e-06,
        5.554912240857166e-06,
        5.554912240857166e-06,
        5.554912240857166e-06,
        5.554912240857166e-06,
        1.2591780743799212e-06,
        1.2591780743799212e-06,
        1.2591780743799212e-06,
        1.2591780743799212e-06,
        1.2591780743799212e-06,
        1.8230030079855875e-07,
        1.8230030079855875e-07,
        1.8230030079855875e-07,
        1.8230030079855875e-07,
        1.8230030079855875e-07,
        1.8230030079855875e-07,
        1.8230030079855875e-07,
        1.8230030079855875e-07,
        1.274269904582715e-07,
        1.274269904582715e-07,
        1.274269904582715e-07,
        1.274269904582715e-07,
        1.274269904582715e-07,
        1.274269904582715e-07,
        9.629588438621111e-08,
        6.015970010035447e-08,
        6.015970010035447e-08,
        2.159031138361798e-08,
        2.159031138361798e-08,
        7.810462829096631e-09,
        7.810462829096631e-09,
        7.810462829096631e-09,
        7.810462829096631e-09,
        7.810462829096631e-09,
        1.7297615041967975e-09,
        1.7297615041967975e-09,
        1.7297615041967975e-09,
        1.7297615041967975e-09,
        1.7297615041967975e-09,
        1.7297615041967975e-09,
        1.7168406865448695e-09,
        1.7168406865448695e-09,
        1.7168406865448695e-09,
        5.905555404837598e-10,
        5.905555404837598e-10,
        5.905555404837598e-10,
        2.73019035749158e-10,
        1.1503493842154109e-10,
        1.1503493842154109e-10,
        3.192334040899372e-11,
        3.192334040899372e-11,
        3.192334040899372e-11,
        3.192334040899372e-11,
        3.192334040899372e-11,
        3.192334040899372e-11,
        3.192334040899372e-11,
        3.192334040899372e-11,
        3.192334040899372e-11,
        3.192334040899372e-11,
        3.192334040899372e-11,
        3.192334040899372e-11,
        2.5832953793959157e-11,
        2.5832953793959157e-11,
        3.68916184502725e-12,
        3.68916184502725e-12,
        3.68916184502725e-12,
        2.648869499777608e-12,
        2.648869499777608e-12,
        2.648869499777608e-12,
        2.648869499777608e-12
    ],
    "timing_stats": {
        "total_time_s": 0.0067269999999552965,
        "fitness_time_s": 0.005446999450214207,
        "velocity_update_time_s": 0.0005309004336595535,
        "position_update_time_s": 0.0002517999382689595
    },
    "config": {
        "num_particles": 30,
        "dimensions": 2,
        "max_iterations": 100,
        "inertia_weight": 0.7,
        "cognitive_coefficient": 1.5,
        "social_coefficient": 1.5,
        "seed": 1,
        "tolerance": 0.0,
        "stagnation_patience": null,
        "track_history": true
    }
}