{
    "objective": "sphere",
    "evaluation_mode": "sequential",
    "best_value": 2.461967796441626e-09,
    "best_position": [
        3.13390067265475e-05,
        5.113842341199058e-06,
        3.393917248882417e-06,
        1.5235742304947252e-05,
        -1.246515076543374e-07,
        1.757495240116476e-05,
        1.8037710520093404e-05,
        1.4333110685637701e-05,
        1.8777714568662267e-05,
        4.212177039516107e-06
    ],
    "elapsed_time_s": 0.006721099955029786,
    "iterations_completed": 100,
    "best_value_history": [
        39.199504656510996,
        39.199504656510996,
        30.05895961739135,
        23.257534050063967,
        23.257534050063967,
        21.467373176349014,
        20.688421310662946,
        11.90139761607453,
        8.731396459022868,
        8.731396459022868,
        5.26982970724974,
        5.26982970724974,
        2.953041679787845,
        2.953041679787845,
        2.500942559473251,
        1.6482775135943624,
        1.6482775135943624,
        0.5843286096755913,
        0.5843286096755913,
        0.33979058651826954,
        0.33979058651826954,
        0.33979058651826954,
        0.2772625143998857,
        0.21839311829745026,
        0.19560170679882835,
        0.10576811627971916,
        0.06959147762985521,
        0.04561831664032056,
        0.03814418636880463,
        0.031412994576131684,
        0.021016383519724187,
        0.014197251712952419,
        0.014197251712952419,
        0.007166446119779549,
        0.007166446119779549,
        0.005026851103185546,
        0.00455260175934792,
        0.003311408290737222,
        0.003311408290737222,
        0.0018981364223596257,
        0.0014723284287750636,
        0.0014723284287750636,
        0.0012176004094676682,
        0.0008551413613896759,
        0.000621017211312797,
        0.000621017211312797,
        0.00039785538154454267,
        0.00039785538154454267,
        0.0003054966147358655,
        0.0003054966147358655,
        0.0002820544770912034,
        0.00026332573458777767,
        0.00010756020444736211,
        0.00010756020444736211,
        0.00010756020444736211,
        8.641260208868842e-05,
        4.244163701670906e-05,
        4.031562844255064e-05,
        3.205229414418205e-05,
        3.205229414418205e-05,
        2.4570348501147073e-05,
        1.814608844012882e-05,
        1.814608844012882e-05,
        1.712132408652926e-05,
        1.606869658599277e-05,
        1.0123816263667943e-05,
        3.938068301560852e-06,
        3.938068301560852e-06,
        3.5069462742526286e-06,
        3.2335698558041217e-06,
        2.9428624610656915e-06,
        2.2614078352145846e-06,
        1.9622510890881793e-06,
        1.6575306514834736e-06,
        1.4868024465061086e-06,
        1.2700642279548184e-06,
        1.2203706988701792e-06,
        9.314689824619825e-07,
        8.997138753003989e-07,
        6.031169408468443e-07,
        4.036236574242523e-07,
        2.8571781154583634e-07,
        2.749183472252341e-07,
        2.749183472252341e-07,
        9.031103192661847e-08,
        6.01371379900441e-08,
        6.01371379900441e-08,
        6.01371379900441e-08,
        1.931334679640307e-08,
        1.931334679640307e-08,
        1.931334679640307e-08,
        1.3915878400663916e-08,
        1.0998102151833954e-08,
        1.0998102151833954e-08,
        1.0998102151833954e-08,
        8.094784254590133e-09,
        5.791710223195704e-09,
        2.6726935925097585e-09,
        2.461967796441626e-09,
        2.461967796441626e-09
    ],
    "timing_stats": {
        "total_time_s": 0.006716799922287464,
        "fitness_time_s": 0.005226600216701627,
        "velocity_update_time_s": 0.000638000201433897,
        "position_update_time_s": 0.00033119937870651484
    },
    "config": {
        "num_particles": 30,
        "dimensions": 10,
        "max_iterations": 100,
        "inertia_weight": 0.4,
        "cognitive_coefficient": 1.5,
        "social_coefficient": 2.0,
        "seed": 0,
        "tolerance": 0.0,
        "stagnation_patience": null,
        "track_history": true
    }
}