{
    "objective": "sphere",
    "evaluation_mode": "sequential",
    "best_value": 1.4343825213890781e-05,
    "best_position": [
        0.00028617751498891467,
        0.0015177588214026188,
        -0.0009749728837478887,
        -0.0016507664361188772,
        -0.0008856764545383767,
        0.0010785042116043843,
        0.0012210476280217816,
        0.0008438375714357876,
        0.0013232591451836594,
        -0.001543083216955998
    ],
    "elapsed_time_s": 0.006887500057928264,
    "iterations_completed": 100,
    "best_value_history": [
        40.04721034341899,
        36.42706604737941,
        21.83082281130306,
        18.133713431568676,
        16.348836431764173,
        13.074627372207585,
        5.761970135447064,
        5.761970135447064,
        5.761970135447064,
        4.621273722304831,
        3.83474933836396,
        3.83474933836396,
        3.83474933836396,
        3.226257818043628,
        2.0174987739300874,
        1.532738584254645,
        1.532738584254645,
        1.532738584254645,
        1.0047406128718837,
        1.0047406128718837,
        1.0047406128718837,
        0.8620768466168971,
        0.7799616000081191,
        0.7403081398231232,
        0.5679300815844964,
        0.418612213280244,
        0.418612213280244,
        0.37507990756752757,
        0.1547767542110749,
        0.1547767542110749,
        0.10320881570957424,
        0.07932932146261873,
        0.07932932146261873,
        0.07932932146261873,
        0.07932932146261873,
        0.06927678539773503,
        0.06927678539773503,
        0.06927678539773503,
        0.06927678539773503,
        0.06262780465905837,
        0.06262780465905837,
        0.05673684103478292,
        0.048194321038617274,
        0.04705768028881286,
        0.029996337520160597,
        0.02309474730959759,
        0.02309474730959759,
        0.012091675103468568,
        0.011775446096252213,
        0.011775446096252213,
        0.008317574177034756,
        0.008317574177034756,
        0.008317574177034756,
        0.007639842578465934,
        0.007639842578465934,
        0.007117761897741791,
        0.006772221825345437,
        0.006772221825345437,
        0.006474258396811277,
        0.006474258396811277,
        0.0059054167616448845,
        0.0059054167616448845,
        0.005132573561369081,
        0.0026803511469175967,
        0.0026803511469175967,
        0.0014691043415824751,
        0.0011996561786279793,
        0.0011996561786279793,
        0.0010733911346633355,
        0.0010733911346633355,
        0.0010733911346633355,
        0.0010142427318003196,
        0.0009765489960219868,
        0.0008202943115228033,
        0.00047361063766277215,
        0.00047361063766277215,
        0.00047361063766277215,
        0.0004495086946561105,
        0.0004495086946561105,
        0.00022209463023124804,
        0.00022209463023124804,
        0.00016849066220936932,
        0.00016849066220936932,
        0.00016849066220936932,
        0.0001571712926491285,
        0.00010639942317789725,
        0.00010639942317789725,
        0.00010639942317789725,
        0.00010569954541420082,
        4.708953086605609e-05,
        4.0396218575841926e-05,
        4.0396218575841926e-05,
        3.994403457362769e-05,
        3.2088211428991694e-05,
        2.981617690161601e-05,
        2.6853628366360594e-05,
        2.6853628366360594e-05,
        2.4229475006321895e-05,
        1.6578219254299808e-05,
        1.4343825213890781e-05
    ],
    "swarm_position_history": null,
    "timing_stats": {
        "total_time_s": 0.006881800014525652,
        "fitness_time_s": 0.005412100232206285,
        "velocity_update_time_s": 0.0006702993996441364,
        "position_update_time_s": 0.0003401006106287241
    },
    "config": {
        "num_particles": 30,
        "dimensions": 10,
        "max_iterations": 100,
        "inertia_weight": 0.7,
        "cognitive_coefficient": 1.5,
        "social_coefficient": 1.5,
        "seed": 1,
        "tolerance": 0.0,
        "stagnation_patience": null,
        "track_history": true,
        "track_swarm_history": false
    }
}