{
    "objective_name": "ackley",
    "num_runs": 5,
    "mean_best_value": 0.23102970054203,
    "std_best_value": 0.4620594010838975,
    "min_best_value": 1.1102230246251565e-14,
    "max_best_value": 1.155148502709825,
    "mean_elapsed_time_s": 0.5743457999546081,
    "std_elapsed_time_s": 0.008913629968955826,
    "mean_iterations": 500.0,
    "min_iterations": 500,
    "max_iterations": 500
}