{
    "objective_name": "ackley",
    "num_runs": 5,
    "mean_best_value": 0.2596036629491711,
    "std_best_value": 0.4591106189774371,
    "min_best_value": 0.01261004256145215,
    "max_best_value": 1.177573436742151,
    "mean_elapsed_time_s": 0.2374237599899061,
    "std_elapsed_time_s": 0.004254813149754586,
    "mean_iterations": 100.0,
    "min_iterations": 100,
    "max_iterations": 100
}