{
    "objective": "rastrigin",
    "evaluation_mode": "sequential",
    "best_value": 125.80402554084606,
    "best_position": [
        -0.9503711705611612,
        0.9006290083759729,
        1.9926237008025214,
        0.9088228803311708,
        2.029033395313908,
        -0.010176571632848462,
        -0.9769805510399202,
        -0.9413446207166724,
        1.9948925122293533,
        -0.922829979960632,
        0.9955123648697148,
        1.080293107906173,
        2.0881301015096656,
        -1.9645775815669746,
        1.2102218080550018,
        -0.9941381899318269,
        -1.9983737970991629,
        -1.9794023881496365,
        -2.9781514521201404,
        -2.09541638006778,
        0.06450025506201128,
        -1.053684423416144,
        3.9828480262583565,
        1.948109289319327,
        -0.009830890231917896,
        2.2826480969480296,
        1.9027466807658284,
        0.9880207511697394,
        1.0120256675467183,
        -1.831115088056614
    ],
    "elapsed_time_s": 0.01225269993301481,
    "iterations_completed": 100,
    "best_value_history": [
        368.22926182952386,
        368.22926182952386,
        366.2129850677999,
        362.7374428757828,
        335.24933496737333,
        330.70471881881383,
        311.950869364671,
        311.950869364671,
        300.80365607508065,
        300.80365607508065,
        300.80365607508065,
        297.71996998605096,
        297.71996998605096,
        297.71996998605096,
        295.3100484691329,
        295.3100484691329,
        294.4632442518173,
        294.4632442518173,
        294.4632442518173,
        264.1842030674734,
        256.3447922940406,
        256.3447922940406,
        256.3447922940406,
        233.09032184929583,
        233.09032184929583,
        233.09032184929583,
        233.09032184929583,
        203.9915717500107,
        203.9915717500107,
        203.9915717500107,
        202.15075977120983,
        188.62363619142528,
        188.62363619142528,
        182.61136465356972,
        172.52568579277158,
        171.57329816511867,
        167.1507609028724,
        166.138762528871,
        162.6087979746111,
        161.85389562361735,
        157.1709735443641,
        152.06999662649008,
        150.3082994031668,
        148.55260879063775,
        147.15891685657925,
        143.9758066126477,
        139.57300609686862,
        139.5084892311156,
        137.6782035204933,
        136.80660859051403,
        135.68621623668852,
        133.7648919926689,
        132.9426530137095,
        132.02579066612648,
        130.9910685768093,
        130.00522632862302,
        129.56047357914446,
        128.87940059393182,
        128.3308625028261,
        128.0978984670994,
        127.77211248097939,
        127.52824648460484,
        127.27151046550759,
        127.05531144924731,
        126.91993834924457,
        126.75564107829422,
        126.6789337552072,
        126.58244603937527,
        126.43537226430774,
        126.30893364637569,
        126.21556432604493,
        126.15193309970209,
        126.08243887292309,
        126.0377163990315,
        126.00523262971171,
        125.97455322726424,
        125.94677252737375,
        125.92837071860768,
        125.9133030602029,
        125.90474010733035,
        125.89168887485351,
        125.88612763998972,
        125.87248073180575,
        125.86614678508954,
        125.85867840568818,
        125.85002007735312,
        125.84216096154046,
        125.83902276581082,
        125.83276586655694,
        125.82842546680334,
        125.82514549103172,
        125.82116283886393,
        125.81801990259763,
        125.81390793448458,
        125.8114900399616,
        125.8094082254716,
        125.80765029665295,
        125.80662412702054,
        125.80501825834247,
        125.80402554084606
    ],
    "timing_stats": {
        "total_time_s": 0.012248700018972158,
        "fitness_time_s": 0.010352299199439585,
        "velocity_update_time_s": 0.0008892000187188387,
        "position_update_time_s": 0.0005103000439703465
    },
    "config": {
        "num_particles": 30,
        "dimensions": 30,
        "max_iterations": 100,
        "inertia_weight": 0.4,
        "cognitive_coefficient": 2.0,
        "social_coefficient": 1.0,
        "seed": 2,
        "tolerance": 0.0,
        "stagnation_patience": null,
        "track_history": true
    }
}