{
    "objective": "rastrigin",
    "evaluation_mode": "sequential",
    "best_value": 77.79050440218691,
    "best_position": [
        1.0001029443126932,
        -1.0720816107041553,
        0.9126491767496957,
        -1.9727675627346521,
        1.0498650043148514,
        -0.9716945508093046,
        1.942885462358263,
        0.9916363583460371,
        -0.9930780434373441,
        -1.0129176674760625,
        -0.004247201660672937,
        1.0014233908644212,
        1.9727090045968851,
        0.04660038532677334,
        0.1273559235938041,
        -0.07070630263386424,
        0.9909378510260565,
        0.9899952380158149,
        -1.9991926627983938,
        3.012823498490925,
        1.671421956364866,
        -0.01173675457011988,
        0.9757368301445738,
        0.01661252109475676,
        -2.9510719110367973,
        2.0227649877549956,
        -0.029847611885312483,
        -0.024786305748479686,
        -1.0164392477360666,
        0.022096427473955467
    ],
    "elapsed_time_s": 0.011963800061494112,
    "iterations_completed": 100,
    "best_value_history": [
        338.1196623976946,
        338.1196623976946,
        320.8414730600575,
        309.65486242276796,
        306.4291638655417,
        271.6778321507767,
        271.6778321507767,
        271.6778321507767,
        271.6778321507767,
        271.6778321507767,
        271.6778321507767,
        271.6778321507767,
        248.4791225520974,
        232.9418480083226,
        232.9418480083226,
        208.79567209991387,
        208.79567209991387,
        208.79567209991387,
        208.79567209991387,
        208.79567209991387,
        194.18616183334947,
        193.89059412690779,
        166.46494646698645,
        164.0252583765758,
        157.95278954937953,
        157.95278954937953,
        156.1948828075378,
        145.46847006388188,
        145.46847006388188,
        123.0640739146321,
        114.61264648716144,
        114.61264648716144,
        104.3737120235426,
        98.860108278995,
        95.31324095976393,
        94.41303383404932,
        90.95603303729936,
        90.92269495569917,
        89.20780146952717,
        89.17151245875215,
        86.75881112538514,
        86.74494000228094,
        86.18002983016697,
        85.70454127434687,
        85.13716996369268,
        84.61667630582642,
        83.63149775608144,
        83.02552064345039,
        82.42252857015075,
        81.7908661558071,
        81.56894887904139,
        81.3010583189292,
        80.91615167107284,
        80.77406590588146,
        80.62458883204187,
        80.4655030950203,
        80.26929579426493,
        79.89347286214513,
        79.82809810260824,
        79.58361169201476,
        79.23328261923865,
        78.9799905164987,
        78.89923208997988,
        78.71381828383866,
        78.61714981686586,
        78.50647911315949,
        78.45067482685434,
        78.40396762646552,
        78.358332226978,
        78.32193199330885,
        78.29184996292173,
        78.26027558429712,
        78.23095408825935,
        78.20844816024709,
        78.19346366615548,
        78.17950896778609,
        78.1682106340387,
        78.15999744150986,
        78.15099032705518,
        78.14449622225763,
        78.13990150668837,
        78.13627869698905,
        78.13160684470841,
        78.1272416434669,
        78.12471952809884,
        78.1221019536919,
        78.12049457875509,
        78.11834768365,
        78.11675609345673,
        78.11521047441977,
        78.11430810747291,
        78.09539516321658,
        78.03761576350985,
        78.00818441372724,
        77.98193764042571,
        77.90727652259869,
        77.8655612124256,
        77.84967766256264,
        77.81529011191324,
        77.79050440218691
    ],
    "timing_stats": {
        "total_time_s": 0.011959000024944544,
        "fitness_time_s": 0.010085399961099029,
        "velocity_update_time_s": 0.0008722997736185789,
        "position_update_time_s": 0.0004842996131628752
    },
    "config": {
        "num_particles": 30,
        "dimensions": 30,
        "max_iterations": 100,
        "inertia_weight": 0.4,
        "cognitive_coefficient": 2.0,
        "social_coefficient": 1.0,
        "seed": 0,
        "tolerance": 0.0,
        "stagnation_patience": null,
        "track_history": true
    }
}