{
    "objective": "rastrigin",
    "evaluation_mode": "sequential",
    "best_value": 77.7905044021869,
    "best_position": [
        1.0001029443126932,
        -1.0720816107041553,
        0.9126491767496957,
        -1.9727675627346521,
        1.0498650043148514,
        -0.9716945508093046,
        1.942885462358263,
        0.9916363583460371,
        -0.9930780434373441,
        -1.0129176674760625,
        -0.004247201660672937,
        1.0014233908644212,
        1.9727090045968851,
        0.04660038532677334,
        0.1273559235938041,
        -0.07070630263386424,
        0.9909378510260565,
        0.9899952380158149,
        -1.9991926627983938,
        3.012823498490925,
        1.671421956364866,
        -0.01173675457011988,
        0.9757368301445738,
        0.01661252109475676,
        -2.9510719110367973,
        2.0227649877549956,
        -0.029847611885312483,
        -0.024786305748479686,
        -1.0164392477360666,
        0.022096427473955467
    ],
    "elapsed_time_s": 0.014276499976404011,
    "iterations_completed": 100,
    "best_value_history": [
        338.11966239769464,
        338.11966239769464,
        320.8414730600575,
        309.654862422768,
        306.4291638655416,
        271.6778321507767,
        271.6778321507767,
        271.6778321507767,
        271.6778321507767,
        271.6778321507767,
        271.6778321507767,
        271.6778321507767,
        248.4791225520974,
        232.94184800832264,
        232.94184800832264,
        208.79567209991384,
        208.79567209991384,
        208.79567209991384,
        208.79567209991384,
        208.79567209991384,
        194.18616183334944,
        193.8905941269078,
        166.46494646698645,
        164.02525837657575,
        157.95278954937953,
        157.95278954937953,
        156.19488280753782,
        145.46847006388194,
        145.46847006388194,
        123.06407391463212,
        114.61264648716146,
        114.61264648716146,
        104.37371202354255,
        98.86010827899501,
        95.31324095976383,
        94.41303383404936,
        90.95603303729935,
        90.92269495569917,
        89.20780146952715,
        89.17151245875215,
        86.75881112538514,
        86.7449400022809,
        86.18002983016697,
        85.70454127434687,
        85.13716996369263,
        84.61667630582646,
        83.63149775608142,
        83.02552064345038,
        82.4225285701507,
        81.79086615580711,
        81.5689488790414,
        81.3010583189292,
        80.91615167107287,
        80.77406590588147,
        80.62458883204182,
        80.4655030950203,
        80.2692957942649,
        79.89347286214516,
        79.8280981026082,
        79.58361169201477,
        79.23328261923861,
        78.97999051649873,
        78.89923208997992,
        78.71381828383866,
        78.61714981686585,
        78.50647911315947,
        78.45067482685432,
        78.40396762646554,
        78.358332226978,
        78.32193199330887,
        78.29184996292177,
        78.2602755842971,
        78.23095408825935,
        78.20844816024709,
        78.19346366615548,
        78.1795089677861,
        78.16821063403872,
        78.15999744150987,
        78.15099032705517,
        78.14449622225764,
        78.13990150668837,
        78.13627869698902,
        78.13160684470841,
        78.1272416434669,
        78.12471952809884,
        78.1221019536919,
        78.12049457875509,
        78.11834768365001,
        78.1167560934567,
        78.11521047441975,
        78.11430810747292,
        78.0953951632166,
        78.03761576350992,
        78.00818441372722,
        77.98193764042573,
        77.90727652259868,
        77.86556121242559,
        77.84967766256267,
        77.81529011191321,
        77.7905044021869
    ],
    "swarm_position_history": null,
    "timing_stats": {
        "total_time_s": 0.014268900034949183,
        "fitness_time_s": 0.012022699927911162,
        "velocity_update_time_s": 0.0010563997784629464,
        "position_update_time_s": 0.0005601001903414726
    },
    "config": {
        "num_particles": 30,
        "dimensions": 30,
        "max_iterations": 100,
        "inertia_weight": 0.4,
        "cognitive_coefficient": 2.0,
        "social_coefficient": 1.0,
        "seed": 0,
        "tolerance": 0.0,
        "stagnation_patience": null,
        "track_history": true,
        "track_swarm_history": false
    }
}