{
    "objective": "rastrigin",
    "evaluation_mode": "sequential",
    "best_value": 13.506503961010907,
    "best_position": [
        -0.960503760854751,
        0.04201328955324979,
        0.9836149035550822,
        0.9552941414701634,
        0.9942431348669126,
        0.9920541832941712,
        1.017537783766291,
        0.9706133452188237,
        1.9431126540288801,
        0.998137901022147
    ],
    "elapsed_time_s": 0.011717500048689544,
    "iterations_completed": 100,
    "best_value_history": [
        118.03781783612413,
        99.75460069046517,
        99.75460069046517,
        99.75460069046517,
        99.75460069046517,
        99.75460069046517,
        99.75460069046517,
        99.75460069046517,
        99.75460069046517,
        99.75460069046517,
        97.39907935294023,
        97.39907935294023,
        86.54362607496108,
        69.74803205883995,
        69.74803205883995,
        69.74803205883995,
        69.74803205883995,
        69.74803205883995,
        68.29671177140426,
        68.29671177140426,
        61.90374861892844,
        61.90374861892844,
        61.90374861892844,
        61.90374861892844,
        61.90374861892844,
        61.90374861892844,
        61.90374861892844,
        61.90374861892844,
        61.90374861892844,
        61.90374861892844,
        61.90374861892844,
        61.90374861892844,
        61.90374861892844,
        61.90374861892844,
        61.90374861892844,
        55.90622389175253,
        55.90622389175253,
        55.90622389175253,
        55.90622389175253,
        55.90622389175253,
        55.90622389175253,
        55.90622389175253,
        49.121753927294606,
        49.121753927294606,
        49.121753927294606,
        42.28524182672391,
        42.28524182672391,
        42.28524182672391,
        42.28524182672391,
        42.28524182672391,
        42.28524182672391,
        42.28524182672391,
        41.71601640038279,
        41.71601640038279,
        36.5498979557902,
        36.5498979557902,
        36.5498979557902,
        36.5498979557902,
        36.5498979557902,
        34.5861207276498,
        34.5861207276498,
        29.50400976415351,
        29.50400976415351,
        29.50400976415351,
        29.50400976415351,
        29.50400976415351,
        29.50400976415351,
        29.50400976415351,
        29.50400976415351,
        22.328459664365226,
        22.328459664365226,
        22.328459664365226,
        22.328459664365226,
        16.90744169130798,
        16.90744169130798,
        16.90744169130798,
        16.90744169130798,
        16.90744169130798,
        16.90744169130798,
        16.90744169130798,
        16.90744169130798,
        16.90744169130798,
        16.90744169130798,
        16.90744169130798,
        16.90744169130798,
        16.825987509001976,
        16.825987509001976,
        16.825987509001976,
        16.825987509001976,
        16.825987509001976,
        16.825987509001976,
        14.993567426949738,
        14.70381549384284,
        14.70381549384284,
        14.70381549384284,
        14.482345183408825,
        13.887117585050632,
        13.887117585050632,
        13.506503961010907,
        13.506503961010907
    ],
    "timing_stats": {
        "total_time_s": 0.01171360001899302,
        "fitness_time_s": 0.010236300295218825,
        "velocity_update_time_s": 0.0006660999497398734,
        "position_update_time_s": 0.00034730008337646723
    },
    "config": {
        "num_particles": 30,
        "dimensions": 10,
        "max_iterations": 100,
        "inertia_weight": 0.7,
        "cognitive_coefficient": 1.5,
        "social_coefficient": 1.5,
        "seed": 1,
        "tolerance": 0.0,
        "stagnation_patience": null,
        "track_history": true
    }
}