{
    "objective_name": "rosenbrock",
    "num_runs": 5,
    "mean_best_value": 2.2792914026237235e-07,
    "std_best_value": 4.030653121312126e-07,
    "min_best_value": 4.678748731105778e-12,
    "max_best_value": 1.029565884221816e-06,
    "mean_elapsed_time_s": 0.02797187999240123,
    "std_elapsed_time_s": 0.00048395044342964866,
    "mean_iterations": 100.0,
    "min_iterations": 100,
    "max_iterations": 100
}