{
    "objective_name": "rosenbrock",
    "num_runs": 5,
    "mean_best_value": 6.327157632927234e-07,
    "std_best_value": 1.0910174250245345e-06,
    "min_best_value": 7.784149785652638e-10,
    "max_best_value": 2.810574125039752e-06,
    "mean_elapsed_time_s": 0.027975159999914467,
    "std_elapsed_time_s": 0.0004053096875304359,
    "mean_iterations": 100.0,
    "min_iterations": 100,
    "max_iterations": 100
}