{
    "objective_name": "rastrigin",
    "num_runs": 5,
    "mean_best_value": 11.824753447087673,
    "std_best_value": 1.3806717513179447,
    "min_best_value": 10.2498987351523,
    "max_best_value": 14.075870623488425,
    "mean_elapsed_time_s": 0.013260439992882312,
    "std_elapsed_time_s": 0.0003809734441812463,
    "mean_iterations": 100.0,
    "min_iterations": 100,
    "max_iterations": 100
}