{
    "objective_name": "rastrigin",
    "num_runs": 5,
    "mean_best_value": 57.66842265499311,
    "std_best_value": 4.2475720833169754,
    "min_best_value": 50.89143941663874,
    "max_best_value": 62.17638805774093,
    "mean_elapsed_time_s": 0.015831760014407337,
    "std_elapsed_time_s": 0.0013467314755296548,
    "mean_iterations": 100.0,
    "min_iterations": 100,
    "max_iterations": 100
}