{
    "objective_name": "rastrigin",
    "num_runs": 5,
    "mean_best_value": 26.06806713768836,
    "std_best_value": 9.530373543674312,
    "min_best_value": 9.950779828822249,
    "max_best_value": 38.8031396797431,
    "mean_elapsed_time_s": 0.014204520010389387,
    "std_elapsed_time_s": 0.0007565746864553747,
    "mean_iterations": 100.0,
    "min_iterations": 100,
    "max_iterations": 100
}