{
    "objective_name": "rastrigin",
    "num_runs": 5,
    "mean_best_value": 20.529551548580894,
    "std_best_value": 5.5959528154303655,
    "min_best_value": 13.99182367100591,
    "max_best_value": 30.856349914869345,
    "mean_elapsed_time_s": 0.015333860018290579,
    "std_elapsed_time_s": 0.0009951461288515285,
    "mean_iterations": 100.0,
    "min_iterations": 100,
    "max_iterations": 100
}