{
    "objective_name": "rastrigin",
    "num_runs": 5,
    "mean_best_value": 42.56617902439192,
    "std_best_value": 11.646341062528421,
    "min_best_value": 23.634920297895505,
    "max_best_value": 55.913614476135855,
    "mean_elapsed_time_s": 0.011329740018118173,
    "std_elapsed_time_s": 0.00028288837900157624,
    "mean_iterations": 100.0,
    "min_iterations": 100,
    "max_iterations": 100
}