{
    "objective_name": "rastrigin",
    "num_runs": 5,
    "mean_best_value": 66.26364063369365,
    "std_best_value": 13.451990521456544,
    "min_best_value": 47.010910173117836,
    "max_best_value": 81.98798483540779,
    "mean_elapsed_time_s": 0.013158080028370022,
    "std_elapsed_time_s": 0.0002374699994149866,
    "mean_iterations": 100.0,
    "min_iterations": 100,
    "max_iterations": 100
}