{
    "objective_name": "rastrigin",
    "num_runs": 5,
    "mean_best_value": 16.85335840868344,
    "std_best_value": 7.656834079010287,
    "min_best_value": 4.9798734027278755,
    "max_best_value": 25.305813456897397,
    "mean_elapsed_time_s": 0.011096499988343566,
    "std_elapsed_time_s": 9.94616280848198e-05,
    "mean_iterations": 100.0,
    "min_iterations": 100,
    "max_iterations": 100
}