{
    "objective_name": "rastrigin",
    "num_runs": 5,
    "mean_best_value": 18.426867005262597,
    "std_best_value": 4.4421221106975795,
    "min_best_value": 12.829868762590664,
    "max_best_value": 24.967158242740837,
    "mean_elapsed_time_s": 0.01126751999836415,
    "std_elapsed_time_s": 0.000134315071120363,
    "mean_iterations": 100.0,
    "min_iterations": 100,
    "max_iterations": 100
}