{
    "objective_name": "rastrigin",
    "num_runs": 5,
    "mean_best_value": 16.853358408683437,
    "std_best_value": 7.656834079010285,
    "min_best_value": 4.979873402727879,
    "max_best_value": 25.305813456897397,
    "mean_elapsed_time_s": 0.015092239994555712,
    "std_elapsed_time_s": 0.00260821350778534,
    "mean_iterations": 100.0,
    "min_iterations": 100,
    "max_iterations": 100
}