{
    "objective_name": "rastrigin",
    "num_runs": 5,
    "mean_best_value": 60.05073953442526,
    "std_best_value": 8.707734816709257,
    "min_best_value": 46.10403698294583,
    "max_best_value": 71.19234035385747,
    "mean_elapsed_time_s": 0.011265880020800978,
    "std_elapsed_time_s": 0.0002663586992567527,
    "mean_iterations": 100.0,
    "min_iterations": 100,
    "max_iterations": 100
}