{
    "objective_name": "rastrigin",
    "num_runs": 5,
    "mean_best_value": 25.179680019662822,
    "std_best_value": 11.259240159668009,
    "min_best_value": 8.796521605352572,
    "max_best_value": 41.34206402169278,
    "mean_elapsed_time_s": 0.013753559975884854,
    "std_elapsed_time_s": 0.0006444816180354684,
    "mean_iterations": 100.0,
    "min_iterations": 100,
    "max_iterations": 100
}