{
    "objective_name": "rastrigin",
    "num_runs": 5,
    "mean_best_value": 15.874520442591542,
    "std_best_value": 4.9030190949743355,
    "min_best_value": 9.988482283429256,
    "max_best_value": 22.89549688116272,
    "mean_elapsed_time_s": 0.015135519974865019,
    "std_elapsed_time_s": 0.002529662928089107,
    "mean_iterations": 100.0,
    "min_iterations": 100,
    "max_iterations": 100
}