{
    "objective_name": "rastrigin",
    "num_runs": 5,
    "mean_best_value": 42.56617902439192,
    "std_best_value": 11.646341062528421,
    "min_best_value": 23.63492029789551,
    "max_best_value": 55.91361447613585,
    "mean_elapsed_time_s": 0.014449640014208853,
    "std_elapsed_time_s": 0.0012007753290727869,
    "mean_iterations": 100.0,
    "min_iterations": 100,
    "max_iterations": 100
}