{
    "objective_name": "rastrigin",
    "num_runs": 5,
    "mean_best_value": 80.65493250113238,
    "std_best_value": 6.762600919115685,
    "min_best_value": 71.1109314503005,
    "max_best_value": 89.81988259361106,
    "mean_elapsed_time_s": 0.011160900013055652,
    "std_elapsed_time_s": 9.78231122035953e-05,
    "mean_iterations": 100.0,
    "min_iterations": 100,
    "max_iterations": 100
}