{
    "objective_name": "rastrigin",
    "num_runs": 5,
    "mean_best_value": 17.895529520177273,
    "std_best_value": 11.114434910760666,
    "min_best_value": 5.971664813665498,
    "max_best_value": 31.56392011896483,
    "mean_elapsed_time_s": 0.01112736000213772,
    "std_elapsed_time_s": 9.871273070135779e-05,
    "mean_iterations": 100.0,
    "min_iterations": 100,
    "max_iterations": 100
}