{
    "objective_name": "rastrigin",
    "num_runs": 5,
    "mean_best_value": 16.942537477427347,
    "std_best_value": 5.510427027566993,
    "min_best_value": 10.034874380408127,
    "max_best_value": 23.91006396624263,
    "mean_elapsed_time_s": 0.011041659989859908,
    "std_elapsed_time_s": 3.101647164608647e-05,
    "mean_iterations": 100.0,
    "min_iterations": 100,
    "max_iterations": 100
}