{
    "objective_name": "rastrigin",
    "num_runs": 5,
    "mean_best_value": 80.65493250113238,
    "std_best_value": 6.762600919115693,
    "min_best_value": 71.11093145030048,
    "max_best_value": 89.81988259361107,
    "mean_elapsed_time_s": 0.013924339972436427,
    "std_elapsed_time_s": 0.0010417047997140255,
    "mean_iterations": 100.0,
    "min_iterations": 100,
    "max_iterations": 100
}