{
    "objective_name": "rastrigin",
    "num_runs": 5,
    "mean_best_value": 68.6765553897327,
    "std_best_value": 12.299504649215658,
    "min_best_value": 50.19806785977705,
    "max_best_value": 86.8042699167624,
    "mean_elapsed_time_s": 0.015432159998454154,
    "std_elapsed_time_s": 0.0011521659922033092,
    "mean_iterations": 100.0,
    "min_iterations": 100,
    "max_iterations": 100
}