{
    "objective_name": "rastrigin",
    "num_runs": 5,
    "mean_best_value": 60.05073953442526,
    "std_best_value": 8.707734816709255,
    "min_best_value": 46.104036982945836,
    "max_best_value": 71.19234035385747,
    "mean_elapsed_time_s": 0.016252700029872356,
    "std_elapsed_time_s": 0.0013145586988595566,
    "mean_iterations": 100.0,
    "min_iterations": 100,
    "max_iterations": 100
}