{
    "objective_name": "rastrigin",
    "num_runs": 5,
    "mean_best_value": 18.426867005262594,
    "std_best_value": 4.4421221106975795,
    "min_best_value": 12.829868762590662,
    "max_best_value": 24.967158242740833,
    "mean_elapsed_time_s": 0.013138619996607304,
    "std_elapsed_time_s": 0.0005125271995808841,
    "mean_iterations": 100.0,
    "min_iterations": 100,
    "max_iterations": 100
}