{
    "objective_name": "rastrigin",
    "num_runs": 5,
    "mean_best_value": 17.89552952017728,
    "std_best_value": 11.114434910760663,
    "min_best_value": 5.971664813665515,
    "max_best_value": 31.563920118964838,
    "mean_elapsed_time_s": 0.014904340030625463,
    "std_elapsed_time_s": 0.0009762467999521271,
    "mean_iterations": 100.0,
    "min_iterations": 100,
    "max_iterations": 100
}