{
    "objective_name": "rastrigin",
    "num_runs": 5,
    "mean_best_value": 11.62270394246261,
    "std_best_value": 3.5424470190000505,
    "min_best_value": 7.161079301820763,
    "max_best_value": 16.224241338204024,
    "mean_elapsed_time_s": 0.011157639976590871,
    "std_elapsed_time_s": 9.335175576734433e-05,
    "mean_iterations": 100.0,
    "min_iterations": 100,
    "max_iterations": 100
}