{
    "objective_name": "rastrigin",
    "num_runs": 5,
    "mean_best_value": 25.0527197620969,
    "std_best_value": 11.21738892638235,
    "min_best_value": 12.416408958200513,
    "max_best_value": 37.974187139504686,
    "mean_elapsed_time_s": 0.013936600019223987,
    "std_elapsed_time_s": 0.0005036212784170155,
    "mean_iterations": 100.0,
    "min_iterations": 100,
    "max_iterations": 100
}