{
    "objective_name": "rastrigin",
    "num_runs": 5,
    "mean_best_value": 11.622703942462616,
    "std_best_value": 3.54244701900004,
    "min_best_value": 7.161079301820787,
    "max_best_value": 16.224241338204013,
    "mean_elapsed_time_s": 0.014848019974306226,
    "std_elapsed_time_s": 0.0010248104494449066,
    "mean_iterations": 100.0,
    "min_iterations": 100,
    "max_iterations": 100
}