{
    "objective_name": "rastrigin",
    "num_runs": 5,
    "mean_best_value": 25.179680019662822,
    "std_best_value": 11.259240159668014,
    "min_best_value": 8.796521605352552,
    "max_best_value": 41.34206402169278,
    "mean_elapsed_time_s": 0.01120283999480307,
    "std_elapsed_time_s": 0.00015481560050072644,
    "mean_iterations": 100.0,
    "min_iterations": 100,
    "max_iterations": 100
}