{
    "objective_name": "rastrigin",
    "num_runs": 5,
    "mean_best_value": 35.181054776507104,
    "std_best_value": 10.035026430505825,
    "min_best_value": 20.905743328502794,
    "max_best_value": 46.81230687755546,
    "mean_elapsed_time_s": 0.015860460000112653,
    "std_elapsed_time_s": 0.001914724644970124,
    "mean_iterations": 100.0,
    "min_iterations": 100,
    "max_iterations": 100
}