{
    "objective": "rastrigin",
    "evaluation_mode": "multiprocessing",
    "best_value": 63.81327316826286,
    "best_position": [
        0.9902403392599975,
        -0.02728909904674659,
        0.05523583931152214,
        2.0453415838736584,
        -0.9780541801900408,
        -0.947751572532014,
        1.0398260131846382,
        -0.9743107590296485,
        0.03240477873570668,
        0.03203099562183808,
        0.9575561919870247,
        -2.0078074211487698,
        0.01214787050631495,
        0.04023036996232265,
        -2.020613845910907,
        -0.9904168507890446,
        1.9921305556609992,
        0.9718820924056333,
        -2.011538546372434,
        0.9604084432577081,
        0.8127203489749806,
        0.03156552894613446,
        -2.878856714106706,
        1.032981974699778,
        0.005554399482495753,
        0.9979175528756099,
        -0.05784470868419003,
        1.9509522769006693,
        -2.034013724023244,
        -0.9586361028363555
    ],
    "elapsed_time_s": 0.30303229996934533,
    "iterations_completed": 100,
    "best_value_history": [
        381.9592586880927,
        381.28002850708265,
        334.2611034957025,
        334.2611034957025,
        334.2611034957025,
        308.7495633193686,
        287.0131446970205,
        287.0131446970205,
        263.1080583728758,
        261.8754299803619,
        235.68748666212375,
        235.68748666212375,
        232.4916610660062,
        220.68088755289975,
        220.68088755289975,
        200.0440833701607,
        200.0440833701607,
        200.0440833701607,
        200.0440833701607,
        186.46037982327948,
        181.38316450495824,
        181.38316450495824,
        181.38316450495824,
        169.88589751343105,
        156.88182088275673,
        150.59550386323937,
        150.59550386323937,
        150.59550386323937,
        150.59550386323937,
        143.90115070829935,
        132.82294356313622,
        116.11479519525886,
        116.11479519525886,
        116.11479519525886,
        102.12254307163619,
        96.51633180840096,
        91.12950971221032,
        89.49723320854358,
        85.5905144445792,
        82.91395935869674,
        81.35282419998762,
        80.03678970557627,
        78.07611126386652,
        75.66633166129246,
        73.25107256916621,
        72.2916038223717,
        71.57701505090533,
        70.46441432303344,
        69.82996892774334,
        68.54482983469745,
        67.94537197411776,
        67.67754807275199,
        66.9726861795589,
        66.56083642087803,
        66.38713367784106,
        65.93623910370658,
        65.593946369226,
        65.33551320638779,
        65.07381920190036,
        64.87154118897493,
        64.74806568514904,
        64.64904134210173,
        64.52442710038665,
        64.41938512593433,
        64.35664519725246,
        64.2995594087806,
        64.25144615918249,
        64.1862621208562,
        64.13935727189464,
        64.10237915070182,
        64.07043714099149,
        64.03776209880922,
        64.0076301459993,
        63.98710949518653,
        63.97199886038695,
        63.95025211883916,
        63.93676066330189,
        63.92135897806892,
        63.91029066004077,
        63.9005434944075,
        63.893038227142995,
        63.879999574631086,
        63.87190303393605,
        63.86794996426667,
        63.86118519079361,
        63.85485322941383,
        63.851351547705384,
        63.84715939147466,
        63.84339404635697,
        63.839934828949865,
        63.8353938901696,
        63.83230284247521,
        63.828278894042754,
        63.82564697443362,
        63.82379165853726,
        63.821518516381005,
        63.819789067883846,
        63.817746374790495,
        63.81612599618648,
        63.81327316826286
    ],
    "swarm_position_history": null,
    "timing_stats": {
        "total_time_s": 0.3030261999228969,
        "fitness_time_s": 0.29569969954900444,
        "velocity_update_time_s": 0.003101400099694729,
        "position_update_time_s": 0.0011539004044607282
    },
    "config": {
        "num_particles": 30,
        "dimensions": 30,
        "max_iterations": 100,
        "inertia_weight": 0.4,
        "cognitive_coefficient": 2.0,
        "social_coefficient": 1.0,
        "seed": 3,
        "tolerance": 0.0,
        "stagnation_patience": null,
        "track_history": true,
        "track_swarm_history": false
    }
}