{
    "objective": "rastrigin",
    "evaluation_mode": "multiprocessing",
    "best_value": 74.96960785578787,
    "best_position": [
        -0.9467602952738734,
        -0.9876863508769811,
        -0.9423001053377454,
        0.9955746772676768,
        0.0027911525384934485,
        -2.017466636468554,
        2.002923815503954,
        0.7843261151990384,
        -1.9848640881270483,
        0.0969799960562123,
        1.9485300705365292,
        2.025820817318473,
        -0.9461577138610431,
        -0.01477545112145293,
        0.005123219848432082,
        -0.9798930026409995,
        -1.0077927733293464,
        0.021207374641254453,
        2.0011443239012707,
        2.0412958766968816,
        1.0176364433014653,
        -1.041356665530948,
        2.9652765955673983,
        -0.015203462728977202,
        0.9400710442878075,
        1.9803707021654438,
        -0.002613619091457202,
        0.9892453059753652,
        -2.049683086842809,
        -1.9892676475903437
    ],
    "elapsed_time_s": 0.23555019998457283,
    "iterations_completed": 100,
    "best_value_history": [
        357.3260301376983,
        351.9162114844851,
        351.9162114844851,
        317.4758745087165,
        270.6087485024455,
        270.6087485024455,
        270.6087485024455,
        270.6087485024455,
        270.6087485024455,
        270.6087485024455,
        270.6087485024455,
        250.88509366856948,
        250.88509366856948,
        200.6389151336819,
        200.6389151336819,
        200.6389151336819,
        186.22741904894025,
        173.31568220109023,
        167.81933027474338,
        167.81933027474338,
        156.15101481405455,
        152.90888738339083,
        147.20510562225576,
        137.89220026980618,
        133.2318243234712,
        128.80939951128963,
        127.72698011127889,
        121.68554283400138,
        121.17965508469592,
        119.2105537930515,
        117.54961660331904,
        115.94026272648611,
        112.62396059818096,
        111.40967986894455,
        110.79164993235213,
        110.64604198982462,
        109.17316395573346,
        102.6893826928044,
        102.01135245690796,
        92.55254768554482,
        92.04450792786287,
        91.1250711794172,
        90.36458121078789,
        89.29326754320766,
        86.96923572247098,
        85.15292862877041,
        81.40693116944342,
        80.63723241039835,
        80.63723241039835,
        80.63723241039835,
        80.17739158949087,
        80.17739158949087,
        80.0127664176411,
        79.24627518501163,
        79.24627518501163,
        78.68681253270623,
        78.55501945779804,
        78.39647797769777,
        78.19401118584202,
        78.09010001966485,
        77.96244718782839,
        77.85546345241283,
        77.7810247887208,
        77.72240743551234,
        77.66739069153161,
        77.58339610830126,
        77.4977960868126,
        77.44436185695517,
        77.24309063362591,
        77.12271893774619,
        77.05280874379949,
        76.96731570418115,
        76.88979324917992,
        76.86081009150752,
        76.83150392066014,
        76.81658175345333,
        76.79764356944256,
        76.78793429780103,
        76.76931771216215,
        76.75842962888942,
        76.7503700558446,
        76.07477311925717,
        75.97933926106154,
        75.79981307946204,
        75.69267907125567,
        75.57447516556397,
        75.48424255386362,
        75.41881318952264,
        75.36096830583892,
        75.31294838580337,
        75.25973043885097,
        75.23579096069184,
        75.21118654919087,
        75.18909903726623,
        75.17239786450145,
        75.15848488374027,
        75.12612938467359,
        75.0622834501118,
        75.02345723862547,
        74.96960785578787
    ],
    "timing_stats": {
        "total_time_s": 0.23554439994040877,
        "fitness_time_s": 0.22973939997609705,
        "velocity_update_time_s": 0.0022641002433374524,
        "position_update_time_s": 0.0009346000151708722
    },
    "config": {
        "num_particles": 30,
        "dimensions": 30,
        "max_iterations": 100,
        "inertia_weight": 0.4,
        "cognitive_coefficient": 2.0,
        "social_coefficient": 1.0,
        "seed": 1,
        "tolerance": 0.0,
        "stagnation_patience": null,
        "track_history": true
    }
}