{
    "objective": "rastrigin",
    "evaluation_mode": "multiprocessing",
    "best_value": 108.17138321756337,
    "best_position": [
        -0.9049738501595223,
        1.9653113899195604,
        0.9859570361257036,
        1.0416163244583108,
        2.747974242247329,
        1.097942359983275,
        -0.0842970220230878,
        1.9714213429266239,
        1.8760138807029163,
        0.997243493140713,
        0.990917107446033,
        1.0317609110608965,
        -0.9861525723732694,
        -3.986917100525887,
        0.992591769898023,
        -3.0073119415313263,
        0.06378250293607395,
        1.0670404597549683,
        -0.9975135978598343,
        -0.9416743986943196,
        0.028832271177610926,
        2.000087563675284,
        2.9811833237455834,
        2.891488155219002,
        1.9546411700176833,
        0.9667466750641791,
        -0.02794500384157648,
        0.0058747445003325596,
        -1.0484588242919437,
        0.024838157720498088
    ],
    "elapsed_time_s": 0.23877739999443293,
    "iterations_completed": 100,
    "best_value_history": [
        327.8655945982416,
        327.8655945982416,
        327.8655945982416,
        327.8655945982416,
        321.39995248427437,
        312.04806682364926,
        312.04806682364926,
        304.2254687433268,
        271.40207852377887,
        271.40207852377887,
        248.40045260390357,
        248.40045260390357,
        212.00137268581474,
        212.00137268581474,
        212.00137268581474,
        209.95681951026793,
        209.95681951026793,
        208.2840268596479,
        208.2840268596479,
        187.19528442776442,
        187.19528442776442,
        187.19528442776442,
        185.7420470511505,
        184.4484251441246,
        180.5035965258326,
        178.85172751496245,
        161.88535253140043,
        154.79318067622182,
        154.79318067622182,
        149.00839054997854,
        148.59520498288117,
        140.61872999813224,
        133.9913365706038,
        133.61414229863135,
        130.62848510779932,
        130.062262795045,
        128.06711864399225,
        126.26583589739374,
        125.67250207944807,
        124.90420738467722,
        124.24875579880361,
        123.1020430274076,
        122.50387072198305,
        121.5359479887124,
        120.87766527355814,
        119.91107643978063,
        119.35153561290423,
        118.55009418481666,
        118.03682660762954,
        117.3241104191344,
        116.63620372971127,
        116.38094338712031,
        116.12073384377473,
        115.89794188077752,
        115.67751491682091,
        115.54916485218888,
        115.31712276279478,
        115.19483409938547,
        114.83739250157032,
        114.48164741389897,
        114.31034165219108,
        114.18730303411863,
        114.05322121171702,
        113.96213522189737,
        113.89061833745487,
        113.77713929955581,
        113.72801680414562,
        113.66289786761956,
        113.60650258742419,
        113.57336855494248,
        110.38886939946954,
        110.38886939946954,
        110.38886939946954,
        110.38886939946954,
        110.23886410631772,
        110.23886410631772,
        110.11693345912406,
        109.56441879177544,
        109.56441879177544,
        109.45457657126084,
        109.35813887646472,
        109.33337730079688,
        109.18786306586705,
        109.07517890972775,
        109.02268169616497,
        108.87602508259221,
        108.7825090552902,
        108.76159118950781,
        108.70156343098267,
        108.66812872329444,
        108.63087085335172,
        108.57721053457266,
        108.54465226092978,
        108.43059200134786,
        108.38863759186376,
        108.37021367754687,
        108.29658712597492,
        108.25784253272806,
        108.20444809222806,
        108.17138321756337
    ],
    "timing_stats": {
        "total_time_s": 0.23877170006744564,
        "fitness_time_s": 0.2328956995625049,
        "velocity_update_time_s": 0.0023130993358790874,
        "position_update_time_s": 0.000950599554926157
    },
    "config": {
        "num_particles": 30,
        "dimensions": 30,
        "max_iterations": 100,
        "inertia_weight": 0.4,
        "cognitive_coefficient": 2.0,
        "social_coefficient": 1.0,
        "seed": 4,
        "tolerance": 0.0,
        "stagnation_patience": null,
        "track_history": true
    }
}