{
    "objective": "rastrigin",
    "evaluation_mode": "multiprocessing",
    "best_value": 125.804025540846,
    "best_position": [
        -0.9503711705611612,
        0.9006290083759729,
        1.9926237008025214,
        0.9088228803311708,
        2.029033395313908,
        -0.010176571632848462,
        -0.9769805510399202,
        -0.9413446207166724,
        1.9948925122293533,
        -0.922829979960632,
        0.9955123648697148,
        1.080293107906173,
        2.0881301015096656,
        -1.9645775815669746,
        1.2102218080550018,
        -0.9941381899318269,
        -1.9983737970991629,
        -1.9794023881496365,
        -2.9781514521201404,
        -2.09541638006778,
        0.06450025506201128,
        -1.053684423416144,
        3.9828480262583565,
        1.948109289319327,
        -0.009830890231917896,
        2.2826480969480296,
        1.9027466807658284,
        0.9880207511697394,
        1.0120256675467183,
        -1.831115088056614
    ],
    "elapsed_time_s": 0.3145388999255374,
    "iterations_completed": 100,
    "best_value_history": [
        368.22926182952386,
        368.22926182952386,
        366.2129850677999,
        362.73744287578285,
        335.2493349673733,
        330.7047188188139,
        311.95086936467095,
        311.95086936467095,
        300.80365607508077,
        300.80365607508077,
        300.80365607508077,
        297.7199699860509,
        297.7199699860509,
        297.7199699860509,
        295.3100484691329,
        295.3100484691329,
        294.46324425181723,
        294.46324425181723,
        294.46324425181723,
        264.18420306747333,
        256.3447922940406,
        256.3447922940406,
        256.3447922940406,
        233.09032184929583,
        233.09032184929583,
        233.09032184929583,
        233.09032184929583,
        203.99157175001076,
        203.99157175001076,
        203.99157175001076,
        202.1507597712098,
        188.6236361914253,
        188.6236361914253,
        182.61136465356972,
        172.52568579277158,
        171.57329816511867,
        167.15076090287243,
        166.138762528871,
        162.60879797461106,
        161.85389562361735,
        157.1709735443641,
        152.06999662649008,
        150.3082994031668,
        148.55260879063775,
        147.15891685657928,
        143.9758066126477,
        139.57300609686862,
        139.5084892311156,
        137.6782035204933,
        136.80660859051403,
        135.68621623668855,
        133.7648919926689,
        132.94265301370953,
        132.0257906661265,
        130.99106857680937,
        130.00522632862297,
        129.56047357914446,
        128.87940059393182,
        128.3308625028261,
        128.09789846709938,
        127.77211248097936,
        127.5282464846048,
        127.27151046550757,
        127.05531144924737,
        126.91993834924462,
        126.75564107829425,
        126.6789337552072,
        126.58244603937533,
        126.43537226430772,
        126.30893364637564,
        126.21556432604494,
        126.15193309970205,
        126.08243887292303,
        126.03771639903141,
        126.0052326297117,
        125.97455322726424,
        125.94677252737374,
        125.92837071860771,
        125.91330306020288,
        125.9047401073304,
        125.89168887485353,
        125.88612763998972,
        125.87248073180577,
        125.86614678508958,
        125.85867840568814,
        125.85002007735312,
        125.84216096154046,
        125.83902276581088,
        125.83276586655688,
        125.8284254668033,
        125.82514549103172,
        125.82116283886393,
        125.81801990259761,
        125.81390793448458,
        125.81149003996158,
        125.80940822547163,
        125.80765029665294,
        125.80662412702061,
        125.80501825834241,
        125.804025540846
    ],
    "swarm_position_history": null,
    "timing_stats": {
        "total_time_s": 0.3145318999886513,
        "fitness_time_s": 0.3070602003717795,
        "velocity_update_time_s": 0.003066099714487791,
        "position_update_time_s": 0.0011627000058069825
    },
    "config": {
        "num_particles": 30,
        "dimensions": 30,
        "max_iterations": 100,
        "inertia_weight": 0.4,
        "cognitive_coefficient": 2.0,
        "social_coefficient": 1.0,
        "seed": 2,
        "tolerance": 0.0,
        "stagnation_patience": null,
        "track_history": true,
        "track_swarm_history": false
    }
}