{
    "objective": "rastrigin",
    "evaluation_mode": "multiprocessing",
    "best_value": 63.81327316826284,
    "best_position": [
        0.9902403392599975,
        -0.02728909904674659,
        0.05523583931152214,
        2.0453415838736584,
        -0.9780541801900408,
        -0.947751572532014,
        1.0398260131846382,
        -0.9743107590296485,
        0.03240477873570668,
        0.03203099562183808,
        0.9575561919870247,
        -2.0078074211487698,
        0.01214787050631495,
        0.04023036996232265,
        -2.020613845910907,
        -0.9904168507890446,
        1.9921305556609992,
        0.9718820924056333,
        -2.011538546372434,
        0.9604084432577081,
        0.8127203489749806,
        0.03156552894613446,
        -2.878856714106706,
        1.032981974699778,
        0.005554399482495753,
        0.9979175528756099,
        -0.05784470868419003,
        1.9509522769006693,
        -2.034013724023244,
        -0.9586361028363555
    ],
    "elapsed_time_s": 0.23742440005298704,
    "iterations_completed": 100,
    "best_value_history": [
        381.95925868809275,
        381.28002850708265,
        334.26110349570246,
        334.26110349570246,
        334.26110349570246,
        308.74956331936863,
        287.0131446970205,
        287.0131446970205,
        263.1080583728758,
        261.87542998036184,
        235.68748666212377,
        235.68748666212377,
        232.49166106600615,
        220.68088755289978,
        220.68088755289978,
        200.0440833701607,
        200.0440833701607,
        200.0440833701607,
        200.0440833701607,
        186.46037982327948,
        181.38316450495822,
        181.38316450495822,
        181.38316450495822,
        169.88589751343105,
        156.8818208827567,
        150.59550386323937,
        150.59550386323937,
        150.59550386323937,
        150.59550386323937,
        143.9011507082994,
        132.8229435631362,
        116.11479519525884,
        116.11479519525884,
        116.11479519525884,
        102.12254307163622,
        96.51633180840093,
        91.12950971221036,
        89.49723320854358,
        85.59051444457921,
        82.91395935869676,
        81.35282419998765,
        80.0367897055763,
        78.07611126386652,
        75.66633166129245,
        73.25107256916618,
        72.29160382237171,
        71.57701505090529,
        70.4644143230334,
        69.82996892774338,
        68.54482983469748,
        67.94537197411776,
        67.67754807275199,
        66.97268617955893,
        66.56083642087805,
        66.38713367784104,
        65.93623910370661,
        65.59394636922599,
        65.33551320638776,
        65.07381920190039,
        64.87154118897496,
        64.74806568514907,
        64.64904134210175,
        64.52442710038662,
        64.41938512593433,
        64.35664519725245,
        64.29955940878062,
        64.25144615918248,
        64.18626212085618,
        64.13935727189462,
        64.10237915070184,
        64.07043714099149,
        64.03776209880925,
        64.00763014599929,
        63.9871094951865,
        63.97199886038695,
        63.95025211883916,
        63.9367606633019,
        63.92135897806895,
        63.910290660040744,
        63.900543494407515,
        63.893038227142995,
        63.879999574631114,
        63.871903033936064,
        63.86794996426667,
        63.861185190793606,
        63.85485322941386,
        63.85135154770538,
        63.84715939147466,
        63.84339404635699,
        63.83993482894985,
        63.83539389016963,
        63.83230284247517,
        63.828278894042796,
        63.825646974433596,
        63.82379165853726,
        63.82151851638099,
        63.819789067883846,
        63.81774637479049,
        63.81612599618646,
        63.81327316826284
    ],
    "timing_stats": {
        "total_time_s": 0.23741870000958443,
        "fitness_time_s": 0.23143570020329207,
        "velocity_update_time_s": 0.002400900353677571,
        "position_update_time_s": 0.0009790001204237342
    },
    "config": {
        "num_particles": 30,
        "dimensions": 30,
        "max_iterations": 100,
        "inertia_weight": 0.4,
        "cognitive_coefficient": 2.0,
        "social_coefficient": 1.0,
        "seed": 3,
        "tolerance": 0.0,
        "stagnation_patience": null,
        "track_history": true
    }
}