{
    "objective": "rosenbrock",
    "evaluation_mode": null,
    "best_value": 96.79980884826948,
    "best_position": [
        -0.9106229375578998,
        0.806104773643956,
        0.5257150991947623,
        0.15262433361724237,
        -0.009079901354109243,
        0.04518879751935606,
        -0.23030279562792122,
        0.5947140700150984,
        0.7894179645507412,
        0.9200064300420536,
        0.9816241265270976,
        1.0200705583515006,
        1.0614273741278613,
        1.0790521110155369,
        1.0390700861604159,
        0.8828612622016208,
        0.7297489647023276,
        0.49337346089760303,
        0.21947328005829872,
        0.09923505510730293,
        -0.0384209639941022,
        -0.024287720306782307,
        0.0560673940613958,
        0.12112334003566408,
        0.09753663677408839,
        0.053486260040472744,
        -0.04988113235749119,
        0.039817913111602404,
        -0.04865315718082249,
        0.01320857718103996
    ],
    "elapsed_time_s": 0.015089199994690716,
    "iterations_completed": 100,
    "best_value_history": [
        4857.039430729968,
        4857.039430729968,
        4857.039430729968,
        4857.039430729968,
        3657.4176447194504,
        3657.4176447194504,
        3657.4176447194504,
        3657.4176447194504,
        3382.2951336132355,
        3303.796271762673,
        2953.089982984943,
        2445.5354715436533,
        2248.2142963561787,
        2248.2142963561787,
        2248.2142963561787,
        2051.211734756852,
        2051.211734756852,
        1752.8660109088532,
        1297.7608072641783,
        1234.7550090411116,
        984.4998993556242,
        931.1355612935607,
        801.4543236079965,
        801.4543236079965,
        757.6753802212315,
        757.6753802212315,
        744.1233474091241,
        744.1233474091241,
        653.7693850493026,
        599.9341029896418,
        567.0167514002597,
        493.20266313093936,
        493.20266313093936,
        493.20266313093936,
        493.20266313093936,
        493.20266313093936,
        486.1174679305696,
        486.1174679305696,
        486.1174679305696,
        465.83301290024224,
        380.46933689607465,
        365.9548239680695,
        361.636912318458,
        281.761764832612,
        281.761764832612,
        266.8081857869071,
        244.27922500189976,
        244.27922500189976,
        239.43229809827614,
        238.39560903797647,
        225.87327081260767,
        225.87327081260767,
        210.47045710586315,
        207.68879440153964,
        206.56736503487394,
        206.56736503487394,
        204.67742319515128,
        195.93645484182352,
        195.93645484182352,
        195.93645484182352,
        194.60014232334862,
        191.38850552252399,
        189.10292840070392,
        177.96188264991545,
        174.66122472428282,
        159.21060765306734,
        159.21060765306734,
        159.21060765306734,
        154.28825306937713,
        150.68031085299248,
        144.6060165941542,
        140.05125118467564,
        140.05125118467564,
        132.52613370140554,
        129.7832306233045,
        128.35412464961783,
        124.75436257329667,
        123.17804798439937,
        120.14656623933865,
        120.14656623933865,
        120.14656623933865,
        115.50480828299939,
        115.50480828299939,
        113.2544120558567,
        111.33639970510696,
        108.0276304765868,
        108.0276304765868,
        107.69997126862529,
        107.42865572609055,
        107.24204647090416,
        105.05728524733274,
        104.07267348836635,
        103.45143435233523,
        101.65355221832846,
        100.22210019510572,
        100.20199627888768,
        97.83866491805914,
        97.83866491805914,
        96.79980884826948,
        96.79980884826948
    ],
    "swarm_position_history": null,
    "timing_stats": {
        "total_time_s": 0.015083099948242307,
        "fitness_time_s": 0.012749398709274828,
        "velocity_update_time_s": 0.0011580989230424166,
        "position_update_time_s": 0.0005682009505107999
    },
    "config": {
        "num_particles": 30,
        "dimensions": 30,
        "max_iterations": 100,
        "inertia_weight": 0.7,
        "cognitive_coefficient": 1.5,
        "social_coefficient": 1.5,
        "seed": 4,
        "tolerance": 0.0,
        "stagnation_patience": null,
        "track_history": true,
        "track_swarm_history": false
    }
}