{
    "objective": "rosenbrock",
    "evaluation_mode": null,
    "best_value": 44.60647620494794,
    "best_position": [
        0.8040892625842735,
        0.6450603114723862,
        0.3798544853922063,
        0.20826233785901047,
        0.10638776755736029,
        0.06535074320330439,
        -0.10224129720669901,
        0.11602421660287099,
        0.18884356005272881,
        0.09947555662790011,
        0.15003046412298995,
        0.04811954342131204,
        -0.11863273374223975,
        -0.05717489836687731,
        0.13503545841741638,
        0.029145358519453164,
        0.06333995914329868,
        -0.031894237898474925,
        -0.08608475516165565,
        0.03425179630948431,
        0.0005352819882768894,
        -0.19956244374490156,
        0.05968301817631217,
        0.0018937484133791926,
        -0.03187595507278457,
        0.03277679244396943,
        -0.0814970030228842,
        0.03738538522624919,
        -0.01810382083461885,
        0.0008953564379555797
    ],
    "elapsed_time_s": 0.014400299987755716,
    "iterations_completed": 100,
    "best_value_history": [
        4383.452800954631,
        4383.452800954631,
        4383.452800954631,
        4383.452800954631,
        3352.370300689088,
        3074.837393072756,
        2913.5924541459162,
        2913.5924541459162,
        2262.7623723939814,
        1693.8186047342986,
        1428.7370906717745,
        1428.7370906717745,
        1428.7370906717745,
        1428.7370906717745,
        1168.9517170048216,
        927.772558331003,
        927.772558331003,
        927.772558331003,
        924.1370641961356,
        924.1370641961356,
        924.1370641961356,
        924.1370641961356,
        893.7717049907411,
        769.2547250993072,
        727.7157984205327,
        610.5914271778009,
        605.1402982513059,
        521.0642461608743,
        503.6966736050654,
        414.2955706660248,
        405.1231674609025,
        353.4859197563866,
        334.89460434067973,
        334.89460434067973,
        333.2145119044668,
        299.10711963473716,
        287.80672750067896,
        281.21374989571405,
        249.01587740985843,
        244.53133963388348,
        234.6137544130997,
        184.51446420029987,
        173.71179654436276,
        173.71179654436276,
        161.2499423737022,
        139.86529157703598,
        139.86529157703598,
        139.86529157703598,
        139.86529157703598,
        132.9589162065525,
        132.9589162065525,
        132.81410234960407,
        123.88907614702828,
        119.612614501004,
        119.612614501004,
        117.12513584274414,
        117.12513584274414,
        113.13039728346132,
        113.13039728346132,
        113.13039728346132,
        113.13039728346132,
        102.96159193643976,
        102.21766242106435,
        93.56639376982281,
        93.07231054494113,
        93.07231054494113,
        93.07231054494113,
        88.84392355985719,
        82.09318331551619,
        81.2876635710204,
        75.75624262693108,
        75.75624262693108,
        75.75624262693108,
        73.46919835929297,
        72.78966736649886,
        72.78966736649886,
        67.58086879817823,
        66.74159420474058,
        66.74159420474058,
        64.5552639306243,
        62.697076581894535,
        60.23801466011817,
        58.73677174822146,
        56.78772732347073,
        56.657848131271564,
        56.381774330373105,
        56.381774330373105,
        55.10231904175051,
        55.10231904175051,
        54.80407053191395,
        52.70674877436436,
        50.58376555068775,
        50.58376555068775,
        49.16872409233353,
        49.16872409233353,
        48.08135130565429,
        46.74226601659528,
        46.74226601659528,
        44.60647620494794,
        44.60647620494794
    ],
    "swarm_position_history": null,
    "timing_stats": {
        "total_time_s": 0.014393399935215712,
        "fitness_time_s": 0.012390900519676507,
        "velocity_update_time_s": 0.0009627996478229761,
        "position_update_time_s": 0.0005050997715443373
    },
    "config": {
        "num_particles": 30,
        "dimensions": 30,
        "max_iterations": 100,
        "inertia_weight": 0.7,
        "cognitive_coefficient": 1.5,
        "social_coefficient": 1.5,
        "seed": 3,
        "tolerance": 0.0,
        "stagnation_patience": null,
        "track_history": true,
        "track_swarm_history": false
    }
}