{
    "objective": "rosenbrock",
    "evaluation_mode": null,
    "best_value": 23.945052277349944,
    "best_position": [
        0.9504406330565031,
        0.9011777343994358,
        0.8119411716917401,
        0.6622732763471907,
        0.4368979480671107,
        0.18887188162384877,
        0.014421451148455257,
        0.005084999890053097,
        0.009405758117852067,
        0.011665976851418658,
        0.01149023960380315,
        0.009885547612386749,
        0.010657538914859314,
        0.010878095403786257,
        0.012608174168324668,
        0.014774644998858586,
        0.008732659292814277,
        0.007956971564608816,
        0.009010082532047563,
        0.011243321915538985,
        0.009119288451374018,
        0.015012270672404134,
        0.010518683098835501,
        0.010559464985519075,
        0.00983142834916813,
        0.013717764714237133,
        0.010771917733160998,
        0.009810784137403791,
        0.01325963477812983,
        0.0028416713438682946
    ],
    "elapsed_time_s": 0.07271680003032088,
    "iterations_completed": 500,
    "best_value_history": [
        4383.452800954631,
        4383.452800954631,
        4383.452800954631,
        4383.452800954631,
        3352.370300689088,
        3074.837393072756,
        2913.5924541459162,
        2913.5924541459162,
        2262.7623723939814,
        1693.8186047342986,
        1428.7370906717745,
        1428.7370906717745,
        1428.7370906717745,
        1428.7370906717745,
        1168.9517170048216,
        927.772558331003,
        927.772558331003,
        927.772558331003,
        924.1370641961356,
        924.1370641961356,
        924.1370641961356,
        924.1370641961356,
        893.7717049907411,
        769.2547250993072,
        727.7157984205327,
        610.5914271778009,
        605.1402982513059,
        521.0642461608743,
        503.6966736050654,
        414.2955706660248,
        405.1231674609025,
        353.4859197563866,
        334.89460434067973,
        334.89460434067973,
        333.2145119044668,
        299.10711963473716,
        287.80672750067896,
        281.21374989571405,
        249.01587740985843,
        244.53133963388348,
        234.6137544130997,
        184.51446420029987,
        173.71179654436276,
        173.71179654436276,
        161.2499423737022,
        139.86529157703598,
        139.86529157703598,
        139.86529157703598,
        139.86529157703598,
        132.9589162065525,
        132.9589162065525,
        132.81410234960407,
        123.88907614702828,
        119.612614501004,
        119.612614501004,
        117.12513584274414,
        117.12513584274414,
        113.13039728346132,
        113.13039728346132,
        113.13039728346132,
        113.13039728346132,
        102.96159193643976,
        102.21766242106435,
        93.56639376982281,
        93.07231054494113,
        93.07231054494113,
        93.07231054494113,
        88.84392355985719,
        82.09318331551619,
        81.2876635710204,
        75.75624262693108,
        75.75624262693108,
        75.75624262693108,
        73.46919835929297,
        72.78966736649886,
        72.78966736649886,
        67.58086879817823,
        66.74159420474058,
        66.74159420474058,
        64.5552639306243,
        62.697076581894535,
        60.23801466011817,
        58.73677174822146,
        56.78772732347073,
        56.657848131271564,
        56.381774330373105,
        56.381774330373105,
        55.10231904175051,
        55.10231904175051,
        54.80407053191395,
        52.70674877436436,
        50.58376555068775,
        50.58376555068775,
        49.16872409233353,
        49.16872409233353,
        48.08135130565429,
        46.74226601659528,
        46.74226601659528,
        44.60647620494794,
        44.60647620494794,
        42.88190170347063,
        42.88190170347063,
        41.564359701723376,
        40.557690415053194,
        40.40306507210368,
        39.763413992986514,
        39.05430274676456,
        38.335394429924435,
        37.14792179083885,
        37.11995412280491,
        35.672096232712455,
        35.672096232712455,
        35.5178544076228,
        34.67657741387448,
        34.39178696464523,
        33.41539428666882,
        32.66848588443224,
        32.44083091091647,
        32.11543549213751,
        31.714004502334856,
        31.65400255262537,
        31.65400255262537,
        30.98370310281549,
        30.61130065811938,
        30.075957116225403,
        29.96669562417494,
        29.87209982082702,
        29.576615678251038,
        29.246807665074414,
        29.07088844768889,
        28.663862876646974,
        28.434506817112524,
        28.22173707226917,
        28.20891548455663,
        27.930808964039613,
        27.741369811229912,
        27.61490113180891,
        27.528733910014004,
        27.528733910014004,
        27.528733910014004,
        27.528733910014004,
        27.389019171112732,
        27.186892500023085,
        27.07895725705118,
        27.07895725705118,
        27.07895725705118,
        27.029851564896656,
        27.024494099817613,
        27.024494099817613,
        27.000957866478313,
        26.985580853299727,
        26.92405398666307,
        26.92405398666307,
        26.92405398666307,
        26.879067190507044,
        26.838255384440885,
        26.75807293404497,
        26.75807293404497,
        26.746113324674567,
        26.72637129441172,
        26.63829959533332,
        26.63829959533332,
        26.63829959533332,
        26.63732091925413,
        26.56427557040162,
        26.56427557040162,
        26.534218220834035,
        26.534218220834035,
        26.523685671895745,
        26.50988780490612,
        26.458262335579168,
        26.333731392205735,
        26.23671750969019,
        26.227954558534275,
        26.15975586559956,
        26.13380422794402,
        26.131028456486156,
        26.126965915247265,
        26.091501425396324,
        26.074829938947417,
        26.074829938947417,
        26.049298166416097,
        26.049298166416097,
        26.049298166416097,
        26.043756270008686,
        26.028791353232233,
        26.028791353232233,
        26.028791353232233,
        26.028791353232233,
        26.02388461374152,
        26.016797620603,
        26.016348181044563,
        26.006336147250746,
        25.993241643283135,
        25.98287057816413,
        25.974899670190258,
        25.974899670190258,
        25.974899670190258,
        25.974899670190258,
        25.964791655062676,
        25.959533212682985,
        25.959533212682985,
        25.95942994345431,
        25.95146295777258,
        25.95146295777258,
        25.943799563758958,
        25.933656331463638,
        25.930185846887998,
        25.930185846887998,
        25.927703852622773,
        25.920647261235718,
        25.90607961600857,
        25.90607961600857,
        25.899391877989988,
        25.899391877989988,
        25.894789289600084,
        25.892546034573535,
        25.89136434437527,
        25.890218420047894,
        25.887598061922986,
        25.87841742007847,
        25.876280422360118,
        25.872960837193716,
        25.87017814497741,
        25.86743835022258,
        25.865388414780178,
        25.864964668523296,
        25.862269808996693,
        25.85664038017951,
        25.85499215052659,
        25.849545091194713,
        25.849545091194713,
        25.84541521385736,
        25.843535522539625,
        25.83627384186093,
        25.83206295587979,
        25.831031115084876,
        25.8277150023565,
        25.82484898276557,
        25.820191057970067,
        25.820191057970067,
        25.815634366433322,
        25.814703254497964,
        25.812878138774828,
        25.812797597187625,
        25.809527843529583,
        25.809527843529583,
        25.808004811585356,
        25.80544600768308,
        25.801824655339082,
