{
    "objective": "rosenbrock",
    "evaluation_mode": null,
    "best_value": 14.560150403852303,
    "best_position": [
        -0.9910474670707664,
        0.9939138063711045,
        0.997881370261039,
        0.9965471994907399,
        0.9963746987956544,
        0.9953268451936012,
        0.9885670178410537,
        0.9723372471682633,
        0.9830481110001317,
        0.9876789449386771,
        0.9892987903629928,
        0.9884268541568484,
        0.9787634546726736,
        0.9606205754297842,
        0.9303499825545662,
        0.8704654472512651,
        0.7623774833490868,
        0.5852111066951247,
        0.347989870229678,
        0.13189081123560092,
        0.02769266140798972,
        0.009393695258189892,
        0.01192188044898725,
        0.010472008323185004,
        0.009229265109784265,
        0.010979989166172778,
        0.010012888035219703,
        0.008692523272738674,
        -0.003085225178945035,
        0.0007693245921640074
    ],
    "elapsed_time_s": 0.0689084999030456,
    "iterations_completed": 500,
    "best_value_history": [
        4857.039430729968,
        4857.039430729968,
        4857.039430729968,
        4857.039430729968,
        3657.4176447194504,
        3657.4176447194504,
        3657.4176447194504,
        3657.4176447194504,
        3382.2951336132355,
        3303.796271762673,
        2953.089982984943,
        2445.5354715436533,
        2248.2142963561787,
        2248.2142963561787,
        2248.2142963561787,
        2051.211734756852,
        2051.211734756852,
        1752.8660109088532,
        1297.7608072641783,
        1234.7550090411116,
        984.4998993556242,
        931.1355612935607,
        801.4543236079965,
        801.4543236079965,
        757.6753802212315,
        757.6753802212315,
        744.1233474091241,
        744.1233474091241,
        653.7693850493026,
        599.9341029896418,
        567.0167514002597,
        493.20266313093936,
        493.20266313093936,
        493.20266313093936,
        493.20266313093936,
        493.20266313093936,
        486.1174679305696,
        486.1174679305696,
        486.1174679305696,
        465.83301290024224,
        380.46933689607465,
        365.9548239680695,
        361.636912318458,
        281.761764832612,
        281.761764832612,
        266.8081857869071,
        244.27922500189976,
        244.27922500189976,
        239.43229809827614,
        238.39560903797647,
        225.87327081260767,
        225.87327081260767,
        210.47045710586315,
        207.68879440153964,
        206.56736503487394,
        206.56736503487394,
        204.67742319515128,
        195.93645484182352,
        195.93645484182352,
        195.93645484182352,
        194.60014232334862,
        191.38850552252399,
        189.10292840070392,
        177.96188264991545,
        174.66122472428282,
        159.21060765306734,
        159.21060765306734,
        159.21060765306734,
        154.28825306937713,
        150.68031085299248,
        144.6060165941542,
        140.05125118467564,
        140.05125118467564,
        132.52613370140554,
        129.7832306233045,
        128.35412464961783,
        124.75436257329667,
        123.17804798439937,
        120.14656623933865,
        120.14656623933865,
        120.14656623933865,
        115.50480828299939,
        115.50480828299939,
        113.2544120558567,
        111.33639970510696,
        108.0276304765868,
        108.0276304765868,
        107.69997126862529,
        107.42865572609055,
        107.24204647090416,
        105.05728524733274,
        104.07267348836635,
        103.45143435233523,
        101.65355221832846,
        100.22210019510572,
        100.20199627888768,
        97.83866491805914,
        97.83866491805914,
        96.79980884826948,
        96.79980884826948,
        96.79980884826948,
        96.5832502864155,
        96.5832502864155,
        96.52131368547963,
        95.49244468331356,
        94.71417132878602,
        94.71417132878602,
        93.93436621497683,
        93.93436621497683,
        93.93436621497683,
        93.93436621497683,
        93.93436621497683,
        93.47600214510751,
        92.53737652153198,
        91.55838477797724,
        90.53382594597572,
        90.50563479400111,
        90.01565352106928,
        89.97813483612414,
        89.97813483612414,
        89.97813483612414,
        89.97813483612414,
        89.51093685398673,
        89.51093685398673,
        89.51093685398673,
        89.51093685398673,
        89.51093685398673,
        89.51093685398673,
        89.40659455402412,
        88.04085943724178,
        86.61322256282806,
        85.85486012234342,
        85.85486012234342,
        85.66615327987509,
        85.48314490613791,
        85.48314490613791,
        85.48314490613791,
        85.48314490613791,
        85.16479010094567,
        85.00438112209433,
        84.95068179147965,
        84.7869570848787,
        84.7869570848787,
        84.7869570848787,
        84.78191166250859,
        84.75468576415066,
        84.68728732390505,
        84.58038842158182,
        84.58038842158182,
        84.49400533256751,
        84.39098886014354,
        84.3674496137664,
        84.01794130282741,
        83.88100047790263,
        83.88100047790263,
        83.64570227533113,
        83.58650085385072,
        83.58650085385072,
        83.47822192128287,
        83.44744856700594,
        83.40227249275894,
        83.19330441401335,
        83.0278863267543,
        83.0278863267543,
        83.0278863267543,
        83.0278863267543,
        82.95441599949505,
        82.86046601352841,
        82.84234923536097,
        82.803931114089,
        82.68160339150214,
        82.68160339150214,
        82.68160339150214,
        82.64191483253288,
        82.64191483253288,
        82.57823530080397,
        82.57823530080397,
        82.5409033935031,
        82.5409033935031,
        82.52872988291695,
        82.52763104349579,
        82.48303596131174,
        82.42333719487151,
        82.42333719487151,
        82.41322784555194,
        82.38255836074931,
        82.36773179647172,
        82.35755977250783,
        82.35755977250783,
        82.31189520514167,
        82.28881860602657,
        82.25983138201751,
        82.21103402660925,
        82.16333403645254,
        82.16333403645254,
        82.16333403645254,
        82.11343633922891,
        82.11343633922891,
        82.11343633922891,
        82.09642406846838,
        82.06320420371222,
        82.05338308850445,
        82.0127224116572,
        81.98072251112386,
        81.96664178578729,
        81.91848618699012,
        81.91848618699012,
        81.90828284415745,
        81.89263029503806,
        81.88487408684631,
        81.8755545120161,
        81.87208494158669,
        81.86815557594758,
        81.81811610058539,
        81.63529969074332,
        80.97536927255464,
        80.93058183898452,
        80.93058183898452,
        80.914286827377,
        80.9092388359251,
        80.89463351077981,
        80.83564128728551,
        80.78460709596887,
        80.72741510797158,
        80.62679696682736,
        80.59990958851267,
        80.59125890728916,
        80.58198954461872,
        80.55336918461823,
        80.55336918461823,
        80.55336918461823,
        80.52286027751543,
        80.49768187496129,
        80.49768187496129,
        80.49098758276799,
        80.47098893002662,
        80.44254685296906,
        80.40291896062632,
        80.3668924917918,
        80.36307814237324,
        80.36307814237324,
        80.3409915414504,
        80.3409915414504,
        80.3409915414504,
        80.3409915414504,
        80.32319004460685,
        80.31017894605719,
        80.29577155661386,
        80.28415833949423,
        80.25018135630427,
        80.2470350196528,
        80.21841025555092,
        80.17628004342407,
        80.15002537484311,
