{
    "objective_name": "sphere",
    "num_runs": 5,
    "mean_best_value": 0.014214624701445014,
    "std_best_value": 0.01333933529990612,
    "min_best_value": 0.0001642846662017919,
    "max_best_value": 0.039104688261444344,
    "mean_elapsed_time_s": 0.006716339988633991,
    "std_elapsed_time_s": 0.0002834969841358372,
    "mean_iterations": 100.0,
    "min_iterations": 100,
    "max_iterations": 100
}