{
    "objective_name": "sphere",
    "num_runs": 5,
    "mean_best_value": 1.885787536770015,
    "std_best_value": 0.4238436188419909,
    "min_best_value": 1.369665086706121,
    "max_best_value": 2.654942977182858,
    "mean_elapsed_time_s": 0.006629680015612394,
    "std_elapsed_time_s": 7.873427725494832e-05,
    "mean_iterations": 100.0,
    "min_iterations": 100,
    "max_iterations": 100
}