{
    "objective_name": "sphere",
    "num_runs": 5,
    "mean_best_value": 7.353917834614317,
    "std_best_value": 1.0644265495375136,
    "min_best_value": 5.4464174542066965,
    "max_best_value": 8.492945141993273,
    "mean_elapsed_time_s": 0.006566479988396168,
    "std_elapsed_time_s": 0.0001321482675438199,
    "mean_iterations": 100.0,
    "min_iterations": 100,
    "max_iterations": 100
}