{
    "objective_name": "sphere",
    "num_runs": 5,
    "mean_best_value": 0.5290068528141806,
    "std_best_value": 0.3052577959103858,
    "min_best_value": 0.23379634403366792,
    "max_best_value": 0.9730064145078073,
    "mean_elapsed_time_s": 0.006695999996736646,
    "std_elapsed_time_s": 0.00017902235846164495,
    "mean_iterations": 100.0,
    "min_iterations": 100,
    "max_iterations": 100
}