{
    "objective_name": "sphere",
    "num_runs": 5,
    "mean_best_value": 0.000526039330856105,
    "std_best_value": 0.0002896848629338801,
    "min_best_value": 0.00019335346338498024,
    "max_best_value": 0.0009622640873948509,
    "mean_elapsed_time_s": 0.006691499997396022,
    "std_elapsed_time_s": 0.00021446471627250145,
    "mean_iterations": 100.0,
    "min_iterations": 100,
    "max_iterations": 100
}