{
    "objective_name": "sphere",
    "num_runs": 5,
    "mean_best_value": 1.2522376613977486,
    "std_best_value": 0.8452291571721426,
    "min_best_value": 0.20810569011354998,
    "max_best_value": 2.2858627371520974,
    "mean_elapsed_time_s": 0.00671521999174729,
    "std_elapsed_time_s": 0.0001029001786796998,
    "mean_iterations": 100.0,
    "min_iterations": 100,
    "max_iterations": 100
}