{
    "objective_name": "sphere",
    "num_runs": 5,
    "mean_best_value": 0.5715503635254237,
    "std_best_value": 0.36963393305106373,
    "min_best_value": 0.1962844029178288,
    "max_best_value": 1.217024533153454,
    "mean_elapsed_time_s": 0.006642180006019771,
    "std_elapsed_time_s": 0.00019354129456340064,
    "mean_iterations": 100.0,
    "min_iterations": 100,
    "max_iterations": 100
}