{
    "objective_name": "sphere",
    "num_runs": 5,
    "mean_best_value": 2.212053997238328,
    "std_best_value": 1.3488920981953285,
    "min_best_value": 0.8586528549768787,
    "max_best_value": 4.661987740555961,
    "mean_elapsed_time_s": 0.006563379999715835,
    "std_elapsed_time_s": 6.110465644781557e-05,
    "mean_iterations": 100.0,
    "min_iterations": 100,
    "max_iterations": 100
}