{
    "objective_name": "sphere",
    "num_runs": 5,
    "mean_best_value": 0.8106114617569216,
    "std_best_value": 0.42502725491039417,
    "min_best_value": 0.23659438094617197,
    "max_best_value": 1.5037692178123985,
    "mean_elapsed_time_s": 0.006640359980519861,
    "std_elapsed_time_s": 0.0002098610371280612,
    "mean_iterations": 100.0,
    "min_iterations": 100,
    "max_iterations": 100
}