{
    "objective_name": "sphere",
    "num_runs": 5,
    "mean_best_value": 0.22689987858915212,
    "std_best_value": 0.14409846821331168,
    "min_best_value": 0.0875515410923268,
    "max_best_value": 0.4553244313639383,
    "mean_elapsed_time_s": 0.006597620015963912,
    "std_elapsed_time_s": 0.00017882359844132893,
    "mean_iterations": 100.0,
    "min_iterations": 100,
    "max_iterations": 100
}