{
    "objective_name": "sphere",
    "num_runs": 5,
    "mean_best_value": 8.329366217535036,
    "std_best_value": 3.955972762854083,
    "min_best_value": 6.039934739168566,
    "max_best_value": 16.23355737071024,
    "mean_elapsed_time_s": 0.0065416399971582,
    "std_elapsed_time_s": 6.210382454668824e-05,
    "mean_iterations": 100.0,
    "min_iterations": 100,
    "max_iterations": 100
}