{
    "objective_name": "sphere",
    "num_runs": 5,
    "mean_best_value": 0.001528801104216268,
    "std_best_value": 0.0007372836713926208,
    "min_best_value": 0.0003085443962244397,
    "max_best_value": 0.0025940033419097814,
    "mean_elapsed_time_s": 0.006628959998488426,
    "std_elapsed_time_s": 9.063809838941964e-05,
    "mean_iterations": 100.0,
    "min_iterations": 100,
    "max_iterations": 100
}