{
    "objective_name": "sphere",
    "num_runs": 5,
    "mean_best_value": 3.8677956072838997,
    "std_best_value": 0.7907985712127621,
    "min_best_value": 2.3182914292920933,
    "max_best_value": 4.47549637003638,
    "mean_elapsed_time_s": 0.006678100000135601,
    "std_elapsed_time_s": 0.00018059992489080393,
    "mean_iterations": 100.0,
    "min_iterations": 100,
    "max_iterations": 100
}