{
    "objective_name": "sphere",
    "num_runs": 5,
    "mean_best_value": 1.4642034245191807e-08,
    "std_best_value": 1.2209496543524646e-08,
    "min_best_value": 1.3973187451785004e-09,
    "max_best_value": 3.385413761614766e-08,
    "mean_elapsed_time_s": 0.006644880003295839,
    "std_elapsed_time_s": 0.00013875777855659098,
    "mean_iterations": 100.0,
    "min_iterations": 100,
    "max_iterations": 100
}