{
    "objective_name": "sphere",
    "num_runs": 5,
    "mean_best_value": 0.18660415357262464,
    "std_best_value": 0.1666057331696515,
    "min_best_value": 0.002884234833405468,
    "max_best_value": 0.39322911841395375,
    "mean_elapsed_time_s": 0.006712480005808175,
    "std_elapsed_time_s": 0.0003500819557048951,
    "mean_iterations": 100.0,
    "min_iterations": 100,
    "max_iterations": 100
}