{
    "objective": "sphere",
    "evaluation_mode": "sequential",
    "best_value": 3.6031300901916456e-38,
    "best_position": [
        1.1452067300816146e-19,
        -1.5138136066132519e-19
    ],
    "elapsed_time_s": 0.01491379999788478,
    "iterations_completed": 100,
    "best_value_history": [
        0.03831138234535373,
        0.012484347623481941,
        0.004349965705789758,
        0.004349965705789758,
        0.0005356163985769683,
        0.0005356163985769683,
        0.0005356163985769683,
        0.00024015780758343406,
        0.0001401717591904506,
        2.6156512154464046e-05,
        1.2939640774995343e-05,
        1.2939640774995343e-05,
        6.298305597153978e-06,
        1.2728914764920627e-06,
        1.2728914764920627e-06,
        1.2122305975154542e-07,
        3.6607574818639605e-08,
        3.6607574818639605e-08,
        5.612508984599974e-09,
        5.612508984599974e-09,
        1.783417544764051e-09,
        1.783417544764051e-09,
        1.783417544764051e-09,
        9.468544538945402e-11,
        9.468544538945402e-11,
        1.2991528452002663e-11,
        1.2991528452002663e-11,
        5.998230866143373e-12,
        5.998230866143373e-12,
        5.998230866143373e-12,
        1.6150368826651662e-12,
        7.870789798831952e-13,
        5.374689828579342e-13,
        9.707245010121848e-15,
        4.505498660452379e-15,
        4.505498660452379e-15,
        4.505498660452379e-15,
        4.505498660452379e-15,
        2.5396462468875825e-15,
        2.127744505095163e-15,
        1.0151835313585522e-16,
        1.0151835313585522e-16,
        1.4581204072061022e-17,
        1.049622165426213e-18,
        1.049622165426213e-18,
        1.049622165426213e-18,
        5.84159468043282e-19,
        1.3693652755483613e-19,
        1.3693652755483613e-19,
        7.527999691360006e-20,
        7.527999691360006e-20,
        7.381869070654758e-20,
        1.1687704741697924e-20,
        5.302519729666373e-21,
        9.209763707249399e-22,
        4.0817444344806844e-22,
        4.0817444344806844e-22,
        4.0817444344806844e-22,
        1.6016477714731148e-22,
        1.0834774876793478e-23,
        1.0834774876793478e-23,
        1.1353594401038457e-24,
        1.1353594401038457e-24,
        1.1353594401038457e-24,
        8.999985693713341e-25,
        3.8753430575961037e-25,
        7.101744944825408e-26,
        7.101744944825408e-26,
        7.101744944825408e-26,
        7.101744944825408e-26,
        4.8126558955436544e-27,
        1.0655268398876239e-27,
        1.0655268398876239e-27,
        8.763530790583216e-29,
        8.763530790583216e-29,
        2.3080167405551263e-30,
        2.3080167405551263e-30,
        5.1859426664790195e-31,
        5.1859426664790195e-31,
        2.5928657954143543e-31,
        1.3868432749845823e-31,
        1.3868432749845823e-31,
        7.880946773991562e-32,
        7.880946773991562e-32,
        7.880946773991562e-32,
        2.4220753299273795e-33,
        2.4220753299273795e-33,
        2.4220753299273795e-33,
        1.9172483247893076e-34,
        9.614385794359773e-35,
        9.614385794359773e-35,
        9.614385794359773e-35,
        7.959273537946363e-36,
        7.959273537946363e-36,
        6.255136176510468e-36,
        6.255136176510468e-36,
        1.5020979524515811e-36,
        1.5020979524515811e-36,
        1.5608001118487054e-37,
        3.6031300901916456e-38
    ],
    "config": {
        "num_particles": 30,
        "dimensions": 2,
        "max_iterations": 100,
        "inertia_weight": 0.4,
        "cognitive_coefficient": 1.0,
        "social_coefficient": 1.0,
        "seed": 2,
        "tolerance": 0.0,
        "stagnation_patience": null,
        "track_history": true
    }
}