{
    "objective": "rastrigin",
    "evaluation_mode": null,
    "best_value": 1.2143175354140112e-11,
    "best_position": [
        -7.2103933056436525e-09,
        -2.472900319492699e-07
    ],
    "elapsed_time_s": 0.010702700004912913,
    "iterations_completed": 100,
    "best_value_history": [
        0.9294953770377035,
        0.9294953770377035,
        0.9294953770377035,
        0.9294953770377035,
        0.9294953770377035,
        0.9294953770377035,
        0.9294953770377035,
        0.9294953770377035,
        0.6729697961657841,
        0.6729697961657841,
        0.609373338625268,
        0.6001789585483408,
        0.6001789585483408,
        0.394272352585304,
        0.06223246259833104,
        0.023755851860205013,
        0.023755851860205013,
        0.023755851860205013,
        0.023755851860205013,
        0.018968727824244525,
        0.018968727824244525,
        0.018968727824244525,
        0.018968727824244525,
        0.012677537687324048,
        0.009628035927754297,
        0.009628035927754297,
        0.009628035927754297,
        0.009628035927754297,
        0.004520687970362758,
        0.002714612334717259,
        0.0023229574469958436,
        0.0023229574469958436,
        0.0021555098540204654,
        0.002014186004355878,
        0.001956078675238615,
        0.0005516557398763666,
        0.0005516557398763666,
        0.00018669710206609125,
        0.00010954543863306299,
        0.00010954543863306299,
        0.00010954543863306299,
        0.00010954543863306299,
        0.0001081393069348735,
        9.18883469296361e-05,
        9.000083689514327e-05,
        9.000083689514327e-05,
        8.522829586610214e-05,
        8.031076063375053e-05,
        7.723736104736645e-05,
        7.526673017466123e-05,
        2.2022530043130928e-05,
        1.7861966846055566e-05,
        1.600276012680979e-05,
        1.600276012680979e-05,
        1.4575580429720958e-05,
        1.1700256699498368e-05,
        2.4318985722970865e-06,
        2.4318985722970865e-06,
        1.035193747611629e-06,
        1.425736328997118e-07,
        1.425736328997118e-07,
        1.425736328997118e-07,
        1.425736328997118e-07,
        1.425736328997118e-07,
        1.425736328997118e-07,
        6.744755154386439e-08,
        5.3260286847489624e-08,
        5.3260286847489624e-08,
        2.676136290347131e-08,
        2.676136290347131e-08,
        1.6175434325305105e-08,
        1.6175434325305105e-08,
        1.6175434325305105e-08,
        1.6175434325305105e-08,
        1.1529479593264114e-08,
        1.1529479593264114e-08,
        3.015031779796118e-09,
        3.015031779796118e-09,
        3.015031779796118e-09,
        1.1675496125462814e-09,
        1.1675496125462814e-09,
        8.616538593742007e-10,
        8.616538593742007e-10,
        8.616538593742007e-10,
        3.928022351828986e-10,
        3.928022351828986e-10,
        4.125411123823142e-11,
        4.125411123823142e-11,
        1.971045548998518e-11,
        1.971045548998518e-11,
        1.971045548998518e-11,
        1.971045548998518e-11,
        1.2143175354140112e-11,
        1.2143175354140112e-11,
        1.2143175354140112e-11,
        1.2143175354140112e-11,
        1.2143175354140112e-11,
        1.2143175354140112e-11,
        1.2143175354140112e-11,
        1.2143175354140112e-11
    ],
    "timing_stats": {
        "total_time_s": 0.01069869997445494,
        "fitness_time_s": 0.009545199864078313,
        "velocity_update_time_s": 0.0004984000697731972,
        "position_update_time_s": 0.00023009994765743613
    },
    "config": {
        "num_particles": 30,
        "dimensions": 2,
        "max_iterations": 100,
        "inertia_weight": 0.7,
        "cognitive_coefficient": 1.5,
        "social_coefficient": 1.5,
        "seed": 4,
        "tolerance": 0.0,
        "stagnation_patience": null,
        "track_history": true
    }
}