{
    "objective": "rastrigin",
    "evaluation_mode": null,
    "best_value": 6.879173531578619e-49,
    "best_position": [
        1.4806175793038628e-25,
        -8.160852093969266e-25
    ],
    "elapsed_time_s": 0.059248800040222704,
    "iterations_completed": 500,
    "best_value_history": [
        4.360966070846158,
        4.360966070846158,
        2.876882238558692,
        2.876882238558692,
        2.876882238558692,
        2.876882238558692,
        2.876882238558692,
        2.876882238558692,
        2.876882238558692,
        2.876882238558692,
        2.876882238558692,
        2.876882238558692,
        2.6158502981776453,
        2.6158502981776453,
        2.478109264957139,
        2.3899872289078092,
        2.0066585947606366,
        2.0066585947606366,
        2.0066585947606366,
        2.0066585947606366,
        1.559224095228508,
        1.527922180383278,
        1.527922180383278,
        1.1597104504656468,
        1.128502569347994,
        1.128502569347994,
        1.128502569347994,
        1.128502569347994,
        1.128502569347994,
        1.128502569347994,
        1.128502569347994,
        0.013622279338378833,
        0.013622279338378833,
        0.013622279338378833,
        0.013622279338378833,
        0.013622279338378833,
        0.013622279338378833,
        0.013622279338378833,
        0.013622279338378833,
        0.013622279338378833,
        0.013622279338378833,
        0.013622279338378833,
        0.013622279338378833,
        0.013622279338378833,
        0.013622279338378833,
        0.013622279338378833,
        0.013622279338378833,
        0.013622279338378833,
        0.013622279338378833,
        0.0027492914995417006,
        0.0027492914995417006,
        0.0013899906347493534,
        0.0013899906347493534,
        0.0013899906347493534,
        0.0013899906347493534,
        0.0013899906347493534,
        0.0013899906347493534,
        0.0013899906347493534,
        0.0013899906347493534,
        0.0013899906347493534,
        0.00024660577961836797,
        0.00024660577961836797,
        0.00024660577961836797,
        0.00024660577961836797,
        0.00024660577961836797,
        0.00024660577961836797,
        0.00010718683719939748,
        0.00010718683719939748,
        0.00010718683719939748,
        0.00010718683719939748,
        0.00010718683719939748,
        0.00010718683719939748,
        0.00010718683719939748,
        0.00010718683719939748,
        9.472358813513313e-05,
        9.472358813513313e-05,
        9.472358813513313e-05,
        9.472358813513313e-05,
        1.2354613584696377e-05,
        1.2354613584696377e-05,
        1.2354613584696377e-05,
        1.2354613584696377e-05,
        1.2354613584696377e-05,
        1.2354613584696377e-05,
        4.008580813948881e-06,
        4.008580813948881e-06,
        4.008580813948881e-06,
        4.008580813948881e-06,
        4.008580813948881e-06,
        2.930982420123762e-06,
        2.930982420123762e-06,
        1.8644295514722462e-07,
        1.8644295514722462e-07,
        1.6924249206717129e-07,
        1.6924249206717129e-07,
        1.6924249206717129e-07,
        8.822687898092475e-08,
        8.822687898092475e-08,
        8.822687898092475e-08,
        8.822687898092475e-08,
        8.822687898092475e-08,
        1.3188056307847056e-08,
        1.3188056307847056e-08,
        1.3188056307847056e-08,
        1.3188056307847056e-08,
        1.3188056307847056e-08,
        1.3188056307847056e-08,
        1.3188056307847056e-08,
        8.551934312132946e-09,
        8.551934312132946e-09,
        8.551934312132946e-09,
        8.551934312132946e-09,
        8.551934312132946e-09,
        6.451436235591446e-09,
        8.893159349333987e-10,
        7.834554849751834e-10,
        7.834554849751834e-10,
        5.578623696329347e-10,
        5.578623696329347e-10,
        5.578623696329347e-10,
        2.243690342576721e-10,
        2.243690342576721e-10,
        2.243690342576721e-10,
        2.243690342576721e-10,
        1.3886722021752708e-10,
        1.3886722021752708e-10,
        1.3886722021752708e-10,
        1.3886722021752708e-10,
        1.3886722021752708e-10,
        1.3886722021752708e-10,
        1.1678236554663796e-10,
        1.1678236554663796e-10,
        3.70305152701195e-11,
        3.0101102614829224e-11,
        3.0101102614829224e-11,
        3.0101102614829224e-11,
        1.2975077076478092e-11,
        1.2975077076478092e-11,
        5.512251310443038e-13,
        5.512251310443038e-13,
        4.429897976359572e-13,
        4.429897976359572e-13,
        2.1981969700820089e-13,
        2.1981969700820089e-13,
        2.1981969700820089e-13,
        2.1981969700820089e-13,
        2.1981969700820089e-13,
        4.909608558657637e-14,
        4.909608558657637e-14,
        4.909608558657637e-14,
        4.909608558657637e-14,
        4.909608558657637e-14,
        4.909608558657637e-14,
        2.7894126359384518e-14,
        2.7894126359384518e-14,
        2.7894126359384518e-14,
        2.7894126359384518e-14,
        1.1158482021298167e-14,
        1.1158482021298167e-14,
        1.1158482021298167e-14,
        8.926621111950571e-15,
        8.926621111950571e-15,
        2.230299825444811e-15,
        2.230299825444811e-15,
        2.230299825444811e-15,
        2.230299825444811e-15,
        2.230299825444811e-15,
        2.230299825444811e-15,
        2.230299825444811e-15,
        2.230299825444811e-15,
        2.230299825444811e-15,
        2.230299825444811e-15,
        2.230299825444811e-15,
        2.230299825444811e-15,
        2.230299825444811e-15,
        2.230299825444811e-15,
        2.230299825444811e-15,
        1.1146508065708521e-15,
        1.818387843907332e-18,
        4.394547507471245e-19,
        2.1199058690710386e-19,
        2.1199058690710386e-19,
        2.1199058690710386e-19,
        2.1199058690710386e-19,
        2.1199058690710386e-19,
        2.1199058690710386e-19,
        2.1199058690710386e-19,
        2.1199058690710386e-19,
        2.1199058690710386e-19,
        2.1199058690710386e-19,
        2.1199058690710386e-19,
        2.1199058690710386e-19,
        1.2787614671530505e-19,
        1.2787614671530505e-19,
        1.2787614671530505e-19,
        1.2787614671530505e-19,
        1.2787614671530505e-19,
        1.2787614671530505e-19,
        5.545218454729626e-20,
        5.545218454729626e-20,
        5.545218454729626e-20,
        2.712012633788812e-20,
        2.712012633788812e-20,
        2.712012633788812e-20,
        2.712012633788812e-20,
        2.712012633788812e-20,
        2.712012633788812e-20,
        2.712012633788812e-20,
        2.712012633788812e-20,
        2.0981144670163074e-20,
        2.0981144670163074e-20,
        1.3514865304231768e-20,
        9.420940575323271e-21,
        1.4785925345359325e-21,
        1.4785925345359325e-21,
        1.4785925345359325e-21,
        3.662487374146197e-22,
        3.662487374146197e-22,
        3.662487374146197e-22,
        3.662487374146197e-22,
        3.2612196509866526e-23,
        3.2612196509866526e-23,
        3.2612196509866526e-23,
        3.2612196509866526e-23,
        3.2612196509866526e-23,
        3.2612196509866526e-23,
        3.2612196509866526e-23,
        1.7035224834069272e-23,
        1.7035224834069272e-23,
        1.7035224834069272e-23,
        1.7035224834069272e-23,
        1.7035224834069272e-23,
        1.60452802267385e-23,
        9.802439204261107e-24,
        9.802439204261107e-24,
        2.0583064554939523e-24,
        2.0583064554939523e-24,
        4.778359194774699e-25,
        4.778359194774699e-25,
        4.778359194774699e-25,
        4.778359194774699e-25,
        4.778359194774699e-25,
        4.778359194774699e-25,
        4.778359194774699e-25,
        4.778359194774699e-25,
        4.778359194774699e-25,
        4.382598316504987e-25,
        2.6222393073908758e-25,
        3.501301783058663e-26,
