{
    "objective": "rastrigin",
    "evaluation_mode": null,
    "best_value": 5.4155884086349576e-58,
    "best_position": [
        6.30890538598059e-31,
        2.326286349510316e-29
    ],
    "elapsed_time_s": 0.05877690005581826,
    "iterations_completed": 500,
    "best_value_history": [
        0.9294953770377035,
        0.9294953770377035,
        0.9294953770377035,
        0.9294953770377035,
        0.9294953770377035,
        0.9294953770377035,
        0.9294953770377035,
        0.9294953770377035,
        0.6729697961657829,
        0.6729697961657829,
        0.6093733386252701,
        0.6001789585483399,
        0.6001789585483399,
        0.3942723525853068,
        0.062232462598331824,
        0.023755851860204288,
        0.023755851860204288,
        0.023755851860204288,
        0.023755851860204288,
        0.018968727824243112,
        0.018968727824243112,
        0.018968727824243112,
        0.018968727824243112,
        0.012677537687324917,
        0.009628035927755664,
        0.009628035927755664,
        0.009628035927755664,
        0.009628035927755664,
        0.004520687970360739,
        0.0027146123347185046,
        0.0023229574469974075,
        0.0023229574469974075,
        0.0021555098540228814,
        0.0020141860043571,
        0.0019560786752388488,
        0.0005516557398751601,
        0.0005516557398751601,
        0.00018669710206455838,
        0.00010954543863226054,
        0.00010954543863226054,
        0.00010954543863226054,
        0.00010954543863226054,
        0.00010813930693544146,
        9.18883469310625e-05,
        9.000083689581094e-05,
        9.000083689581094e-05,
        8.522829586396961e-05,
        8.031076063337045e-05,
        7.723736104562476e-05,
        7.526673017438183e-05,
        2.2022530043499147e-05,
        1.786196684973756e-05,
        1.600276012944943e-05,
        1.600276012944943e-05,
        1.457558043099755e-05,
        1.1700256696505814e-05,
        2.4318985691997013e-06,
        2.4318985691997013e-06,
        1.0351937453915574e-06,
        1.425736335179044e-07,
        1.425736335179044e-07,
        1.425736335179044e-07,
        1.425736335179044e-07,
        1.425736335179044e-07,
        1.425736335179044e-07,
        6.74475515821174e-08,
        5.3260285094331826e-08,
        5.3260285094331826e-08,
        2.6761362303317774e-08,
        2.6761362303317774e-08,
        1.6175432191910193e-08,
        1.6175432191910193e-08,
        1.6175432191910193e-08,
        1.6175432191910193e-08,
        1.1529478463648878e-08,
        1.1529478463648878e-08,
        3.015033277136491e-09,
        3.015033277136491e-09,
        3.015033277136491e-09,
        1.167551391047549e-09,
        1.167551391047549e-09,
        8.616551915987558e-10,
        8.616551915987558e-10,
        8.616551915987558e-10,
        3.9280062947366523e-10,
        3.9280062947366523e-10,
        4.125622934188299e-11,
        4.125622934188299e-11,
        1.97125597828017e-11,
        1.97125597828017e-11,
        1.97125597828017e-11,
        1.97125597828017e-11,
        1.2142651303644046e-11,
        1.2142651303644046e-11,
        1.2142651303644046e-11,
        1.2142651303644046e-11,
        1.2142651303644046e-11,
        1.2142651303644046e-11,
        1.2142651303644046e-11,
        1.2142651303644046e-11,
        1.201098695826983e-11,
        1.201098695826983e-11,
        1.201098695826983e-11,
        9.317304626577362e-13,
        9.317304626577362e-13,
        6.561219002807555e-13,
        6.561219002807555e-13,
        6.561219002807555e-13,
        6.561219002807555e-13,
        6.561219002807555e-13,
        4.396460798639581e-13,
        4.396460798639581e-13,
        4.396460798639581e-13,
        5.690608412091397e-14,
        5.690608412091397e-14,
        2.0086565742735753e-14,
        2.0086565742735753e-14,
        2.0086565742735753e-14,
        2.0086565742735753e-14,
        2.0086565742735753e-14,
        2.0086565742735753e-14,
        1.1159753146923238e-15,
        1.1159753146923238e-15,
        1.1159753146923238e-15,
        2.711182925441669e-18,
        2.711182925441669e-18,
        2.711182925441669e-18,
        2.711182925441669e-18,
        2.3435321010695426e-18,
        2.3435321010695426e-18,
        1.6797787009238384e-18,
        1.6797787009238384e-18,
        4.935023825770415e-19,
        4.935023825770415e-19,
        4.935023825770415e-19,
        4.935023825770415e-19,
        4.935023825770415e-19,
        4.935023825770415e-19,
        4.935023825770415e-19,
        4.935023825770415e-19,
        4.935023825770415e-19,
        2.368216148593654e-20,
        2.368216148593654e-20,
        2.368216148593654e-20,
        2.368216148593654e-20,
        2.368216148593654e-20,
        2.368216148593654e-20,
        2.368216148593654e-20,
        3.8389950523503275e-21,
        3.8389950523503275e-21,
        1.8076651732429183e-21,
        1.8076651732429183e-21,
        1.8076651732429183e-21,
        1.8076651732429183e-21,
        1.241050328910202e-21,
        1.241050328910202e-21,
        1.241050328910202e-21,
        1.241050328910202e-21,
        1.166155779144055e-21,
        1.166155779144055e-21,
        5.087710171512266e-22,
        5.087710171512266e-22,
        5.087710171512266e-22,
        5.087710171512266e-22,
        5.087710171512266e-22,
        5.087710171512266e-22,
        5.087710171512266e-22,
        5.087710171512266e-22,
        5.087710171512266e-22,
        5.087710171512266e-22,
        5.087710171512266e-22,
        5.087710171512266e-22,
        5.087710171512266e-22,
        5.087710171512266e-22,
        5.087710171512266e-22,
        5.087710171512266e-22,
        5.087710171512266e-22,
        5.087710171512266e-22,
        5.087710171512266e-22,
        5.087710171512266e-22,
        1.1918179611584115e-22,
        1.1918179611584115e-22,
        8.314910298896627e-24,
        8.314910298896627e-24,
        8.314910298896627e-24,
        8.314910298896627e-24,
        8.314910298896627e-24,
        8.314910298896627e-24,
        8.321371997124178e-26,
        8.321371997124178e-26,
        8.321371997124178e-26,
        8.321371997124178e-26,
        8.321371997124178e-26,
        8.321371997124178e-26,
        8.321371997124178e-26,
        8.321371997124178e-26,
        8.321371997124178e-26,
        8.321371997124178e-26,
        8.321371997124178e-26,
        8.321371997124178e-26,
        8.321371997124178e-26,
        8.321371997124178e-26,
        8.321371997124178e-26,
        8.321371997124178e-26,
        8.321371997124178e-26,
        8.321371997124178e-26,
        8.321371997124178e-26,
        8.321371997124178e-26,
        8.118926409778592e-27,
        8.118926409778592e-27,
        8.118926409778592e-27,
        8.118926409778592e-27,
        8.118926409778592e-27,
        8.118926409778592e-27,
        8.118926409778592e-27,
        3.524998012694064e-27,
        2.983216316053712e-27,
        2.983216316053712e-27,
        2.44425489244701e-27,
        2.44425489244701e-27,
        2.44425489244701e-27,
        2.344598505159806e-27,
        1.1815414164602703e-27,
        1.145217850222028e-27,
        1.145217850222028e-27,
        9.098624026987964e-28,
        6.968096522160137e-28,
        6.46010111038919e-28,
        6.46010111038919e-28,
        5.405853681902601e-28,
        4.659497069848652e-28,
        4.176245512668297e-28,
        3.8571764775581767e-28,
        3.6432396098899974e-28,
        3.498095416407634e-28,
        3.3987541717738074e-28,
        3.3303225490240048e-28,
        3.2829629648611415e-28,
        1.8129709352889987e-28,
        1.4696200814214384e-28,
        1.869964972464273e-29,
        6.925033268646656e-30,
        5.730443204603503e-30,
        5.730443204603503e-30,
        2.3207845760996902e-30,
        2.3207845760996902e-30,
        2.3207845760996902e-30,
        2.3207845760996902e-30,
