{
    "objective": "rastrigin",
    "evaluation_mode": null,
    "best_value": 4.542954457065207e-09,
    "best_position": [
        4.61879530328136e-06,
        1.2512428655250359e-06
    ],
    "elapsed_time_s": 0.01102169998921454,
    "iterations_completed": 100,
    "best_value_history": [
        5.725181632436069,
        5.725181632436069,
        5.725181632436069,
        5.725181632436069,
        5.725181632436069,
        5.335744607562521,
        5.335744607562521,
        5.010791564441183,
        5.010791564441183,
        5.010791564441183,
        5.010791564441183,
        5.010791564441183,
        5.010791564441183,
        5.010791564441183,
        2.6571891789870037,
        2.6571891789870037,
        2.6571891789870037,
        2.6571891789870037,
        2.6571891789870037,
        0.9189716861898276,
        0.9189716861898276,
        0.9189716861898276,
        0.07626250465595774,
        0.07626250465595774,
        0.07626250465595774,
        0.07626250465595774,
        0.07626250465595774,
        0.06638771706698776,
        0.06638771706698776,
        0.06638771706698776,
        0.025872261813532305,
        0.025872261813532305,
        0.025872261813532305,
        0.025872261813532305,
        0.025872261813532305,
        0.023698166860210534,
        0.023698166860210534,
        0.023698166860210534,
        0.013229110793385956,
        0.0005361327194179921,
        0.0005361327194179921,
        0.0005361327194179921,
        0.0005361327194179921,
        0.0005361327194179921,
        0.0005361327194179921,
        0.0005361327194179921,
        0.0005361327194179921,
        0.0005361327194179921,
        0.0005361327194179921,
        0.0005361327194179921,
        0.00033296547487537964,
        0.00033296547487537964,
        0.00033296547487537964,
        0.00033296547487537964,
        0.00033296547487537964,
        4.408832140256891e-06,
        4.408832140256891e-06,
        4.408832140256891e-06,
        4.408832140256891e-06,
        4.408832140256891e-06,
        4.408832140256891e-06,
        4.408832140256891e-06,
        4.408832140256891e-06,
        4.408832140256891e-06,
        4.408832140256891e-06,
        4.408832140256891e-06,
        5.251474135548051e-07,
        5.251474135548051e-07,
        5.251474135548051e-07,
        5.251474135548051e-07,
        5.251474135548051e-07,
        5.251474135548051e-07,
        5.251474135548051e-07,
        5.251474135548051e-07,
        5.251474135548051e-07,
        5.251474135548051e-07,
        5.251474135548051e-07,
        5.251474135548051e-07,
        5.251474135548051e-07,
        5.251474135548051e-07,
        5.251474135548051e-07,
        2.8462849854804517e-07,
        9.566449676867705e-08,
        9.566449676867705e-08,
        9.566449676867705e-08,
        5.4110600444801094e-08,
        5.4110600444801094e-08,
        5.4110600444801094e-08,
        2.573037249931076e-08,
        2.573037249931076e-08,
        1.3730982573179062e-08,
        1.3730982573179062e-08,
        1.3730982573179062e-08,
        1.3730982573179062e-08,
        1.1425289159205931e-08,
        4.542954457065207e-09,
        4.542954457065207e-09,
        4.542954457065207e-09,
        4.542954457065207e-09,
        4.542954457065207e-09
    ],
    "config": {
        "num_particles": 30,
        "dimensions": 2,
        "max_iterations": 100,
        "inertia_weight": 0.7,
        "cognitive_coefficient": 1.5,
        "social_coefficient": 1.5,
        "seed": 3,
        "tolerance": 0.0,
        "stagnation_patience": null,
        "track_history": true
    }
}