{
    "objective": "rastrigin",
    "evaluation_mode": null,
    "best_value": 2.627473350003129e-08,
    "best_position": [
        -1.5663807743714162e-06,
        -1.1401090296888061e-05
    ],
    "elapsed_time_s": 0.010935399972368032,
    "iterations_completed": 100,
    "best_value_history": [
        7.479795224894126,
        2.4369208283294554,
        2.4369208283294554,
        2.4369208283294554,
        1.3818663014768724,
        1.3818663014768724,
        1.3818663014768724,
        1.3818663014768724,
        1.3818663014768724,
        1.3818663014768724,
        1.3818663014768724,
        1.3818663014768724,
        1.1132244367388004,
        1.1132244367388004,
        1.1132244367388004,
        0.581023916701561,
        0.581023916701561,
        0.198116189917954,
        0.198116189917954,
        0.0696153837503104,
        0.0696153837503104,
        0.0696153837503104,
        0.0696153837503104,
        0.0696153837503104,
        0.0696153837503104,
        0.0696153837503104,
        0.0696153837503104,
        0.0696153837503104,
        0.03859516359756299,
        0.03859516359756299,
        0.03859516359756299,
        0.0020889653445124168,
        0.0020889653445124168,
        0.0020889653445124168,
        0.0020889653445124168,
        0.0020889653445124168,
        0.0020889653445124168,
        0.0020889653445124168,
        0.0020889653445124168,
        0.0020889653445124168,
        0.0020889653445124168,
        0.0020889653445124168,
        0.0003243258598217835,
        0.0003243258598217835,
        0.0003243258598217835,
        0.0003243258598217835,
        0.0003243258598217835,
        7.43800638929315e-05,
        7.43800638929315e-05,
        7.43800638929315e-05,
        7.43800638929315e-05,
        7.43800638929315e-05,
        2.7933917579048284e-06,
        2.7933917579048284e-06,
        2.7933917579048284e-06,
        2.7933917579048284e-06,
        2.7933917579048284e-06,
        2.7933917579048284e-06,
        2.7933917579048284e-06,
        2.7933917579048284e-06,
        2.7933917579048284e-06,
        2.7933917579048284e-06,
        2.7933917579048284e-06,
        2.7933917579048284e-06,
        2.7933917579048284e-06,
        2.7933917579048284e-06,
        2.7933917579048284e-06,
        1.9787805811688486e-06,
        1.3247336632105089e-06,
        1.3247336632105089e-06,
        1.3247336632105089e-06,
        1.2359196048805643e-06,
        1.2359196048805643e-06,
        1.2359196048805643e-06,
        1.2359196048805643e-06,
        1.2359196048805643e-06,
        1.2359196048805643e-06,
        1.2359196048805643e-06,
        3.7191909996181494e-07,
        3.7191909996181494e-07,
        1.624681971179598e-07,
        1.2169309115961369e-07,
        1.2169309115961369e-07,
        1.2169309115961369e-07,
        1.2169309115961369e-07,
        1.2169309115961369e-07,
        1.0001845396345743e-07,
        1.0001845396345743e-07,
        8.623982949984565e-08,
        8.623982949984565e-08,
        8.623982949984565e-08,
        8.623982949984565e-08,
        8.507930715495604e-08,
        7.170086746555171e-08,
        6.861564472160353e-08,
        6.861564472160353e-08,
        4.93814908963941e-08,
        4.93814908963941e-08,
        2.627473350003129e-08,
        2.627473350003129e-08
    ],
    "timing_stats": {
        "total_time_s": 0.010931800003163517,
        "fitness_time_s": 0.009768599702510983,
        "velocity_update_time_s": 0.0005080999690108001,
        "position_update_time_s": 0.00023339997278526425
    },
    "config": {
        "num_particles": 30,
        "dimensions": 2,
        "max_iterations": 100,
        "inertia_weight": 0.7,
        "cognitive_coefficient": 1.5,
        "social_coefficient": 1.5,
        "seed": 1,
        "tolerance": 0.0,
        "stagnation_patience": null,
        "track_history": true
    }
}