{
    "objective": "rastrigin",
    "evaluation_mode": null,
    "best_value": 1.2142651303644046e-11,
    "best_position": [
        -7.2103933056436525e-09,
        -2.472900319492699e-07
    ],
    "elapsed_time_s": 0.012237099930644035,
    "iterations_completed": 100,
    "best_value_history": [
        0.9294953770377035,
        0.9294953770377035,
        0.9294953770377035,
        0.9294953770377035,
        0.9294953770377035,
        0.9294953770377035,
        0.9294953770377035,
        0.9294953770377035,
        0.6729697961657829,
        0.6729697961657829,
        0.6093733386252701,
        0.6001789585483399,
        0.6001789585483399,
        0.3942723525853068,
        0.062232462598331824,
        0.023755851860204288,
        0.023755851860204288,
        0.023755851860204288,
        0.023755851860204288,
        0.018968727824243112,
        0.018968727824243112,
        0.018968727824243112,
        0.018968727824243112,
        0.012677537687324917,
        0.009628035927755664,
        0.009628035927755664,
        0.009628035927755664,
        0.009628035927755664,
        0.004520687970360739,
        0.0027146123347185046,
        0.0023229574469974075,
        0.0023229574469974075,
        0.0021555098540228814,
        0.0020141860043571,
        0.0019560786752388488,
        0.0005516557398751601,
        0.0005516557398751601,
        0.00018669710206455838,
        0.00010954543863226054,
        0.00010954543863226054,
        0.00010954543863226054,
        0.00010954543863226054,
        0.00010813930693544146,
        9.18883469310625e-05,
        9.000083689581094e-05,
        9.000083689581094e-05,
        8.522829586396961e-05,
        8.031076063337045e-05,
        7.723736104562476e-05,
        7.526673017438183e-05,
        2.2022530043499147e-05,
        1.786196684973756e-05,
        1.600276012944943e-05,
        1.600276012944943e-05,
        1.457558043099755e-05,
        1.1700256696505814e-05,
        2.4318985691997013e-06,
        2.4318985691997013e-06,
        1.0351937453915574e-06,
        1.425736335179044e-07,
        1.425736335179044e-07,
        1.425736335179044e-07,
        1.425736335179044e-07,
        1.425736335179044e-07,
        1.425736335179044e-07,
        6.74475515821174e-08,
        5.3260285094331826e-08,
        5.3260285094331826e-08,
        2.6761362303317774e-08,
        2.6761362303317774e-08,
        1.6175432191910193e-08,
        1.6175432191910193e-08,
        1.6175432191910193e-08,
        1.6175432191910193e-08,
        1.1529478463648878e-08,
        1.1529478463648878e-08,
        3.015033277136491e-09,
        3.015033277136491e-09,
        3.015033277136491e-09,
        1.167551391047549e-09,
        1.167551391047549e-09,
        8.616551915987558e-10,
        8.616551915987558e-10,
        8.616551915987558e-10,
        3.9280062947366523e-10,
        3.9280062947366523e-10,
        4.125622934188299e-11,
        4.125622934188299e-11,
        1.97125597828017e-11,
        1.97125597828017e-11,
        1.97125597828017e-11,
        1.97125597828017e-11,
        1.2142651303644046e-11,
        1.2142651303644046e-11,
        1.2142651303644046e-11,
        1.2142651303644046e-11,
        1.2142651303644046e-11,
        1.2142651303644046e-11,
        1.2142651303644046e-11,
        1.2142651303644046e-11
    ],
    "swarm_position_history": null,
    "timing_stats": {
        "total_time_s": 0.012229899992235005,
        "fitness_time_s": 0.011003099498338997,
        "velocity_update_time_s": 0.0005248001543805003,
        "position_update_time_s": 0.00024170055985450745
    },
    "config": {
        "num_particles": 30,
        "dimensions": 2,
        "max_iterations": 100,
        "inertia_weight": 0.7,
        "cognitive_coefficient": 1.5,
        "social_coefficient": 1.5,
        "seed": 4,
        "tolerance": 0.0,
        "stagnation_patience": null,
        "track_history": true,
        "track_swarm_history": false
    }
}