{
    "objective": "rosenbrock",
    "evaluation_mode": "pyswarm",
    "best_value": 1.350682453817154e-06,
    "best_position": [
        1.0011377348134634,
        1.002300479452323
    ],
    "elapsed_time_s": 0.04257849999703467,
    "iterations_completed": 100,
    "best_value_history": [
        0.01575986728965088,
        0.01575986728965088,
        0.01575986728965088,
        0.01575986728965088,
        0.01575986728965088,
        0.01575986728965088,
        0.00269869093168386,
        0.00269869093168386,
        0.00269869093168386,
        0.00269869093168386,
        0.00269869093168386,
        0.00269869093168386,
        0.00269869093168386,
        0.00269869093168386,
        0.00269869093168386,
        0.00269869093168386,
        0.00269869093168386,
        0.00269869093168386,
        0.00269869093168386,
        0.00269869093168386,
        0.00269869093168386,
        0.00269869093168386,
        0.00269869093168386,
        0.00269869093168386,
        0.00269869093168386,
        0.002674934904076915,
        0.0010247716739785664,
        0.0010247716739785664,
        0.0010247716739785664,
        0.0010247716739785664,
        0.0010247716739785664,
        0.0010247716739785664,
        0.0010247716739785664,
        0.0008899752365022135,
        0.0008899752365022135,
        0.0008899752365022135,
        0.0008899752365022135,
        0.0008899752365022135,
        0.0008899752365022135,
        0.0008899752365022135,
        0.0008899752365022135,
        0.0008899752365022135,
        0.0008899752365022135,
        0.0008899752365022135,
        0.0008899752365022135,
        0.0008899752365022135,
        0.0008899752365022135,
        0.0008899752365022135,
        0.0008899752365022135,
        0.0008899752365022135,
        0.0008899752365022135,
        0.0008899752365022135,
        0.00043460337615642403,
        0.00043460337615642403,
        0.00013920346620712712,
        0.00013920346620712712,
        0.00013920346620712712,
        0.00013920346620712712,
        0.00013920346620712712,
        0.00013920346620712712,
        0.00013920346620712712,
        0.00013920346620712712,
        9.33290815374715e-05,
        9.33290815374715e-05,
        9.33290815374715e-05,
        6.297700015440938e-05,
        6.297700015440938e-05,
        6.297700015440938e-05,
        6.297700015440938e-05,
        6.297700015440938e-05,
        9.961881034082695e-06,
        9.961881034082695e-06,
        9.961881034082695e-06,
        9.961881034082695e-06,
        9.961881034082695e-06,
        9.961881034082695e-06,
        9.961881034082695e-06,
        9.961881034082695e-06,
        1.666936064866311e-06,
        1.666936064866311e-06,
        1.666936064866311e-06,
        1.666936064866311e-06,
        1.666936064866311e-06,
        1.666936064866311e-06,
        1.666936064866311e-06,
        1.666936064866311e-06,
        1.666936064866311e-06,
        1.666936064866311e-06,
        1.4842713881114374e-06,
        1.4842713881114374e-06,
        1.4842713881114374e-06,
        1.4842713881114374e-06,
        1.4321934599338398e-06,
        1.4321934599338398e-06,
        1.4321934599338398e-06,
        1.4321934599338398e-06,
        1.4255851418423092e-06,
        1.4255851418423092e-06,
        1.4255851418423092e-06,
        1.350682453817154e-06
    ],
    "swarm_position_history": null,
    "timing_stats": {
        "total_time_s": 0.04257849999703467,
        "fitness_time_s": null,
        "velocity_update_time_s": null,
        "position_update_time_s": null,
        "solver": "pyswarm",
        "solver_messages": [
            "Stopping search: maximum iterations reached --> 100"
        ]
    },
    "config": {
        "num_particles": 30,
        "dimensions": 2,
        "max_iterations": 100,
        "inertia_weight": 0.7,
        "cognitive_coefficient": 1.5,
        "social_coefficient": 1.5,
        "seed": 1,
        "tolerance": 0.0,
        "stagnation_patience": null,
        "track_history": true,
        "track_swarm_history": false
    }
}