{
    "objective": "rosenbrock",
    "evaluation_mode": "pyswarm",
    "best_value": 6.237828041551899e-05,
    "best_position": [
        0.9921217236688099,
        0.9843612857567421
    ],
    "elapsed_time_s": 0.03454850008711219,
    "iterations_completed": 100,
    "best_value_history": [
        0.6238856619736379,
        0.6238856619736379,
        0.19565917730481072,
        0.1902469815814788,
        0.1902469815814788,
        0.18573447112619168,
        0.18573447112619168,
        0.18573447112619168,
        0.18573447112619168,
        0.18573447112619168,
        0.1856065883058026,
        0.1856065883058026,
        0.17338684097760249,
        0.17338684097760249,
        0.011417419681852718,
        0.011417419681852718,
        0.011417419681852718,
        0.011417419681852718,
        0.011417419681852718,
        0.011417419681852718,
        0.011417419681852718,
        0.011417419681852718,
        0.011417419681852718,
        0.011417419681852718,
        0.011417419681852718,
        0.011417419681852718,
        0.011417419681852718,
        0.0024833578834476283,
        0.0024833578834476283,
        0.0024833578834476283,
        0.0024833578834476283,
        0.0024833578834476283,
        0.0024833578834476283,
        0.0024833578834476283,
        0.0024833578834476283,
        0.0024833578834476283,
        0.0024833578834476283,
        0.0024833578834476283,
        0.0024833578834476283,
        0.0024833578834476283,
        0.0024833578834476283,
        0.0024833578834476283,
        0.0024833578834476283,
        0.0024833578834476283,
        0.0010061186075310613,
        0.0008668274279796779,
        0.0008668274279796779,
        0.0008668274279796779,
        0.0008668274279796779,
        0.0008668274279796779,
        0.0008668274279796779,
        0.0008668274279796779,
        0.0008668274279796779,
        0.0005179028317110345,
        0.0005179028317110345,
        0.0005179028317110345,
        0.0005179028317110345,
        0.0005179028317110345,
        0.00015244508918154523,
        0.00015244508918154523,
        0.00015244508918154523,
        0.00015244508918154523,
        0.00015244508918154523,
        0.00015244508918154523,
        0.00015244508918154523,
        0.00015244508918154523,
        0.00015244508918154523,
        0.00015244508918154523,
        0.00015244508918154523,
        0.00015244508918154523,
        0.00015244508918154523,
        0.00015244508918154523,
        0.00015244508918154523,
        0.00015244508918154523,
        0.00015244508918154523,
        0.00015244508918154523,
        0.00015244508918154523,
        0.00015244508918154523,
        0.00015244508918154523,
        0.00015244508918154523,
        0.00015244508918154523,
        0.00015244508918154523,
        0.00015244508918154523,
        0.00012511277028043064,
        0.00012511277028043064,
        0.00011151491825053543,
        0.00011151491825053543,
        0.00011151491825053543,
        8.843605298525292e-05,
        8.843605298525292e-05,
        8.331002983750641e-05,
        8.331002983750641e-05,
        8.331002983750641e-05,
        8.331002983750641e-05,
        8.006780574131155e-05,
        8.006780574131155e-05,
        6.237828041551899e-05,
        6.237828041551899e-05,
        6.237828041551899e-05,
        6.237828041551899e-05
    ],
    "swarm_position_history": null,
    "timing_stats": {
        "total_time_s": 0.03454850008711219,
        "fitness_time_s": null,
        "velocity_update_time_s": null,
        "position_update_time_s": null,
        "solver": "pyswarm",
        "solver_messages": [
            "Stopping search: maximum iterations reached --> 100"
        ]
    },
    "config": {
        "num_particles": 30,
        "dimensions": 2,
        "max_iterations": 100,
        "inertia_weight": 0.7,
        "cognitive_coefficient": 1.5,
        "social_coefficient": 1.5,
        "seed": 2,
        "tolerance": 0.0,
        "stagnation_patience": null,
        "track_history": true,
        "track_swarm_history": false
    }
}