{
    "objective": "rosenbrock",
    "evaluation_mode": "pyswarm",
    "best_value": 0.00018531318200125922,
    "best_position": [
        1.0134592515566536,
        1.0273036577406491
    ],
    "elapsed_time_s": 0.034670399967581034,
    "iterations_completed": 100,
    "best_value_history": [
        0.4874743112077884,
        0.18719053634597524,
        0.18719053634597524,
        0.18719053634597524,
        0.18719053634597524,
        0.18719053634597524,
        0.18719053634597524,
        0.18719053634597524,
        0.18719053634597524,
        0.18586333834735572,
        0.18586333834735572,
        0.18586333834735572,
        0.18586333834735572,
        0.18586333834735572,
        0.18586333834735572,
        0.1840690012326577,
        0.1840690012326577,
        0.18201240021101728,
        0.18201240021101728,
        0.18151354469797482,
        0.18151354469797482,
        0.18126678517490108,
        0.18126678517490108,
        0.18126678517490108,
        0.18126678517490108,
        0.18109739205938663,
        0.17981164199661157,
        0.17783701381652733,
        0.17781456112251623,
        0.174133069359417,
        0.174133069359417,
        0.1724219553295733,
        0.17176888019057254,
        0.17140889404719942,
        0.16914105596321133,
        0.16914105596321133,
        0.1679703058474929,
        0.16681145127013317,
        0.16681145127013317,
        0.16437309289099777,
        0.16224505039243745,
        0.16077445657680478,
        0.15769117629567125,
        0.1412850216653226,
        0.13534635827624547,
        0.12028954080695481,
        0.10909686186149285,
        0.10909686186149285,
        0.09229761769281859,
        0.09137029459455794,
        0.09137029459455794,
        0.0757262642014384,
        0.0757262642014384,
        0.07044008466336514,
        0.07044008466336514,
        0.06968114227616866,
        0.06968114227616866,
        0.06968114227616866,
        0.06968114227616866,
        0.04753612783486677,
        0.04753612783486677,
        0.04753612783486677,
        0.04753612783486677,
        0.04753612783486677,
        0.04753612783486677,
        0.01998637645343254,
        0.01998637645343254,
        0.01998637645343254,
        0.01998637645343254,
        0.008421334253942066,
        0.008421334253942066,
        0.004923643711905223,
        0.004923643711905223,
        0.004923643711905223,
        0.004923643711905223,
        0.0010654157420718511,
        0.0010654157420718511,
        0.0010654157420718511,
        0.0010654157420718511,
        0.0010654157420718511,
        0.0010654157420718511,
        0.0010654157420718511,
        0.0010654157420718511,
        0.0002972210899043081,
        0.0002972210899043081,
        0.0002972210899043081,
        0.0002972210899043081,
        0.0002972210899043081,
        0.0002972210899043081,
        0.0002972210899043081,
        0.0002972210899043081,
        0.00018531318200125922,
        0.00018531318200125922,
        0.00018531318200125922,
        0.00018531318200125922,
        0.00018531318200125922,
        0.00018531318200125922,
        0.00018531318200125922,
        0.00018531318200125922,
        0.00018531318200125922
    ],
    "swarm_position_history": null,
    "timing_stats": {
        "total_time_s": 0.034670399967581034,
        "fitness_time_s": null,
        "velocity_update_time_s": null,
        "position_update_time_s": null,
        "solver": "pyswarm",
        "solver_messages": [
            "Stopping search: maximum iterations reached --> 100"
        ]
    },
    "config": {
        "num_particles": 30,
        "dimensions": 2,
        "max_iterations": 100,
        "inertia_weight": 0.7,
        "cognitive_coefficient": 1.5,
        "social_coefficient": 1.5,
        "seed": 4,
        "tolerance": 0.0,
        "stagnation_patience": null,
        "track_history": true,
        "track_swarm_history": false
    }
}