{
    "objective": "rosenbrock",
    "evaluation_mode": "pyswarm",
    "best_value": 1.543468067077408e-05,
    "best_position": [
        1.0039279490093462,
        1.0078636474461824
    ],
    "elapsed_time_s": 0.03399000002536923,
    "iterations_completed": 100,
    "best_value_history": [
        0.3397824605387797,
        0.3397824605387797,
        0.3397824605387797,
        0.3397824605387797,
        0.3397824605387797,
        0.3397824605387797,
        0.3206247806486966,
        0.3206247806486966,
        0.3206247806486966,
        0.21416059185934083,
        0.21416059185934083,
        0.17546195873003265,
        0.17546195873003265,
        0.03703270510587332,
        0.03703270510587332,
        0.03703270510587332,
        0.03703270510587332,
        0.03703270510587332,
        0.03703270510587332,
        0.010368629273617798,
        0.010368629273617798,
        0.010368629273617798,
        0.010368629273617798,
        0.010368629273617798,
        0.010368629273617798,
        0.010368629273617798,
        0.010368629273617798,
        0.010368629273617798,
        0.010368629273617798,
        0.0011735906899092477,
        0.0011735906899092477,
        0.0011735906899092477,
        0.0011735906899092477,
        0.0011735906899092477,
        0.0011735906899092477,
        0.0011735906899092477,
        0.0011735906899092477,
        0.0011735906899092477,
        0.0011735906899092477,
        0.00011803303501931269,
        0.00011803303501931269,
        0.00011803303501931269,
        0.00011803303501931269,
        0.00011803303501931269,
        0.00011803303501931269,
        0.00011803303501931269,
        0.00011803303501931269,
        0.00011803303501931269,
        0.00011803303501931269,
        0.00011803303501931269,
        0.00011803303501931269,
        0.00011803303501931269,
        0.00011803303501931269,
        0.00011803303501931269,
        0.00011803303501931269,
        0.00011803303501931269,
        0.00011803303501931269,
        9.695292572885854e-05,
        9.695292572885854e-05,
        9.695292572885854e-05,
        9.695292572885854e-05,
        8.019310510139315e-05,
        8.019310510139315e-05,
        8.019310510139315e-05,
        8.019310510139315e-05,
        6.924416955658008e-05,
        6.924416955658008e-05,
        6.924416955658008e-05,
        6.924416955658008e-05,
        6.924416955658008e-05,
        6.924416955658008e-05,
        6.924416955658008e-05,
        6.924416955658008e-05,
        6.882777513390466e-05,
        6.882777513390466e-05,
        6.882777513390466e-05,
        4.146813580917935e-05,
        4.146813580917935e-05,
        4.146813580917935e-05,
        4.146813580917935e-05,
        4.146813580917935e-05,
        4.146813580917935e-05,
        4.146813580917935e-05,
        4.146813580917935e-05,
        4.146813580917935e-05,
        1.9748696665817192e-05,
        1.9748696665817192e-05,
        1.9748696665817192e-05,
        1.9748696665817192e-05,
        1.9748696665817192e-05,
        1.764684182006552e-05,
        1.764684182006552e-05,
        1.764684182006552e-05,
        1.764684182006552e-05,
        1.764684182006552e-05,
        1.764684182006552e-05,
        1.543468067077408e-05,
        1.543468067077408e-05,
        1.543468067077408e-05,
        1.543468067077408e-05
    ],
    "swarm_position_history": null,
    "timing_stats": {
        "total_time_s": 0.03399000002536923,
        "fitness_time_s": null,
        "velocity_update_time_s": null,
        "position_update_time_s": null,
        "solver": "pyswarm",
        "solver_messages": [
            "Stopping search: maximum iterations reached --> 100"
        ]
    },
    "config": {
        "num_particles": 30,
        "dimensions": 2,
        "max_iterations": 100,
        "inertia_weight": 0.7,
        "cognitive_coefficient": 1.5,
        "social_coefficient": 1.5,
        "seed": 0,
        "tolerance": 0.0,
        "stagnation_patience": null,
        "track_history": true,
        "track_swarm_history": false
    }
}