{
    "objective": "rosenbrock",
    "evaluation_mode": "pyswarm",
    "best_value": 3.784990173758266e-05,
    "best_position": [
        0.996186457403685,
        0.9928702290259396
    ],
    "elapsed_time_s": 0.035359099972993135,
    "iterations_completed": 100,
    "best_value_history": [
        2.2981140038980716,
        2.2981140038980716,
        0.39644338567740883,
        0.39644338567740883,
        0.39644338567740883,
        0.39644338567740883,
        0.23296703775054758,
        0.23296703775054758,
        0.0843951415274741,
        0.0843951415274741,
        0.0843951415274741,
        0.005564799157288358,
        0.005564799157288358,
        0.005564799157288358,
        0.005564799157288358,
        0.005564799157288358,
        0.005564799157288358,
        0.005564799157288358,
        0.005564799157288358,
        0.005564799157288358,
        0.005564799157288358,
        0.005564799157288358,
        0.005564799157288358,
        0.005564799157288358,
        0.005564799157288358,
        0.005564799157288358,
        0.0037582307836329628,
        0.0037582307836329628,
        0.0037582307836329628,
        0.0037582307836329628,
        0.0037582307836329628,
        0.0037582307836329628,
        0.0037582307836329628,
        0.0037582307836329628,
        0.0037582307836329628,
        0.0032488800229522616,
        0.0032488800229522616,
        0.0030701900048634386,
        0.0030701900048634386,
        0.0027927406730998364,
        0.0024417716209779645,
        0.001620996782587493,
        0.001620996782587493,
        0.001620996782587493,
        0.0013746147916425362,
        0.001092756548525821,
        0.001092756548525821,
        0.001092756548525821,
        0.0010375573904300567,
        0.0009350574874522382,
        0.0008661577780248,
        0.0008193636944489629,
        0.0007873253497765534,
        0.0007652550417321757,
        0.0007499822604218917,
        0.0006583909725344263,
        0.0006583909725344263,
        0.0006277769258478062,
        0.0006277769258478062,
        0.0006277769258478062,
        0.0006277769258478062,
        0.0006042112997663941,
        0.000596787804230171,
        0.000596787804230171,
        0.000596787804230171,
        0.000596787804230171,
        0.0005905083399964882,
        0.0005403946443196731,
        0.0005403946443196731,
        0.0005403946443196731,
        0.0005403946443196731,
        0.0004103813969908355,
        0.0004103813969908355,
        0.0004103813969908355,
        0.0004103813969908355,
        0.0004103813969908355,
        0.00037911922879398,
        0.00037911922879398,
        0.00022302291096977677,
        0.00022302291096977677,
        0.00022302291096977677,
        0.00022302291096977677,
        0.00022302291096977677,
        0.00022302291096977677,
        0.00022136936078316234,
        0.00022136936078316234,
        0.00022136936078316234,
        0.00022136936078316234,
        0.00022136936078316234,
        0.00022136936078316234,
        0.00022136936078316234,
        0.00017823796022155332,
        0.00017823796022155332,
        0.00017823796022155332,
        0.00017823796022155332,
        0.00017823796022155332,
        0.00017823796022155332,
        0.00017823796022155332,
        3.784990173758266e-05,
        3.784990173758266e-05
    ],
    "swarm_position_history": null,
    "timing_stats": {
        "total_time_s": 0.035359099972993135,
        "fitness_time_s": null,
        "velocity_update_time_s": null,
        "position_update_time_s": null,
        "solver": "pyswarm",
        "solver_messages": [
            "Stopping search: maximum iterations reached --> 100"
        ]
    },
    "config": {
        "num_particles": 30,
        "dimensions": 2,
        "max_iterations": 100,
        "inertia_weight": 0.7,
        "cognitive_coefficient": 1.5,
        "social_coefficient": 1.5,
        "seed": 3,
        "tolerance": 0.0,
        "stagnation_patience": null,
        "track_history": true,
        "track_swarm_history": false
    }
}