{
    "objective_name": "rosenbrock",
    "num_runs": 5,
    "mean_best_value": 0.0010240792529466075,
    "std_best_value": 0.0008580041540365398,
    "min_best_value": 9.074238542781014e-05,
    "max_best_value": 0.0025916402904123683,
    "mean_elapsed_time_s": 0.012766360002569855,
    "std_elapsed_time_s": 0.00017994405317972521,
    "mean_iterations": 100.0,
    "min_iterations": 100,
    "max_iterations": 100
}