{
    "objective_name": "rosenbrock",
    "num_runs": 5,
    "mean_best_value": 4.411156555720372e-06,
    "std_best_value": 5.067550416339204e-06,
    "min_best_value": 3.92704914748254e-09,
    "max_best_value": 1.1773887116925584e-05,
    "mean_elapsed_time_s": 0.012975940015166998,
    "std_elapsed_time_s": 0.0003686690451006408,
    "mean_iterations": 100.0,
    "min_iterations": 100,
    "max_iterations": 100
}