{
    "objective_name": "rosenbrock",
    "num_runs": 5,
    "mean_best_value": 9.393606075268128e-06,
    "std_best_value": 1.1722610106587932e-05,
    "min_best_value": 4.661829127505542e-08,
    "max_best_value": 3.192941348559091e-05,
    "mean_elapsed_time_s": 0.012672820000443608,
    "std_elapsed_time_s": 0.00012769473175900644,
    "mean_iterations": 100.0,
    "min_iterations": 100,
    "max_iterations": 100
}