{
    "objective_name": "rosenbrock",
    "num_runs": 5,
    "mean_best_value": 0.0007554036013912072,
    "std_best_value": 0.00034394392424843086,
    "min_best_value": 7.913398509429897e-05,
    "max_best_value": 0.0010226505823536397,
    "mean_elapsed_time_s": 0.012625279999338091,
    "std_elapsed_time_s": 9.473131871130566e-05,
    "mean_iterations": 100.0,
    "min_iterations": 100,
    "max_iterations": 100
}