{
    "objective_name": "rosenbrock",
    "num_runs": 5,
    "mean_best_value": 3.204732899968513e-07,
    "std_best_value": 6.335444290658384e-07,
    "min_best_value": 8.764274073055921e-11,
    "max_best_value": 1.5875364873200202e-06,
    "mean_elapsed_time_s": 0.013370619993656874,
    "std_elapsed_time_s": 0.0008741861340266003,
    "mean_iterations": 100.0,
    "min_iterations": 100,
    "max_iterations": 100
}