{
    "objective": "rastrigin",
    "evaluation_mode": "threading",
    "best_value": 207.27569198586,
    "best_position": [
        -3.961130430974693,
        2.985324377567705,
        1.9523804668354894,
        2.0416889535330265,
        1.0180023359985855,
        -1.9771409235978703,
        2.026209291382666,
        1.0834846118671502,
        3.121436764170227,
        1.0727593973317149,
        1.0635508664026108,
        1.96988957032872,
        3.8983051697916142,
        0.01928040400191342,
        1.9900969809740776,
        -0.9696328950943037,
        -0.078241039252443,
        -3.0189847437725255,
        0.036931294127005465,
        -3.979245594979446,
        -2.1921645098122298,
        -1.0130981592838568,
        3.936688946294255,
        2.9676394831673445,
        -1.9109375255860945,
        0.07877253394717304,
        0.027801487773871036,
        2.8066120986815117,
        -1.9307697533368258,
        -5.12
    ],
    "elapsed_time_s": 0.047170700039714575,
    "iterations_completed": 100,
    "best_value_history": [
        356.93376978340774,
        356.93376978340774,
        356.93376978340774,
        356.93376978340774,
        356.93376978340774,
        356.93376978340774,
        356.93376978340774,
        356.93376978340774,
        356.93376978340774,
        336.35724072782426,
        336.35724072782426,
        336.35724072782426,
        324.5509760096312,
        324.5509760096312,
        324.5509760096312,
        324.5509760096312,
        324.5509760096312,
        324.5509760096312,
        324.5509760096312,
        324.5509760096312,
        324.5509760096312,
        324.5509760096312,
        322.978802383528,
        310.87012980836386,
        310.87012980836386,
        298.44202769279434,
        298.44202769279434,
        298.44202769279434,
        298.44202769279434,
        298.44202769279434,
        298.44202769279434,
        298.44202769279434,
        298.44202769279434,
        298.44202769279434,
        298.44202769279434,
        293.3896509945188,
        273.1479445732733,
        266.54919165386985,
        266.54919165386985,
        266.54919165386985,
        266.54919165386985,
        266.54919165386985,
        266.54919165386985,
        266.54919165386985,
        256.7425981828508,
        256.7425981828508,
        256.7425981828508,
        256.7425981828508,
        255.04334931672537,
        238.70758377483435,
        238.70758377483435,
        238.70758377483435,
        238.70758377483435,
        238.70758377483435,
        238.70758377483435,
        225.60610654299117,
        225.60610654299117,
        225.60610654299117,
        225.60610654299117,
        225.60610654299117,
        225.60610654299117,
        225.60610654299117,
        225.60610654299117,
        225.51354822250624,
        225.51354822250624,
        223.84544294103642,
        222.54138038347992,
        222.54138038347992,
        222.54138038347992,
        221.95965792804117,
        221.95965792804117,
        221.95965792804117,
        217.07144028178922,
        217.07144028178922,
        217.07144028178922,
        217.07144028178922,
        217.07144028178922,
        217.07144028178922,
        217.07144028178922,
        217.07144028178922,
        212.24146061842364,
        212.24146061842364,
        212.24146061842364,
        212.24146061842364,
        211.1519153495126,
        210.22141784846423,
        210.22141784846423,
        210.22141784846423,
        210.22141784846423,
        210.22141784846423,
        210.22141784846423,
        210.22141784846423,
        209.56553466254823,
        209.56553466254823,
        209.56553466254823,
        209.56553466254823,
        208.1695908044282,
        208.1695908044282,
        208.1695908044282,
        207.27569198586
    ],
    "swarm_position_history": null,
    "timing_stats": {
        "total_time_s": 0.04716519999783486,
        "fitness_time_s": 0.042216800269670784,
        "velocity_update_time_s": 0.0018737998325377703,
        "position_update_time_s": 0.000972299836575985
    },
    "config": {
        "num_particles": 30,
        "dimensions": 30,
        "max_iterations": 100,
        "inertia_weight": 0.7,
        "cognitive_coefficient": 1.5,
        "social_coefficient": 1.5,
        "seed": 2,
        "tolerance": 0.0,
        "stagnation_patience": null,
        "track_history": true,
        "track_swarm_history": false
    }
}