{
    "objective": "sphere",
    "evaluation_mode": "pyswarm",
    "best_value": 7.966291699805627e-06,
    "best_position": [
        0.0014940424170523602,
        0.00022766322739313873,
        0.0004248070926716153,
        -0.0008686271256360615,
        0.001819039313566948,
        -0.0006503364169054152,
        0.0004937230308495275,
        0.0007443447440246403,
        -0.0004034732853654533,
        0.0002342660042870068
    ],
    "elapsed_time_s": 0.029740899917669594,
    "iterations_completed": 100,
    "best_value_history": [
        38.77460910490011,
        38.77460910490011,
        38.77460910490011,
        38.77460910490011,
        32.263182538905625,
        29.088145448453595,
        29.088145448453595,
        19.13987385200781,
        17.09045975539642,
        14.225151212706372,
        14.225151212706372,
        3.3881822495387244,
        3.3881822495387244,
        3.3881822495387244,
        3.2769562892100565,
        2.6275699131950048,
        2.6275699131950048,
        2.091428050145833,
        2.091428050145833,
        1.7333345395351096,
        1.2260166228132292,
        1.0696062415306513,
        1.0696062415306513,
        0.8251142990448248,
        0.8251142990448248,
        0.668112364655643,
        0.5478178165271064,
        0.268724815185572,
        0.268724815185572,
        0.268724815185572,
        0.15416030563171232,
        0.15416030563171232,
        0.10150310709185208,
        0.06296101431865893,
        0.04483846092380696,
        0.04483846092380696,
        0.043922550445423,
        0.043922550445423,
        0.043922550445423,
        0.043922550445423,
        0.02100477450244103,
        0.02100477450244103,
        0.020386520251651767,
        0.020386520251651767,
        0.016941878749388132,
        0.016941878749388132,
        0.012024713522379538,
        0.012024713522379538,
        0.009701815377138287,
        0.009701815377138287,
        0.009701815377138287,
        0.006230337477682939,
        0.006230337477682939,
        0.005508871287945591,
        0.0031204436500728364,
        0.0031204436500728364,
        0.0031204436500728364,
        0.002835438058189171,
        0.002835438058189171,
        0.0019920945902190492,
        0.0019920945902190492,
        0.0015042297973301122,
        0.0015042297973301122,
        0.0013353251938558349,
        0.0012638010096117246,
        0.0012638010096117246,
        0.0012638010096117246,
        0.0012638010096117246,
        0.001154124887146741,
        0.001124801740229164,
        0.0010825234307079046,
        0.0009891641886946106,
        0.0007250409796334544,
        0.00032843997143196366,
        0.0002614386883666263,
        0.0001671887969333585,
        0.0001671887969333585,
        0.0001671887969333585,
        0.0001671887969333585,
        0.0001671887969333585,
        0.0001671887969333585,
        0.0001543970456108937,
        0.00011712238310383364,
        5.7130513285491635e-05,
        5.7130513285491635e-05,
        3.8325699404921195e-05,
        3.8325699404921195e-05,
        3.8325699404921195e-05,
        2.825686123405355e-05,
        2.825686123405355e-05,
        2.825686123405355e-05,
        2.6482651297408198e-05,
        2.6482651297408198e-05,
        2.5541728477856656e-05,
        1.8688723979309935e-05,
        1.668222427182999e-05,
        7.966291699805627e-06,
        7.966291699805627e-06,
        7.966291699805627e-06,
        7.966291699805627e-06
    ],
    "swarm_position_history": null,
    "timing_stats": {
        "total_time_s": 0.029740899917669594,
        "fitness_time_s": null,
        "velocity_update_time_s": null,
        "position_update_time_s": null,
        "solver": "pyswarm",
        "solver_messages": [
            "Stopping search: maximum iterations reached --> 100"
        ]
    },
    "config": {
        "num_particles": 30,
        "dimensions": 10,
        "max_iterations": 100,
        "inertia_weight": 0.7,
        "cognitive_coefficient": 1.5,
        "social_coefficient": 1.5,
        "seed": 2,
        "tolerance": 0.0,
        "stagnation_patience": null,
        "track_history": true,
        "track_swarm_history": false
    }
}