{
    "objective": "sphere",
    "evaluation_mode": "pyswarm",
    "best_value": 1.9918164028451223e-05,
    "best_position": [
        -0.001175442828196256,
        -0.0004442295449604615,
        -0.0021280075744551518,
        -0.00173530075817883,
        0.0003569850190089526,
        -0.0011664382389304838,
        0.00048171701149239427,
        -0.00256656846092801,
        -0.0011185707030254132,
        -0.0011139710538019083
    ],
    "elapsed_time_s": 0.02988709998317063,
    "iterations_completed": 100,
    "best_value_history": [
        36.04491087856859,
        36.04491087856859,
        36.04491087856859,
        36.04491087856859,
        22.99457719972164,
        18.510848049448793,
        17.886318759275284,
        9.70345320329247,
        5.109007239839078,
        5.109007239839078,
        4.400406238083791,
        4.232333888604476,
        3.473475320600498,
        3.473475320600498,
        2.920026267258634,
        1.8929444036601493,
        1.8929444036601493,
        1.7590199200899743,
        1.7590199200899743,
        1.7590199200899743,
        1.2888855359684197,
        1.2888855359684197,
        0.5889630295027091,
        0.5889630295027091,
        0.5889630295027091,
        0.5889630295027091,
        0.5889630295027091,
        0.4832056148347999,
        0.4832056148347999,
        0.40612764262560574,
        0.40612764262560574,
        0.3439044309364729,
        0.2792550807342674,
        0.16890795842354148,
        0.16890795842354148,
        0.14466124664995558,
        0.11029362428840747,
        0.07452865670169699,
        0.057180762054264825,
        0.054026476803000364,
        0.040123621819264335,
        0.03961699710863884,
        0.03288593427867627,
        0.03288593427867627,
        0.02294601125548401,
        0.02294601125548401,
        0.02294601125548401,
        0.02294601125548401,
        0.02294601125548401,
        0.010730779341521364,
        0.010730779341521364,
        0.010730779341521364,
        0.010730779341521364,
        0.010730779341521364,
        0.009520940689401807,
        0.009520940689401807,
        0.0040315166139896965,
        0.0040315166139896965,
        0.0040315166139896965,
        0.002531669033724981,
        0.002531669033724981,
        0.002531669033724981,
        0.002531669033724981,
        0.001951097115306482,
        0.001951097115306482,
        0.001951097115306482,
        0.0017526877202603695,
        0.0017526877202603695,
        0.0017526877202603695,
        0.0017156136248288264,
        0.001569049111517715,
        0.0009704668918538406,
        0.0009704668918538406,
        0.0004376683284386019,
        0.0004376683284386019,
        0.0004376683284386019,
        0.0004376683284386019,
        0.0004376683284386019,
        0.0004376683284386019,
        0.00024413463466926627,
        0.00021818584986615426,
        0.00021818584986615426,
        0.00019741025776412487,
        0.00016114247962147862,
        9.900221354120738e-05,
        9.900221354120738e-05,
        9.442541501512458e-05,
        9.442541501512458e-05,
        7.695960302553223e-05,
        7.695960302553223e-05,
        7.695960302553223e-05,
        7.695960302553223e-05,
        7.695960302553223e-05,
        6.646843856025411e-05,
        4.4327952539089574e-05,
        4.4327952539089574e-05,
        3.2408562235016294e-05,
        3.2408562235016294e-05,
        2.8707752496821007e-05,
        1.9918164028451223e-05
    ],
    "swarm_position_history": null,
    "timing_stats": {
        "total_time_s": 0.02988709998317063,
        "fitness_time_s": null,
        "velocity_update_time_s": null,
        "position_update_time_s": null,
        "solver": "pyswarm",
        "solver_messages": [
            "Stopping search: maximum iterations reached --> 100"
        ]
    },
    "config": {
        "num_particles": 30,
        "dimensions": 10,
        "max_iterations": 100,
        "inertia_weight": 0.7,
        "cognitive_coefficient": 1.5,
        "social_coefficient": 1.5,
        "seed": 3,
        "tolerance": 0.0,
        "stagnation_patience": null,
        "track_history": true,
        "track_swarm_history": false
    }
}