{
    "objective": "sphere",
    "evaluation_mode": "pyswarm",
    "best_value": 4.051169107929312e-05,
    "best_position": [
        0.0007300001807470928,
        -0.001568997179906763,
        -0.00046915457600701016,
        -0.00016566809735374778,
        -0.0008456981150246129,
        0.002136184785817051,
        -0.005458558104027771,
        2.566674576189574e-05,
        -0.0011611954094599398,
        -0.0009198401238418056
    ],
    "elapsed_time_s": 0.02999650000128895,
    "iterations_completed": 100,
    "best_value_history": [
        34.619615062710814,
        34.619615062710814,
        18.830593678101792,
        14.512206040673673,
        14.512206040673673,
        12.228888957648033,
        6.967221946837748,
        6.967221946837748,
        6.967221946837748,
        6.967221946837748,
        6.967221946837748,
        4.133464604728633,
        4.057779065485355,
        4.057779065485355,
        4.057779065485355,
        4.057779065485355,
        1.597884458372812,
        1.597884458372812,
        1.597884458372812,
        1.597884458372812,
        1.597884458372812,
        0.6535556709469303,
        0.6535556709469303,
        0.6301962645608268,
        0.6301962645608268,
        0.6301962645608268,
        0.6301962645608268,
        0.6301962645608268,
        0.520327218192951,
        0.44902258079723856,
        0.23562677299198587,
        0.23562677299198587,
        0.2037589934353513,
        0.2037589934353513,
        0.2037589934353513,
        0.0835227044569541,
        0.0835227044569541,
        0.0835227044569541,
        0.08006084480602366,
        0.08006084480602366,
        0.03553210863871653,
        0.03553210863871653,
        0.03553210863871653,
        0.024725037951006505,
        0.024725037951006505,
        0.023172388810313492,
        0.023172388810313492,
        0.018364119076613093,
        0.018364119076613093,
        0.018364119076613093,
        0.018364119076613093,
        0.006150262188791547,
        0.006150262188791547,
        0.006150262188791547,
        0.004241672186355065,
        0.004241672186355065,
        0.004241672186355065,
        0.004241672186355065,
        0.0035326313108608705,
        0.0032917259852351132,
        0.0032917259852351132,
        0.002188065646792052,
        0.002188065646792052,
        0.002188065646792052,
        0.002188065646792052,
        0.002188065646792052,
        0.002188065646792052,
        0.001961568030567595,
        0.0010070663232042377,
        0.0010070663232042377,
        0.0009832072770211806,
        0.0009832072770211806,
        0.0009832072770211806,
        0.0006644261394508371,
        0.0005935170637526878,
        0.00042131291970751606,
        0.00042131291970751606,
        0.00042131291970751606,
        0.00035589422651184654,
        0.00024197098909811384,
        0.00024197098909811384,
        0.00022223454850420899,
        0.00013372785902201687,
        0.00013372785902201687,
        0.0001333456311317155,
        0.0001333456311317155,
        0.0001333456311317155,
        0.00011091175792583431,
        0.00010585218645292949,
        0.00010494422547075278,
        7.572454211565922e-05,
        7.572454211565922e-05,
        7.572454211565922e-05,
        6.797666118452025e-05,
        6.797666118452025e-05,
        5.743363349502526e-05,
        5.743363349502526e-05,
        4.051169107929312e-05,
        4.051169107929312e-05,
        4.051169107929312e-05
    ],
    "swarm_position_history": null,
    "timing_stats": {
        "total_time_s": 0.02999650000128895,
        "fitness_time_s": null,
        "velocity_update_time_s": null,
        "position_update_time_s": null,
        "solver": "pyswarm",
        "solver_messages": [
            "Stopping search: maximum iterations reached --> 100"
        ]
    },
    "config": {
        "num_particles": 30,
        "dimensions": 10,
        "max_iterations": 100,
        "inertia_weight": 0.7,
        "cognitive_coefficient": 1.5,
        "social_coefficient": 1.5,
        "seed": 4,
        "tolerance": 0.0,
        "stagnation_patience": null,
        "track_history": true,
        "track_swarm_history": false
    }
}