{
    "objective": "sphere",
    "evaluation_mode": "pyswarm",
    "best_value": 3.85860144721334e-05,
    "best_position": [
        0.0007344233860064244,
        -0.0018402487351832932,
        -0.0006400501711742116,
        0.0010086743174561657,
        -0.0016503488566271918,
        0.0034606133983685347,
        9.735991592020634e-05,
        -0.0010164991751866748,
        0.0036097165048068983,
        0.002112044990421308
    ],
    "elapsed_time_s": 0.02971169992815703,
    "iterations_completed": 100,
    "best_value_history": [
        51.49264022411204,
        15.476257219802932,
        15.476257219802932,
        15.476257219802932,
        15.476257219802932,
        15.476257219802932,
        12.743710844625172,
        5.650779889429618,
        5.650779889429618,
        5.650779889429618,
        2.061696816551058,
        2.061696816551058,
        2.061696816551058,
        2.061696816551058,
        2.061696816551058,
        2.061696816551058,
        1.7775565229319357,
        1.0773939586943178,
        0.8610311500425083,
        0.8610311500425083,
        0.8610311500425083,
        0.6542466578857138,
        0.6542466578857138,
        0.6542466578857138,
        0.6542466578857138,
        0.5242219547639296,
        0.5242219547639296,
        0.3678649046727449,
        0.28992227618221866,
        0.28992227618221866,
        0.1574286773685434,
        0.1574286773685434,
        0.1574286773685434,
        0.13942605855061618,
        0.11873009480970978,
        0.09767977286615516,
        0.06366536668281149,
        0.06366536668281149,
        0.06366536668281149,
        0.06151208557794791,
        0.06151208557794791,
        0.05500821760600247,
        0.052425119029615844,
        0.04170372279585767,
        0.024649743910685716,
        0.024649743910685716,
        0.024649743910685716,
        0.024322034202688473,
        0.016358180832702705,
        0.011468017737746784,
        0.011468017737746784,
        0.007339931879143062,
        0.007339931879143062,
        0.005417205191401176,
        0.005417205191401176,
        0.005417205191401176,
        0.0037893294046347312,
        0.0037893294046347312,
        0.0037893294046347312,
        0.0037156120634655827,
        0.0037156120634655827,
        0.0037156120634655827,
        0.0029472616062211424,
        0.0021555805303417005,
        0.001896580338726473,
        0.001896580338726473,
        0.001896580338726473,
        0.0013209242465375742,
        0.0013209242465375742,
        0.0011422183118060258,
        0.0011422183118060258,
        0.0010640401064284412,
        0.0010640401064284412,
        0.0010640401064284412,
        0.0009714563732602451,
        0.0006382275096274389,
        0.0005726169406898875,
        0.0005049228076581633,
        0.0005049228076581633,
        0.00030618478421607894,
        0.00030618478421607894,
        0.00020330039902941613,
        0.00020330039902941613,
        0.00020330039902941613,
        0.00020330039902941613,
        0.00018497588309303306,
        0.00014259318285958516,
        0.0001238292138528271,
        0.00012355325236520107,
        0.00012355325236520107,
        7.153164285167417e-05,
        7.153164285167417e-05,
        6.771068549533602e-05,
        6.365625902142872e-05,
        5.5761942756494585e-05,
        5.5761942756494585e-05,
        5.031172043670403e-05,
        4.5086860369303676e-05,
        4.5086860369303676e-05,
        3.85860144721334e-05
    ],
    "swarm_position_history": null,
    "timing_stats": {
        "total_time_s": 0.02971169992815703,
        "fitness_time_s": null,
        "velocity_update_time_s": null,
        "position_update_time_s": null,
        "solver": "pyswarm",
        "solver_messages": [
            "Stopping search: maximum iterations reached --> 100"
        ]
    },
    "config": {
        "num_particles": 30,
        "dimensions": 10,
        "max_iterations": 100,
        "inertia_weight": 0.7,
        "cognitive_coefficient": 1.5,
        "social_coefficient": 1.5,
        "seed": 1,
        "tolerance": 0.0,
        "stagnation_patience": null,
        "track_history": true,
        "track_swarm_history": false
    }
}