{
    "objective": "sphere",
    "evaluation_mode": "pyswarm",
    "best_value": 1.4561773121768363e-05,
    "best_position": [
        -0.001353398312163577,
        5.534808421926371e-05,
        -0.001190158644000271,
        -0.0022041217052597003,
        0.0007645513809630944,
        0.0006252834234382184,
        -0.0021360901419062847,
        -0.00048322175367279674,
        0.0001799337380432066,
        0.0008050552459748897
    ],
    "elapsed_time_s": 0.030105400015600026,
    "iterations_completed": 100,
    "best_value_history": [
        27.531121457021634,
        27.531121457021634,
        27.531121457021634,
        27.531121457021634,
        22.661158015689065,
        13.597407274732287,
        13.597407274732287,
        7.664327410317867,
        7.664327410317867,
        6.564023640849784,
        6.564023640849784,
        6.564023640849784,
        5.3145699448548065,
        5.3145699448548065,
        5.3145699448548065,
        4.471280778502234,
        3.244120178914243,
        1.4208048359822176,
        1.089010979303623,
        1.089010979303623,
        1.089010979303623,
        1.089010979303623,
        0.9245935641261221,
        0.9245935641261221,
        0.6869129562625969,
        0.5431002609019124,
        0.518571959233946,
        0.518571959233946,
        0.518571959233946,
        0.359738066510823,
        0.214500896178286,
        0.214500896178286,
        0.20712038315388623,
        0.20712038315388623,
        0.16871254421231915,
        0.16366499232931325,
        0.09266584454842619,
        0.09266584454842619,
        0.09266584454842619,
        0.09266584454842619,
        0.09266584454842619,
        0.09041643134041275,
        0.09041643134041275,
        0.07625221232944726,
        0.07625221232944726,
        0.07625221232944726,
        0.056298624555396824,
        0.04678843620414805,
        0.020326910211264787,
        0.020326910211264787,
        0.019815836812384496,
        0.013827844383378337,
        0.013037764736306223,
        0.013037764736306223,
        0.010887833495881613,
        0.0067977485039611265,
        0.0038930227605233477,
        0.0020791162463116688,
        0.0020791162463116688,
        0.0020791162463116688,
        0.0020791162463116688,
        0.0020791162463116688,
        0.0020791162463116688,
        0.0020791162463116688,
        0.002007543954764983,
        0.002007543954764983,
        0.0011707626175410653,
        0.0011707626175410653,
        0.0010022320602189163,
        0.0009179269223691772,
        0.00074210898062282,
        0.00074210898062282,
        0.0006651999692095364,
        0.000460099781237913,
        0.000460099781237913,
        0.0003193074390276213,
        0.0003193074390276213,
        0.0002610360386261187,
        0.00020686797510936658,
        0.00020686797510936658,
        0.00018754523287277017,
        0.00015548556462158152,
        0.00015548556462158152,
        0.00015548556462158152,
        0.0001537361801120899,
        0.0001537361801120899,
        0.00012089051990881893,
        7.657744460900724e-05,
        7.657744460900724e-05,
        7.657744460900724e-05,
        7.657744460900724e-05,
        7.657744460900724e-05,
        3.0305269076252655e-05,
        3.0305269076252655e-05,
        3.0305269076252655e-05,
        2.3811978221590045e-05,
        2.3811978221590045e-05,
        1.6257209912400393e-05,
        1.6257209912400393e-05,
        1.4561773121768363e-05
    ],
    "swarm_position_history": null,
    "timing_stats": {
        "total_time_s": 0.030105400015600026,
        "fitness_time_s": null,
        "velocity_update_time_s": null,
        "position_update_time_s": null,
        "solver": "pyswarm",
        "solver_messages": [
            "Stopping search: maximum iterations reached --> 100"
        ]
    },
    "config": {
        "num_particles": 30,
        "dimensions": 10,
        "max_iterations": 100,
        "inertia_weight": 0.7,
        "cognitive_coefficient": 1.5,
        "social_coefficient": 1.5,
        "seed": 0,
        "tolerance": 0.0,
        "stagnation_patience": null,
        "track_history": true,
        "track_swarm_history": false
    }
}