{
    "objective": "rastrigin",
    "evaluation_mode": null,
    "best_value": 110.65841750442837,
    "best_position": [
        -0.017859622527903574,
        -1.1180891259945114,
        0.10045820071756596,
        1.9980050056363639,
        2.9790004620879844,
        -1.9532556282729359,
        -1.0126100987339888,
        -2.953315260202195,
        -2.027326209354884,
        -2.0823554977365246,
        -0.07495936789553069,
        1.0821283924398795,
        1.0427772766012002,
        -1.8567981529276236,
        -0.9680244787196506,
        -1.0275748068858377,
        2.91599074769712,
        -2.902696772567186,
        -0.9818998860439383,
        -0.9566650389556913,
        -0.9568898421303262,
        -0.008394001604311065,
        1.0597533052888262,
        -2.8955014331942603,
        2.0508754446218314,
        -0.9983358336671859,
        0.08823687244982026,
        -1.9294010559702524,
        0.9973723403384451,
        0.14702348677362947
    ],
    "elapsed_time_s": 0.04518330004066229,
    "iterations_completed": 100,
    "best_value_history": [
        297.3506601017767,
        297.3506601017767,
        297.3506601017767,
        297.3506601017767,
        297.3506601017767,
        297.3506601017767,
        297.3506601017767,
        297.3506601017767,
        297.3506601017767,
        289.11804154107665,
        289.11804154107665,
        289.11804154107665,
        289.11804154107665,
        289.11804154107665,
        289.11804154107665,
        289.11804154107665,
        289.11804154107665,
        271.9470798213154,
        271.9470798213154,
        271.9470798213154,
        271.9470798213154,
        250.54165159302545,
        250.54165159302545,
        250.54165159302545,
        238.94583729484526,
        238.94583729484526,
        238.94583729484526,
        223.34278027267396,
        223.34278027267396,
        223.34278027267396,
        223.34278027267396,
        218.08117189904465,
        218.08117189904465,
        212.84193771651763,
        212.84193771651763,
        212.84193771651763,
        204.10194349032122,
        204.10194349032122,
        204.10194349032122,
        204.10194349032122,
        204.10194349032122,
        204.10194349032122,
        204.10194349032122,
        204.10194349032122,
        204.10194349032122,
        189.8340649381329,
        189.8340649381329,
        189.8340649381329,
        189.8340649381329,
        189.8340649381329,
        189.8340649381329,
        189.8340649381329,
        189.8340649381329,
        189.8340649381329,
        189.8340649381329,
        187.00823921132036,
        180.12514979655685,
        180.12514979655685,
        180.12514979655685,
        180.12514979655685,
        164.14630968239547,
        164.14630968239547,
        164.14630968239547,
        164.14630968239547,
        164.14630968239547,
        161.55842116637308,
        159.9282787492223,
        159.9282787492223,
        159.9282787492223,
        158.82212531214788,
        158.82212531214788,
        156.81103117581694,
        152.85932193002824,
        152.85932193002824,
        145.68590415448094,
        145.68590415448094,
        145.68590415448094,
        145.68590415448094,
        145.68590415448094,
        131.9347480181432,
        130.00713328661558,
        130.00713328661558,
        130.00713328661558,
        130.00713328661558,
        127.95834356785906,
        127.95834356785906,
        127.95834356785906,
        125.35830407950158,
        125.35830407950158,
        123.52594846098404,
        123.52594846098404,
        123.52594846098404,
        121.4357261442679,
        120.30567087815021,
        120.30567087815021,
        113.91593477627268,
        113.91593477627268,
        112.77304240043807,
        110.65841750442837,
        110.65841750442837
    ],
    "swarm_position_history": null,
    "timing_stats": {
        "total_time_s": 0.04517659998964518,
        "fitness_time_s": 0.040541200316511095,
        "velocity_update_time_s": 0.0017316995654255152,
        "position_update_time_s": 0.0008901001419872046
    },
    "config": {
        "num_particles": 30,
        "dimensions": 30,
        "max_iterations": 100,
        "inertia_weight": 0.7,
        "cognitive_coefficient": 1.5,
        "social_coefficient": 1.5,
        "seed": 3,
        "tolerance": 0.0,
        "stagnation_patience": null,
        "track_history": true,
        "track_swarm_history": false
    }
}