{
    "objective": "rastrigin",
    "evaluation_mode": null,
    "best_value": 123.37482588831477,
    "best_position": [
        -1.9908477614561535,
        -2.9848159856829817,
        -1.9899795178414221,
        -0.9952755083461116,
        1.989853717413685,
        -0.00010374055470689983,
        0.00030951697456501324,
        5.556239828185214e-05,
        -0.00010199133783926425,
        1.9899791984156507,
        -2.9847229529596255,
        -0.9949767317042919,
        0.9951894914008751,
        -1.9902046101100632,
        2.9848808917010223,
        -3.211385177047582e-05,
        0.994490739928577,
        1.9901099449953155,
        -2.985055945776068,
        -1.990165442404081,
        -2.984760278093649,
        0.0003538716809212443,
        4.974310878637786,
        -0.9951548704233194,
        1.9898725315565327,
        -1.9898893597842606,
        -2.984853763299083,
        2.225566039473973e-05,
        5.170958872561152e-05,
        -1.9898199748358152
    ],
    "elapsed_time_s": 0.19803939992561936,
    "iterations_completed": 500,
    "best_value_history": [
        351.2075266452212,
        351.2075266452212,
        351.2075266452212,
        351.2075266452212,
        351.2075266452212,
        351.2075266452212,
        351.2075266452212,
        351.2075266452212,
        315.4090384034537,
        315.4090384034537,
        315.4090384034537,
        315.4090384034537,
        315.4090384034537,
        315.4090384034537,
        310.53137779849334,
        310.53137779849334,
        310.53137779849334,
        310.53137779849334,
        310.53137779849334,
        310.53137779849334,
        310.53137779849334,
        303.56181267881306,
        303.56181267881306,
        303.56181267881306,
        293.8679464780381,
        293.8679464780381,
        293.8679464780381,
        293.8679464780381,
        286.87880424953164,
        286.87880424953164,
        260.75950724884876,
        260.75950724884876,
        260.75950724884876,
        260.75950724884876,
        260.75950724884876,
        259.38993294072327,
        248.23778691331077,
        248.23778691331077,
        248.23778691331077,
        248.23778691331077,
        247.4160832114012,
        231.65974106227884,
        231.65974106227884,
        231.65974106227884,
        231.65974106227884,
        219.1434118520613,
        219.1434118520613,
        219.1434118520613,
        219.1434118520613,
        219.1434118520613,
        219.1434118520613,
        219.1434118520613,
        219.1434118520613,
        209.92087122734708,
        191.67822975031925,
        191.67822975031925,
        191.67822975031925,
        189.61531140395107,
        189.50949703685242,
        173.63792038244148,
        173.63792038244148,
        173.63792038244148,
        173.63792038244148,
        173.63792038244148,
        173.63792038244148,
        173.63792038244148,
        173.63792038244148,
        173.63792038244148,
        172.8387100361148,
        172.8387100361148,
        172.8387100361148,
        172.8387100361148,
        172.8387100361148,
        167.47292143823114,
        162.8244586332042,
        155.0819615399221,
        150.51224025508677,
        150.51224025508677,
        150.51224025508677,
        150.51224025508677,
        150.47253852613025,
        147.82115988800288,
        147.82115988800288,
        147.82115988800288,
        147.82115988800288,
        146.2415012884005,
        146.2415012884005,
        146.2415012884005,
        145.38796465220042,
        145.38796465220042,
        144.78459911201418,
        142.4705392231776,
        142.4705392231776,
        142.4705392231776,
        142.43423260316956,
        141.02688375794608,
        140.3947288066656,
        139.55049250020588,
        138.88819690364483,
        138.88819690364483,
        138.8483690075866,
        137.8938953707331,
        137.8938953707331,
        137.8938953707331,
        137.18534175962228,
        137.15854527436534,
        137.13584668286353,
        136.37929005058766,
        136.11417438253017,
        136.11417438253017,
        134.76831029874273,
        134.7539164102992,
        134.7539164102992,
        134.10188117113788,
        134.10188117113788,
        134.10188117113788,
        134.10188117113788,
        134.10188117113788,
        133.46027767341016,
        133.31218560432325,
        133.31218560432325,
        133.1724925883719,
        132.91703084076255,
        132.72049455745477,
        132.72049455745477,
        132.72049455745477,
        132.72049455745477,
        132.5650179087942,
        132.50315410615403,
        132.33570473890038,
        131.3980623369525,
        131.3980623369525,
        131.3980623369525,
        131.3980623369525,
        129.9333365165574,
        129.9333365165574,
        129.9333365165574,
        129.9333365165574,
        129.9333365165574,
        129.58407392103663,
        129.58407392103663,
        129.58407392103663,
        129.49608470997762,
        128.5922180026955,
        128.5922180026955,
        128.5922180026955,
        128.43793942794858,
        128.26845587607372,
        128.26845587607372,
        128.26845587607372,
        128.02486300103774,
        128.02486300103774,
        128.02486300103774,
        128.02486300103774,
        127.96791199692078,
        127.66348470741931,
        127.66348470741931,
        127.66348470741931,
        127.53243370361477,
        127.53243370361477,
        127.26158905809919,
        127.26158905809919,
        127.26158905809919,
        127.26158905809919,
        127.26158905809919,
        127.17783749021366,
        127.17783749021366,
        127.13599825230482,
        127.11459058210716,
        127.11459058210716,
        127.10152047077807,
        127.10152047077807,
        127.0705969131752,
        127.0705969131752,
        127.00629717576676,
        126.92465192301623,
        126.83137522399613,
        126.76187079977606,
        126.75425709736476,
        126.75425709736476,
        126.74963354122,
        126.57377782601944,
        126.53892331196222,
        126.37753763536953,
        126.27642443218251,
        126.19078745599634,
        126.10452292282969,
        126.10452292282969,
        126.06758611220029,
        126.04446720469636,
        126.01151911089946,
        126.01151911089946,
        126.01151911089946,
        126.00121360845834,
        125.96025813498272,
        125.9287343638797,
        125.91962682979945,
        125.8822179498684,
        125.87794854476381,
        125.87794854476381,
        125.87794854476381,
        125.79583907406612,
        125.79583907406612,
        125.79583907406612,
        125.78018390091616,
        125.78018390091616,
        125.78018390091616,
        125.78018390091616,
        125.77824104037575,
        125.76631530406526,
        125.74255509342284,
        125.70136911326895,
        125.70136911326895,
        125.70136911326895,
        125.69756463659003,
        125.6952515220165,
        125.68604907346656,
        125.68385449447787,
        125.68314908051103,
        125.67373775366043,
        125.66729367046119,
        125.66434650449224,
        125.66434650449224,
        125.66212200968172,
        125.65229826057639,
        125.65229826057639,
        125.64941066607525,
        125.63561604976951,
        125.62473675976987,
        125.62473675976987,
        125.61740157285517,
        125.61490261198306,
        125.59493348973068,
        125.57583067377736,
        125.57065616683796,
        125.5589894716099,
        125.55041415833811,
        125.53446029417609,
        125.52028520490063,
        125.49748603749084,
        125.46065120021257,
        125.4332878205409,
        125.41448300423214,
        125.37800558734935,
        125.36003419320213,
        125.3266335344767,
        125.301072788875,
        125.23838418206553,
