{
    "objective": "rastrigin",
    "evaluation_mode": null,
    "best_value": 207.27569198586,
    "best_position": [
        -3.961130430974693,
        2.985324377567705,
        1.9523804668354894,
        2.0416889535330265,
        1.0180023359985855,
        -1.9771409235978703,
        2.026209291382666,
        1.0834846118671502,
        3.121436764170227,
        1.0727593973317149,
        1.0635508664026108,
        1.96988957032872,
        3.8983051697916142,
        0.01928040400191342,
        1.9900969809740776,
        -0.9696328950943037,
        -0.078241039252443,
        -3.0189847437725255,
        0.036931294127005465,
        -3.979245594979446,
        -2.1921645098122298,
        -1.0130981592838568,
        3.936688946294255,
        2.9676394831673445,
        -1.9109375255860945,
        0.07877253394717304,
        0.027801487773871036,
        2.8066120986815117,
        -1.9307697533368258,
        -5.12
    ],
    "elapsed_time_s": 0.049029899993911386,
    "iterations_completed": 100,
    "best_value_history": [
        356.9337697834077,
        356.9337697834077,
        356.9337697834077,
        356.9337697834077,
        356.9337697834077,
        356.9337697834077,
        356.9337697834077,
        356.9337697834077,
        356.9337697834077,
        336.3572407278242,
        336.3572407278242,
        336.3572407278242,
        324.55097600963114,
        324.55097600963114,
        324.55097600963114,
        324.55097600963114,
        324.55097600963114,
        324.55097600963114,
        324.55097600963114,
        324.55097600963114,
        324.55097600963114,
        324.55097600963114,
        322.978802383528,
        310.87012980836374,
        310.87012980836374,
        298.44202769279434,
        298.44202769279434,
        298.44202769279434,
        298.44202769279434,
        298.44202769279434,
        298.44202769279434,
        298.44202769279434,
        298.44202769279434,
        298.44202769279434,
        298.44202769279434,
        293.3896509945187,
        273.1479445732733,
        266.54919165386985,
        266.54919165386985,
        266.54919165386985,
        266.54919165386985,
        266.54919165386985,
        266.54919165386985,
        266.54919165386985,
        256.74259818285077,
        256.74259818285077,
        256.74259818285077,
        256.74259818285077,
        255.04334931672537,
        238.7075837748344,
        238.7075837748344,
        238.7075837748344,
        238.7075837748344,
        238.7075837748344,
        238.7075837748344,
        225.60610654299114,
        225.60610654299114,
        225.60610654299114,
        225.60610654299114,
        225.60610654299114,
        225.60610654299114,
        225.60610654299114,
        225.60610654299114,
        225.51354822250624,
        225.51354822250624,
        223.84544294103645,
        222.54138038347986,
        222.54138038347986,
        222.54138038347986,
        221.95965792804114,
        221.95965792804114,
        221.95965792804114,
        217.0714402817892,
        217.0714402817892,
        217.0714402817892,
        217.0714402817892,
        217.0714402817892,
        217.0714402817892,
        217.0714402817892,
        217.0714402817892,
        212.24146061842362,
        212.24146061842362,
        212.24146061842362,
        212.24146061842362,
        211.1519153495126,
        210.22141784846423,
        210.22141784846423,
        210.22141784846423,
        210.22141784846423,
        210.22141784846423,
        210.22141784846423,
        210.22141784846423,
        209.56553466254826,
        209.56553466254826,
        209.56553466254826,
        209.56553466254826,
        208.16959080442822,
        208.16959080442822,
        208.16959080442822,
        207.27569198586
    ],
    "swarm_position_history": null,
    "timing_stats": {
        "total_time_s": 0.0490232000593096,
        "fitness_time_s": 0.04347439971752465,
        "velocity_update_time_s": 0.001973699894733727,
        "position_update_time_s": 0.0009469003416597843
    },
    "config": {
        "num_particles": 30,
        "dimensions": 30,
        "max_iterations": 100,
        "inertia_weight": 0.7,
        "cognitive_coefficient": 1.5,
        "social_coefficient": 1.5,
        "seed": 2,
        "tolerance": 0.0,
        "stagnation_patience": null,
        "track_history": true,
        "track_swarm_history": false
    }
}