{
    "objective": "rosenbrock",
    "evaluation_mode": null,
    "best_value": 0.3408058509517607,
    "best_position": [
        0.9974836778105439,
        0.9957952741575189,
        0.99042927059808,
        0.980013987695476,
        0.9599760518673769,
        0.9217782436923763,
        0.8483405326574285,
        0.7210356328240451,
        0.5197414164113299,
        0.2680891580478528
    ],
    "elapsed_time_s": 0.5764264999888837,
    "iterations_completed": 500,
    "best_value_history": [
        826.1361450142755,
        506.8825714677754,
        494.29545686529116,
        494.29545686529116,
        180.16511235896633,
        180.16511235896633,
        119.2343329074825,
        119.2343329074825,
        119.2343329074825,
        71.37318060566706,
        71.37318060566706,
        65.91540174817541,
        39.52813260683209,
        39.52813260683209,
        32.318936228879075,
        32.318936228879075,
        32.318936228879075,
        32.318936228879075,
        32.318936228879075,
        29.715681744434253,
        20.506606058315644,
        19.061860161472246,
        17.416949820147238,
        17.416949820147238,
        17.416949820147238,
        14.802976101088092,
        14.802976101088092,
        12.362732067233413,
        12.362732067233413,
        12.362732067233413,
        12.362732067233413,
        12.362732067233413,
        11.549531397732668,
        9.673616853793344,
        9.35294569965339,
        7.18461807795658,
        7.18461807795658,
        6.54992036177278,
        6.03981585039657,
        4.7384453513023495,
        4.7384453513023495,
        4.7384453513023495,
        4.363297337672681,
        4.017557097405297,
        4.017557097405297,
        4.017557097405297,
        3.7310050691149788,
        3.7310050691149788,
        3.7310050691149788,
        3.7310050691149788,
        3.7310050691149788,
        3.6189638914029523,
        3.6189638914029523,
        3.6189638914029523,
        3.5854362381680467,
        3.481573852715998,
        3.481573852715998,
        3.480351657139835,
        3.4766354176075356,
        3.2853447872192287,
        3.2853447872192287,
        3.274520875050249,
        3.191056206446385,
        3.191056206446385,
        3.191056206446385,
        3.191056206446385,
        3.1554016627209682,
        3.019807594388311,
        2.9867970303459384,
        2.9867970303459384,
        2.9867970303459384,
        2.949464838370025,
        2.9276290409269548,
        2.908996849084719,
        2.908996849084719,
        2.90877900281824,
        2.90877900281824,
        2.90877900281824,
        2.9039474921547868,
        2.9039474921547868,
        2.900528998106689,
        2.8874841988385866,
        2.885525666609406,
        2.884134055975576,
        2.8828366507729455,
        2.8828366507729455,
        2.8801757192205804,
        2.8445936298300993,
        2.8310311542897706,
        2.821907511946117,
        2.8056872841864844,
        2.803933995223209,
        2.7866577051838815,
        2.75956121055258,
        2.742113926216425,
        2.7418909088738666,
        2.7418909088738666,
        2.7374071242437585,
        2.732643735618442,
        2.7191107225249223,
        2.71404429425478,
        2.694974697827292,
        2.67350155670471,
        2.6542878443904274,
        2.64799947168664,
        2.6225269080564164,
        2.60069957042046,
        2.5501529662520577,
        2.5214028152696915,
        2.507063938009915,
        2.497029631823353,
        2.4771733733174663,
        2.452974472814007,
        2.408545364911485,
        2.3842898631305802,
        2.3548709852099896,
        2.3381982677692754,
        2.3256031404077318,
        2.282914344647863,
        2.2550697121775314,
        2.224708088986019,
        2.190507654238014,
        2.142291759250039,
        2.1234072321359125,
        2.1025234994058186,
        2.0989844666086013,
        2.0989844666086013,
        2.0873755323483563,
        2.0530717348412715,
        2.0530717348412715,
        2.048090261398099,
        2.020423135821232,
        2.020423135821232,
        2.020423135821232,
        2.0130214041729113,
        2.0119311619701374,
        2.0119311619701374,
        2.0119311619701374,
        2.0038915391692282,
        1.9714304324306755,
        1.9395184369243408,
        1.926535115787167,
        1.9173476704634225,
        1.9079991292480156,
        1.9059206304825786,
        1.9059206304825786,
        1.887814473128647,
        1.887814473128647,
        1.8790100089801556,
        1.8768858338920844,
        1.8590791098209463,
        1.831661887267718,
        1.8086041781556186,
        1.776545918618326,
        1.7474924523765978,
        1.730200410249624,
        1.730200410249624,
        1.7110556545190458,
        1.6846225293918446,
        1.6846225293918446,
        1.6846225293918446,
        1.6521104030570188,
        1.6433924653357712,
        1.6233733036108617,
        1.6182069811476885,
        1.6024671149675775,
        1.5888821365662587,
        1.577652617294662,
        1.5765128135058735,
        1.575912855229688,
        1.552591446688235,
        1.551999987008015,
        1.5306234212515295,
        1.4962599613146896,
        1.4917978715588953,
        1.4646733148892968,
        1.4538334265347048,
        1.4327078066465684,
        1.399314108462508,
        1.3883594896632334,
        1.3537514802096382,
        1.3537514802096382,
        1.3169216614855896,
        1.3166347043549362,
        1.2973269826087341,
        1.2751372491489934,
        1.249113780262598,
        1.2447732421117124,
        1.2208335274571493,
        1.2191722018215092,
        1.2167438957571697,
        1.2083957177142914,
        1.2083957177142914,
        1.194192319635615,
        1.1765603331613497,
        1.1765603331613497,
        1.1765603331613497,
        1.169768266189588,
        1.169768266189588,
        1.155538036250794,
        1.1519998962638143,
        1.1447588994139297,
        1.1447588994139297,
        1.1447588994139297,
        1.1427687265422293,
        1.128135954594429,
        1.108057365971546,
        1.0895866960508538,
        1.0810433608782257,
        1.0810433608782257,
        1.0791751447421007,
        1.0735926202390964,
        1.0735926202390964,
        1.0636563012970848,
        1.0318319320530707,
        1.0318319320530707,
        1.0043081567351895,
        1.001725572148105,
        0.999330790591181,
        0.97656733505125,
        0.9745733680248791,
        0.9745733680248791,
        0.9745733680248791,
        0.9615339690855956,
        0.9403855397551165,
        0.923682492511757,
        0.923682492511757,
        0.9184267689836685,
        0.9034757601374246,
        0.8819406539267516,
        0.8819406539267516,
        0.8620295168290194,
        0.8620295168290194,
        0.8620295168290194,
        0.8620295168290194,
        0.8620295168290194,
        0.8511508541577166,
        0.8511508541577166,
        0.8381335635078621,
        0.8257929446839283,
        0.8051304751352091,
        0.8005359833251848,
        0.7822477849397654,
        0.7724034777320137,
        0.7675209190689498,
        0.7675209190689498,
        0.7668465410722183,
        0.7617431106386534,
        0.7617431106386534,
        0.7600608974053001,
        0.7600608974053001,
        0.7590057582292772,
        0.7521304846681138,
        0.7477255358538571,
        0.7472516240778517,
        0.7369816026462908,
        0.7300664556081782,
        0.7228401713266978,
        0.7228401713266978,
        0.7158429560942133,
        0.7158429560942133,
        0.7085152632937375,
        0.7085152632937375,
        0.7085152632937375,
        0.7085152632937375,
        0.7085152632937375,
        0.6938551081784383,
        0.6938551081784383,
        0.6930298308033962,
        0.6915040521638078,
        0.6903555194328094,
