{
    "objective": "rosenbrock",
    "evaluation_mode": null,
    "best_value": 6.125493226704455,
    "best_position": [
        0.8105134203561187,
        0.6529180689653726,
        0.4206558728374496,
        0.16682055568664245,
        0.051791999148862476,
        0.016591476919881217,
        0.01617768578731223,
        0.016276655740987352,
        0.004198984401151261,
        0.003956432683844553
    ],
    "elapsed_time_s": 0.2543595000170171,
    "iterations_completed": 100,
    "best_value_history": [
        279.528559414084,
        112.43127832748405,
        112.43127832748405,
        112.43127832748405,
        112.43127832748405,
        108.2401700940207,
        89.7714471351504,
        71.94644157730723,
        71.94644157730723,
        71.94644157730723,
        65.01601405514913,
        64.74336248640675,
        48.72691831244127,
        44.275885608191956,
        35.579301110190805,
        32.30215057619628,
        24.2441035841322,
        14.837571839101397,
        14.837571839101397,
        14.837571839101397,
        14.837571839101397,
        14.837571839101397,
        14.837571839101397,
        13.37165096444002,
        13.37165096444002,
        12.964078010564743,
        12.82305803514902,
        12.392069036711819,
        11.367550465415196,
        9.259050125159526,
        9.259050125159526,
        9.259050125159526,
        9.259050125159526,
        9.259050125159526,
        9.259050125159526,
        9.127276633009494,
        8.22649589331172,
        8.121104600582035,
        8.121104600582035,
        7.877102911940049,
        7.756857557911683,
        7.648831643687878,
        7.648831643687878,
        7.648831643687878,
        7.648831643687878,
        7.437099006477142,
        7.238522909888109,
        7.238522909888109,
        7.238522909888109,
        7.238522909888109,
        7.238522909888109,
        7.2313786883562114,
        7.2313786883562114,
        7.218861465674209,
        7.175074766327306,
        7.175074766327306,
        7.170374570282496,
        7.170374570282496,
        7.161444153233905,
        7.160053214133182,
        7.160053214133182,
        7.160053214133182,
        7.059652175713833,
        7.059652175713833,
        7.020243466775913,
        7.020243466775913,
        7.020243466775913,
        7.016100620229224,
        7.002037704777779,
        6.979514421253412,
        6.9606476862549655,
        6.922974538044672,
        6.899924694326485,
        6.845763023916835,
        6.824777909927599,
        6.782726235121283,
        6.751105656843449,
        6.695646702309313,
        6.6614464999210234,
        6.627067998586467,
        6.600173051988146,
        6.5656966908683065,
        6.493177539611037,
        6.493177539611037,
        6.482586929100966,
        6.412840840056729,
        6.412840840056729,
        6.412840840056729,
        6.402298146629491,
        6.378155539345661,
        6.3763439917586275,
        6.3611029505897125,
        6.32510289191744,
        6.315514406629667,
        6.292725197872418,
        6.292725197872418,
        6.246383260486995,
        6.209876507573692,
        6.1964247204795235,
        6.125493226704455
    ],
    "swarm_position_history": null,
    "timing_stats": {
        "total_time_s": 0.25435380009002984,
        "fitness_time_s": 0.24918239982798696,
        "velocity_update_time_s": 0.0018392996862530708,
        "position_update_time_s": 0.0007951006991788745
    },
    "config": {
        "num_particles": 30,
        "dimensions": 10,
        "max_iterations": 100,
        "inertia_weight": 0.7,
        "cognitive_coefficient": 1.5,
        "social_coefficient": 1.5,
        "seed": 3,
        "tolerance": 0.0,
        "stagnation_patience": null,
        "track_history": true,
        "track_swarm_history": false
    }
}