{
    "objective_name": "ackley",
    "num_runs": 5,
    "mean_best_value": 13.209654667084829,
    "std_best_value": 0.4659293884239049,
    "min_best_value": 12.428228738269336,
    "max_best_value": 13.827394876072013,
    "mean_elapsed_time_s": 0.01530794003047049,
    "std_elapsed_time_s": 0.00012665215806077946,
    "mean_iterations": 100.0,
    "min_iterations": 100,
    "max_iterations": 100
}