{
    "objective_name": "ackley",
    "num_runs": 5,
    "mean_best_value": 15.641210889236405,
    "std_best_value": 0.6509411831386316,
    "min_best_value": 14.392886656433305,
    "max_best_value": 16.156904708598926,
    "mean_elapsed_time_s": 0.015333779994398356,
    "std_elapsed_time_s": 0.00013354735947949096,
    "mean_iterations": 100.0,
    "min_iterations": 100,
    "max_iterations": 100
}