{
    "objective_name": "ackley",
    "num_runs": 5,
    "mean_best_value": 10.127976408706981,
    "std_best_value": 2.0261858125633947,
    "min_best_value": 6.424685494346804,
    "max_best_value": 12.622966261889223,
    "mean_elapsed_time_s": 0.015670880011748524,
    "std_elapsed_time_s": 0.00018618867843476244,
    "mean_iterations": 100.0,
    "min_iterations": 100,
    "max_iterations": 100
}