{
    "objective_name": "ackley",
    "num_runs": 5,
    "mean_best_value": 13.589712956824062,
    "std_best_value": 1.569272594583466,
    "min_best_value": 11.384316545381338,
    "max_best_value": 15.137136292259276,
    "mean_elapsed_time_s": 0.015443059999961406,
    "std_elapsed_time_s": 0.00025200163134781546,
    "mean_iterations": 100.0,
    "min_iterations": 100,
    "max_iterations": 100
}