{
    "objective_name": "ackley",
    "num_runs": 5,
    "mean_best_value": 19.70680849519311,
    "std_best_value": 0.6383224773717173,
    "min_best_value": 18.670839869177307,
    "max_best_value": 20.65452007415853,
    "mean_elapsed_time_s": 0.015465320006478578,
    "std_elapsed_time_s": 0.00012746290214437874,
    "mean_iterations": 100.0,
    "min_iterations": 100,
    "max_iterations": 100
}