{
    "objective_name": "ackley",
    "num_runs": 5,
    "mean_best_value": 15.428544114432338,
    "std_best_value": 0.2505520257167183,
    "min_best_value": 15.232838595636949,
    "max_best_value": 15.92392539206401,
    "mean_elapsed_time_s": 0.015674380003474653,
    "std_elapsed_time_s": 0.000411860380849021,
    "mean_iterations": 100.0,
    "min_iterations": 100,
    "max_iterations": 100
}