{
    "objective_name": "ackley",
    "num_runs": 5,
    "mean_best_value": 18.864249897461306,
    "std_best_value": 0.8618591424812021,
    "min_best_value": 17.510685957355676,
    "max_best_value": 19.96821013990287,
    "mean_elapsed_time_s": 0.01565811998443678,
    "std_elapsed_time_s": 0.00013390612881389617,
    "mean_iterations": 100.0,
    "min_iterations": 100,
    "max_iterations": 100
}