{
    "objective_name": "ackley",
    "num_runs": 5,
    "mean_best_value": 20.34071719085202,
    "std_best_value": 0.28587891804168186,
    "min_best_value": 19.854055360061185,
    "max_best_value": 20.66796886678463,
    "mean_elapsed_time_s": 0.015387659997213633,
    "std_elapsed_time_s": 0.000126420273987352,
    "mean_iterations": 100.0,
    "min_iterations": 100,
    "max_iterations": 100
}