{
    "objective_name": "ackley",
    "num_runs": 5,
    "mean_best_value": 19.903349488265285,
    "std_best_value": 0.2155565279299235,
    "min_best_value": 19.637680753915074,
    "max_best_value": 20.27809693291254,
    "mean_elapsed_time_s": 0.015641259984113275,
    "std_elapsed_time_s": 0.0004074786390535248,
    "mean_iterations": 100.0,
    "min_iterations": 100,
    "max_iterations": 100
}