{
    "objective_name": "ackley",
    "num_runs": 5,
    "mean_best_value": 10.633885305438014,
    "std_best_value": 2.112049538780139,
    "min_best_value": 7.963274902809854,
    "max_best_value": 13.017446209432483,
    "mean_elapsed_time_s": 0.015453179995529354,
    "std_elapsed_time_s": 0.0002911302909044981,
    "mean_iterations": 100.0,
    "min_iterations": 100,
    "max_iterations": 100
}