{
    "objective_name": "ackley",
    "num_runs": 5,
    "mean_best_value": 7.771330749838782,
    "std_best_value": 0.45159684322883203,
    "min_best_value": 7.148171199546244,
    "max_best_value": 8.375576360696673,
    "mean_elapsed_time_s": 0.015752219990827144,
    "std_elapsed_time_s": 6.89164904953464e-05,
    "mean_iterations": 100.0,
    "min_iterations": 100,
    "max_iterations": 100
}