{
    "objective_name": "ackley",
    "num_runs": 5,
    "mean_best_value": 10.176084425349083,
    "std_best_value": 2.3035095525794365,
    "min_best_value": 7.57165148640987,
    "max_best_value": 13.993552791212327,
    "mean_elapsed_time_s": 0.015560619975440204,
    "std_elapsed_time_s": 9.269797064599552e-05,
    "mean_iterations": 100.0,
    "min_iterations": 100,
    "max_iterations": 100
}