{
    "objective_name": "ackley",
    "num_runs": 5,
    "mean_best_value": 17.970907571819374,
    "std_best_value": 1.3115761841724976,
    "min_best_value": 15.559540607318961,
    "max_best_value": 19.50563370400398,
    "mean_elapsed_time_s": 0.015529100014828146,
    "std_elapsed_time_s": 5.4393663948229965e-05,
    "mean_iterations": 100.0,
    "min_iterations": 100,
    "max_iterations": 100
}