{
    "objective_name": "ackley",
    "num_runs": 5,
    "mean_best_value": 12.524374127325975,
    "std_best_value": 0.7545547685422445,
    "min_best_value": 11.223346506282244,
    "max_best_value": 13.440342850989197,
    "mean_elapsed_time_s": 0.015538140013813973,
    "std_elapsed_time_s": 0.00014208359840279738,
    "mean_iterations": 100.0,
    "min_iterations": 100,
    "max_iterations": 100
}