{
    "objective_name": "ackley",
    "num_runs": 5,
    "mean_best_value": 9.08348912477957,
    "std_best_value": 2.0482610601600966,
    "min_best_value": 6.875071134081308,
    "max_best_value": 12.792154047093947,
    "mean_elapsed_time_s": 0.01542243999429047,
    "std_elapsed_time_s": 0.00011638247873258938,
    "mean_iterations": 100.0,
    "min_iterations": 100,
    "max_iterations": 100
}