{
    "objective_name": "ackley",
    "num_runs": 5,
    "mean_best_value": 18.88481481281662,
    "std_best_value": 0.6859896731949994,
    "min_best_value": 18.006165887958158,
    "max_best_value": 19.62512186987763,
    "mean_elapsed_time_s": 0.015505379985552282,
    "std_elapsed_time_s": 0.00021230543909463414,
    "mean_iterations": 100.0,
    "min_iterations": 100,
    "max_iterations": 100
}