{
    "objective": "rosenbrock",
    "evaluation_mode": null,
    "best_value": 4.595473514814968e-19,
    "best_position": [
        1.0000000006771337,
        1.0000000013510466
    ],
    "elapsed_time_s": 0.06328070000745356,
    "iterations_completed": 500,
    "best_value_history": [
        1.5544890323467193,
        1.5544890323467193,
        1.3104302262748784,
        1.1411710921479912,
        0.41819266039998193,
        0.022722227454638436,
        0.022722227454638436,
        0.022722227454638436,
        0.022722227454638436,
        0.022722227454638436,
        0.022722227454638436,
        0.019450960810393898,
        0.019450960810393898,
        0.019450960810393898,
        0.019450960810393898,
        0.019450960810393898,
        0.016075537128219793,
        0.016075537128219793,
        0.013297604914677737,
        0.013297604914677737,
        0.013297604914677737,
        0.013297604914677737,
        0.013297604914677737,
        0.013297604914677737,
        0.013297604914677737,
        0.013297604914677737,
        0.013297604914677737,
        0.013297604914677737,
        0.013297604914677737,
        0.00963607028909926,
        0.00963607028909926,
        0.00963607028909926,
        0.00963607028909926,
        0.008178512258006834,
        0.008178512258006834,
        0.005983837149985615,
        0.005983837149985615,
        0.005983837149985615,
        0.005983837149985615,
        0.005983837149985615,
        0.0058960089846871525,
        0.0058960089846871525,
        0.0058960089846871525,
        0.0058960089846871525,
        0.0058960089846871525,
        0.0058960089846871525,
        0.0058960089846871525,
        0.0058960089846871525,
        0.0058960089846871525,
        0.0058960089846871525,
        0.0058960089846871525,
        0.0058960089846871525,
        0.005758685917959042,
        0.005758685917959042,
        0.005707028660800103,
        0.005707028660800103,
        0.005707028660800103,
        0.005707028660800103,
        0.005670676526974434,
        0.003574911060974421,
        0.003574911060974421,
        0.002058712250323259,
        0.002058712250323259,
        0.002058712250323259,
        0.002058712250323259,
        0.002058712250323259,
        0.0020007001029328595,
        0.0018589354116581632,
        0.001821213048070998,
        0.001821213048070998,
        0.0018185680890060846,
        0.0018185680890060846,
        0.0018185680890060846,
        0.0017319716971770133,
        0.0014930826345129636,
        0.0012836333219051943,
        0.00109819382469435,
        0.0009745537053065936,
        0.0007516482121590424,
        0.0005293648050588839,
        0.0005293648050588839,
        0.0005293648050588839,
        0.0005293648050588839,
        0.0005293648050588839,
        0.0005293648050588839,
        0.0005293648050588839,
        0.0005293648050588839,
        0.0005293648050588839,
        0.0005293648050588839,
        0.0005293648050588839,
        0.0005293648050588839,
        0.0005293648050588839,
        0.0005293648050588839,
        0.00045110503698610356,
        0.00045110503698610356,
        0.0004462660880195815,
        0.0004462660880195815,
        0.0004462660880195815,
        0.0004462660880195815,
        0.00043112098264938006,
        0.00043112098264938006,
        0.00043112098264938006,
        0.00043112098264938006,
        0.0004310961472250207,
        0.0004310961472250207,
        8.101245810012972e-05,
        8.101245810012972e-05,
        8.101245810012972e-05,
        8.101245810012972e-05,
        7.257850490593052e-05,
        7.257850490593052e-05,
        7.257850490593052e-05,
        7.257850490593052e-05,
        7.257850490593052e-05,
        7.257850490593052e-05,
        7.257850490593052e-05,
        7.257850490593052e-05,
        7.257850490593052e-05,
        7.257850490593052e-05,
        7.257850490593052e-05,
        7.257850490593052e-05,
        7.257850490593052e-05,
        7.257850490593052e-05,
        4.817813077686725e-05,
        4.817813077686725e-05,
        2.7545633500690594e-05,
        2.670407557756589e-05,
        2.670407557756589e-05,
        2.670407557756589e-05,
        2.670407557756589e-05,
        2.670407557756589e-05,
        2.670407557756589e-05,
        2.670407557756589e-05,
        2.670407557756589e-05,
        2.1204949347500785e-06,
        2.1204949347500785e-06,
        2.1204949347500785e-06,
        2.1204949347500785e-06,
        2.1204949347500785e-06,
        2.1204949347500785e-06,
        2.1204949347500785e-06,
        2.1204949347500785e-06,
        2.1204949347500785e-06,
        2.1204949347500785e-06,
        2.1204949347500785e-06,
        2.1204949347500785e-06,
        2.1204949347500785e-06,
        2.1204949347500785e-06,
        2.1204949347500785e-06,
        6.422876997759829e-07,
        6.422876997759829e-07,
        6.422876997759829e-07,
        6.422876997759829e-07,
        4.966868443818587e-07,
        4.966868443818587e-07,
        4.966868443818587e-07,
        6.659722335551255e-08,
        6.659722335551255e-08,
        6.659722335551255e-08,
        6.659722335551255e-08,
        6.659722335551255e-08,
        6.659722335551255e-08,
        6.659722335551255e-08,
        6.659722335551255e-08,
        6.659722335551255e-08,
        6.659722335551255e-08,
        6.659722335551255e-08,
        6.659722335551255e-08,
        6.659722335551255e-08,
        6.659722335551255e-08,
        6.659722335551255e-08,
        6.659722335551255e-08,
        6.659722335551255e-08,
        6.659722335551255e-08,
        6.659722335551255e-08,
        6.659722335551255e-08,
        6.659722335551255e-08,
        6.659722335551255e-08,
        6.659722335551255e-08,
        3.4846767064884057e-08,
        3.4846767064884057e-08,
        3.4846767064884057e-08,
        2.3554744154853448e-08,
        2.3554744154853448e-08,
        2.3554744154853448e-08,
        2.271623069581086e-08,
        2.271623069581086e-08,
        2.271623069581086e-08,
        1.5941148543921917e-08,
        1.5941148543921917e-08,
        1.1616662328158617e-08,
        7.84235793478325e-09,
        7.84235793478325e-09,
        7.84235793478325e-09,
        7.84235793478325e-09,
        7.84235793478325e-09,
        7.84235793478325e-09,
        7.84235793478325e-09,
        7.84235793478325e-09,
        7.84235793478325e-09,
        7.84235793478325e-09,
        7.84235793478325e-09,
        7.84235793478325e-09,
        7.84235793478325e-09,
        7.84235793478325e-09,
        7.57541419998692e-09,
        7.57541419998692e-09,
        6.4135665324773975e-09,
        5.928037530874254e-09,
        5.74931162510388e-09,
        5.703166317620643e-09,
        5.703166317620643e-09,
        5.703166317620643e-09,
        5.703166317620643e-09,
        5.39397610808741e-09,
        5.39397610808741e-09,
        4.3509485683886946e-09,
        4.3509485683886946e-09,
        4.3509485683886946e-09,
        4.3509485683886946e-09,
        4.3509485683886946e-09,
        4.3509485683886946e-09,
        4.3509485683886946e-09,
        3.6095211048698063e-09,
        3.0217714059087803e-09,
        2.7633704019232916e-09,
        2.563544622681132e-09,
        2.430360846590221e-09,
        2.3404125263364924e-09,
        2.2790561053731446e-09,
        2.236894253679942e-09,
        2.207766907852995e-09,
        1.976898083493306e-09,
        1.976898083493306e-09,
        1.7096222080527836e-09,
        1.5681795073715132e-09,
        1.494145474162883e-09,
        1.4545601428321924e-09,
        1.4328473823108715e-09,
        1.4205870038221343e-09,
        1.4134446432703334e-09,
        1.4091505484505342e-09,
        1.4064904068638067e-09,
        1.404797713375733e-09,
        1.4036958368795694e-09,
        1.4029651978111094e-09,
        1.4024736809631359e-09,
        1.4021393851529922e-09,
        1.2688673818262267e-09,
