{
    "objective": "rosenbrock",
    "evaluation_mode": null,
    "best_value": 1.7324471256389176e-05,
    "best_position": [
        1.0032978504105956,
        1.0068605186383117
    ],
    "elapsed_time_s": 0.013674200046807528,
    "iterations_completed": 100,
    "best_value_history": [
        5.6366438910170595,
        5.301489833246088,
        1.0517873226550611,
        0.11655145363029115,
        0.11655145363029115,
        0.11655145363029115,
        0.11655145363029115,
        0.11655145363029115,
        0.11655145363029115,
        0.11655145363029115,
        0.11655145363029115,
        0.11655145363029115,
        0.11655145363029115,
        0.11655145363029115,
        0.11655145363029115,
        0.060452728385714145,
        0.060452728385714145,
        0.060452728385714145,
        0.060452728385714145,
        0.060452728385714145,
        0.04770162795620197,
        0.011233972820221923,
        0.011233972820221923,
        0.011233972820221923,
        0.011233972820221923,
        0.011233972820221923,
        0.011233972820221923,
        0.011233972820221923,
        0.002434486267675016,
        0.00028909869599211654,
        9.483582720078e-05,
        9.483582720078e-05,
        9.483582720078e-05,
        9.483582720078e-05,
        9.483582720078e-05,
        9.483582720078e-05,
        9.483582720078e-05,
        9.483582720078e-05,
        9.483582720078e-05,
        9.483582720078e-05,
        9.483582720078e-05,
        9.483582720078e-05,
        9.483582720078e-05,
        9.483582720078e-05,
        9.483582720078e-05,
        9.483582720078e-05,
        7.504096102057578e-05,
        7.504096102057578e-05,
        7.504096102057578e-05,
        7.504096102057578e-05,
        7.504096102057578e-05,
        7.504096102057578e-05,
        7.504096102057578e-05,
        7.504096102057578e-05,
        7.504096102057578e-05,
        7.504096102057578e-05,
        7.504096102057578e-05,
        7.504096102057578e-05,
        7.504096102057578e-05,
        7.504096102057578e-05,
        7.504096102057578e-05,
        7.504096102057578e-05,
        7.502909899316083e-05,
        7.502909899316083e-05,
        7.502909899316083e-05,
        7.502909899316083e-05,
        7.502909899316083e-05,
        7.502909899316083e-05,
        7.405982832582494e-05,
        7.405982832582494e-05,
        7.405982832582494e-05,
        7.405982832582494e-05,
        7.405982832582494e-05,
        7.405982832582494e-05,
        7.405982832582494e-05,
        7.405982832582494e-05,
        7.405982832582494e-05,
        7.405982832582494e-05,
        7.405982832582494e-05,
        1.9462419701497685e-05,
        1.9462419701497685e-05,
        1.9462419701497685e-05,
        1.9462419701497685e-05,
        1.9462419701497685e-05,
        1.9462419701497685e-05,
        1.9462419701497685e-05,
        1.9462419701497685e-05,
        1.9462419701497685e-05,
        1.9462419701497685e-05,
        1.9462419701497685e-05,
        1.874067680727096e-05,
        1.874067680727096e-05,
        1.874067680727096e-05,
        1.874067680727096e-05,
        1.7324471256389176e-05,
        1.7324471256389176e-05,
        1.7324471256389176e-05,
        1.7324471256389176e-05,
        1.7324471256389176e-05,
        1.7324471256389176e-05
    ],
    "swarm_position_history": null,
    "timing_stats": {
        "total_time_s": 0.013668400002643466,
        "fitness_time_s": 0.012504399754106998,
        "velocity_update_time_s": 0.0005110999336466193,
        "position_update_time_s": 0.00023239990696310997
    },
    "config": {
        "num_particles": 30,
        "dimensions": 2,
        "max_iterations": 100,
        "inertia_weight": 0.7,
        "cognitive_coefficient": 1.5,
        "social_coefficient": 1.5,
        "seed": 2,
        "tolerance": 0.0,
        "stagnation_patience": null,
        "track_history": true,
        "track_swarm_history": false
    }
}