{
    "objective": "sphere",
    "evaluation_mode": null,
    "best_value": 3.0533373752043196e-29,
    "best_position": [
        -8.802495623622181e-16,
        9.37303134294363e-18,
        -1.3986188038329742e-15,
        4.733846271516724e-15,
        1.2301436650611121e-15,
        5.749222466552261e-16,
        -7.892398283558705e-16,
        6.232754082798891e-16,
        1.1843979862437852e-15,
        -1.0653882710367692e-15
    ],
    "elapsed_time_s": 0.5557465000310913,
    "iterations_completed": 500,
    "best_value_history": [
        20.872343191422416,
        13.210875074742267,
        13.210875074742267,
        13.210875074742267,
        13.210875074742267,
        10.492688451549041,
        7.951175423883272,
        5.874620283263854,
        5.830588253432841,
        5.596897052963593,
        4.9629755462102105,
        2.9448963228346288,
        2.1676717705156685,
        2.1676717705156685,
        2.1676717705156685,
        1.7681413543398046,
        1.6627295032947775,
        1.530553727905818,
        1.3928224372208433,
        1.3928224372208433,
        0.6266031167015973,
        0.6266031167015973,
        0.5285128544282405,
        0.39392082375952964,
        0.39392082375952964,
        0.3313139726693622,
        0.3313139726693622,
        0.30879837356248685,
        0.30879837356248685,
        0.30879837356248685,
        0.30879837356248685,
        0.2751403101627393,
        0.2751403101627393,
        0.2751403101627393,
        0.1813147369112611,
        0.1813147369112611,
        0.15411375239228112,
        0.15411375239228112,
        0.15411375239228112,
        0.15411375239228112,
        0.12438304202449332,
        0.12438304202449332,
        0.12438304202449332,
        0.08838113197724576,
        0.07428765265942688,
        0.059420991576541626,
        0.047176484711853164,
        0.046433789183564875,
        0.046433789183564875,
        0.046433789183564875,
        0.02875552484090037,
        0.02875552484090037,
        0.02875552484090037,
        0.021288703042705217,
        0.021288703042705217,
        0.021288703042705217,
        0.018590431344983293,
        0.012628204022125462,
        0.012628204022125462,
        0.012628204022125462,
        0.01259641347614726,
        0.012007625270406195,
        0.012007625270406195,
        0.012007625270406195,
        0.007327234697709457,
        0.004988495938363426,
        0.0029787934263059883,
        0.0029787934263059883,
        0.0029787934263059883,
        0.0029787934263059883,
        0.0029787934263059883,
        0.002682990703543821,
        0.0017844343295873612,
        0.0017844343295873612,
        0.0017844343295873612,
        0.0013317530364632564,
        0.0008369338718903323,
        0.0007237340221844737,
        0.00043554605719734753,
        0.00043554605719734753,
        0.00043554605719734753,
        0.00043554605719734753,
        0.00018855069266493694,
        0.00018855069266493694,
        0.00017049596169159723,
        0.00016251412462829542,
        0.00012837651294902517,
        0.00012837651294902517,
        0.00012837651294902517,
        0.000125588382181619,
        0.00011154504571627148,
        0.00011154504571627148,
        8.62543062351207e-05,
        6.54481820607969e-05,
        6.54481820607969e-05,
        6.54481820607969e-05,
        5.3255645265814635e-05,
        3.70902234647374e-05,
        3.644731177608383e-05,
        3.644731177608383e-05,
        3.4514697290929026e-05,
        3.093894024648899e-05,
        2.7666931991135643e-05,
        2.6250884353398957e-05,
        2.4319505048314895e-05,
        1.608175424741405e-05,
        1.2594364135704027e-05,
        8.914913341243995e-06,
        8.914913341243995e-06,
        8.914913341243995e-06,
        6.1853276628978715e-06,
        3.4364955105543903e-06,
        3.4364955105543903e-06,
        2.8074629138609313e-06,
        2.8074629138609313e-06,
        2.8074629138609313e-06,
        2.709573988445043e-06,
        2.159305896827325e-06,
        1.8035693906862615e-06,
        1.8035693906862615e-06,
        1.6375004499286696e-06,
        1.1186434808518269e-06,
        7.644904619218837e-07,
        5.873609470299347e-07,
        3.538063513279202e-07,
        3.538063513279202e-07,
        3.012408223644156e-07,
        3.012408223644156e-07,
        3.012408223644156e-07,
        2.539293817003593e-07,
        2.5116764770018605e-07,
        1.5721832361551444e-07,
        1.5721832361551444e-07,
        1.5721832361551444e-07,
        1.5721832361551444e-07,
        1.5298582670203186e-07,
        1.0029100360710228e-07,
        6.497334802068874e-08,
        5.8967772908436744e-08,
        5.8967772908436744e-08,
        5.327062919310447e-08,
        1.8521979527180868e-08,
        1.5640839101818e-08,
        1.1765233344197858e-08,
        1.1765233344197858e-08,
        1.1765233344197858e-08,
        1.1765233344197858e-08,
        1.1765233344197858e-08,
        9.69182772079443e-09,
        9.69182772079443e-09,
        9.00011671160337e-09,
        9.00011671160337e-09,
        7.322267117773203e-09,
        7.322267117773203e-09,
        6.835837121287659e-09,
        6.835837121287659e-09,
        6.818790000221692e-09,
        5.084714564479695e-09,
        5.084714564479695e-09,
        3.5731274573702575e-09,
        2.8209108531451407e-09,
        2.8209108531451407e-09,
        2.3674795012352007e-09,
        2.0034927074313188e-09,
        2.0034927074313188e-09,
        2.0034927074313188e-09,
        2.0034927074313188e-09,
        1.6723583261400682e-09,
        1.663175216442138e-09,
        1.4979579575870063e-09,
        1.3233527053865195e-09,
        9.808997857397002e-10,
        9.808997857397002e-10,
        9.808997857397002e-10,
        8.323772253466773e-10,
        4.950476502962122e-10,
        3.638879637680642e-10,
        3.638879637680642e-10,
        3.638879637680642e-10,
        2.528119998770461e-10,
        2.0383584345925618e-10,
        1.6941511176851828e-10,
        1.293062599236876e-10,
        1.293062599236876e-10,
        1.293062599236876e-10,
        1.0060108286935164e-10,
        1.0060108286935164e-10,
        1.0060108286935164e-10,
        8.846542556302054e-11,
        8.846542556302054e-11,
        6.786505863591112e-11,
        6.786505863591112e-11,
        4.1743560618312153e-11,
        4.1743560618312153e-11,
        2.8651650828479314e-11,
        2.3737351004555487e-11,
        1.569893244651817e-11,
        1.569893244651817e-11,
        1.569893244651817e-11,
        7.428100099502227e-12,
        7.428100099502227e-12,
        3.972809091021841e-12,
        3.972809091021841e-12,
        3.662165558521463e-12,
        3.535407653293086e-12,
        1.7615453948778538e-12,
        1.5537456526013403e-12,
        1.5537456526013403e-12,
        1.5537456526013403e-12,
        1.5537456526013403e-12,
        1.2482883343425538e-12,
        1.2482883343425538e-12,
        1.0043620592354008e-12,
        9.194007730573065e-13,
        7.803341116560945e-13,
        7.803341116560945e-13,
        7.803341116560945e-13,
        6.49596053974503e-13,
        6.49596053974503e-13,
        6.49596053974503e-13,
        6.342114035811367e-13,
        6.118644179447281e-13,
        5.637306038837712e-13,
        5.637306038837712e-13,
        4.228116633908572e-13,
        2.468733217539859e-13,
        1.9063780445972908e-13,
        1.312229219740309e-13,
        1.312229219740309e-13,
        9.51592212018424e-14,
        6.216372481992511e-14,
        5.2535081618865146e-14,
        4.081634473258478e-14,
        4.081634473258478e-14,
        3.8338242274883996e-14,
        3.224116098651162e-14,
        3.224116098651162e-14,
        2.7724289846264822e-14,
        2.059083750521193e-14,
        2.0040497855124052e-14,
        2.0040497855124052e-14,
        2.0040497855124052e-14,
        2.0040497855124052e-14,
