{
    "objective": "sphere",
    "evaluation_mode": null,
    "best_value": 1.1666968939010506e-28,
    "best_position": [
        -1.0909254785533056e-15,
        -2.2294861775683483e-16,
        2.4391358055372383e-15,
        4.1931454949413266e-16,
        1.1580237997806696e-15,
        -9.877155248515377e-15,
        -1.3823887226714934e-15,
        -1.1217387866164945e-15,
        2.688126468215149e-15,
        1.0060524686131804e-16
    ],
    "elapsed_time_s": 0.5416232000570744,
    "iterations_completed": 500,
    "best_value_history": [
        34.79531104949922,
        29.973430999061797,
        26.88628738442892,
        19.558410278884743,
        18.272902505159664,
        18.272902505159664,
        17.741182823416608,
        8.602236405371897,
        8.602236405371897,
        8.034551318322498,
        5.400876402434887,
        3.952849576672523,
        3.8114193222696775,
        3.6038675632077877,
        2.381103794915737,
        2.381103794915737,
        1.5817258417920308,
        1.3277792920307558,
        1.255072235743024,
        0.9845483580507974,
        0.9845483580507974,
        0.9845483580507974,
        0.9845483580507974,
        0.9108650060436662,
        0.6937258255977629,
        0.6812435809209534,
        0.46496152781559286,
        0.3968808608225699,
        0.2458073481955005,
        0.16909155210906035,
        0.16909155210906035,
        0.16909155210906035,
        0.13551166983071358,
        0.13551166983071358,
        0.11223125317786523,
        0.11223125317786523,
        0.11223125317786523,
        0.09438629826127798,
        0.07643269516457828,
        0.05921120209372402,
        0.04050382370131433,
        0.039253529778137404,
        0.021809927953705503,
        0.021809927953705503,
        0.011729355165561221,
        0.011729355165561221,
        0.011729355165561221,
        0.011729355165561221,
        0.011729355165561221,
        0.011729355165561221,
        0.011729355165561221,
        0.010055342527651785,
        0.0071815711905908386,
        0.005642796701388105,
        0.004935613640200184,
        0.004935613640200184,
        0.004124995010263715,
        0.0037175571309998566,
        0.002882309479421668,
        0.002626778121689558,
        0.002626778121689558,
        0.002626778121689558,
        0.0021982196749903045,
        0.0016739303785235156,
        0.001636555473505535,
        0.0011509182513975943,
        0.0011509182513975943,
        0.0011509182513975943,
        0.0008720921233727618,
        0.0004611473245025792,
        0.0004611473245025792,
        0.0004611473245025792,
        0.0002498271359356872,
        0.0002498271359356872,
        0.0002431492669577891,
        0.0002431492669577891,
        0.00020151357446104488,
        0.00020151357446104488,
        0.00020151357446104488,
        0.00018448487808360347,
        0.00015473099126241482,
        0.0001320511114984211,
        0.0001320511114984211,
        0.00010947288211547538,
        0.00010847609344117062,
        8.041110084495026e-05,
        7.583984234101515e-05,
        5.338873986378106e-05,
        5.338873986378106e-05,
        4.637930252887271e-05,
        3.989191898482203e-05,
        3.9651568705430544e-05,
        2.0949126965659244e-05,
        2.0949126965659244e-05,
        2.0949126965659244e-05,
        1.5750605939572383e-05,
        1.5750605939572383e-05,
        1.5750605939572383e-05,
        9.343033004854712e-06,
        9.343033004854712e-06,
        9.343033004854712e-06,
        9.343033004854712e-06,
        8.269431089728506e-06,
        4.352142140788379e-06,
        3.3727978922100617e-06,
        3.3727978922100617e-06,
        3.1686330224839067e-06,
        3.1686330224839067e-06,
        2.316629073003467e-06,
        1.7042598486703308e-06,
        1.7042598486703308e-06,
        1.6761615479919517e-06,
        1.6761615479919517e-06,
        1.6761615479919517e-06,
        1.6761615479919517e-06,
        1.6402848473603994e-06,
        1.2146424213686317e-06,
        1.2146424213686317e-06,
        1.0598375261896896e-06,
        9.219968439710244e-07,
        9.219968439710244e-07,
        9.115934395057072e-07,
        7.902332916793188e-07,
        7.624731570857124e-07,
        7.624731570857124e-07,
        6.261876834898847e-07,
        5.943827570860322e-07,
        4.490510657327837e-07,
        4.490510657327837e-07,
        3.5288399980300817e-07,
        3.5288399980300817e-07,
        3.5288399980300817e-07,
        1.950250091037734e-07,
        1.8569277476189274e-07,
        1.8569277476189274e-07,
        1.8569277476189274e-07,
        1.8564755190512406e-07,
        1.7229904215183862e-07,
        1.5734265460230305e-07,
        1.5734265460230305e-07,
        1.0185583051375906e-07,
        8.292221328478357e-08,
        8.292221328478357e-08,
        7.658990999241973e-08,
        7.300536978358074e-08,
        6.853438063700393e-08,
        3.8165819873588275e-08,
        3.8165819873588275e-08,
        3.8165819873588275e-08,
        3.5232574811193294e-08,
        3.5232574811193294e-08,
        3.01863226230442e-08,
        3.01863226230442e-08,
        1.8810718021386985e-08,
        1.8810718021386985e-08,
        1.6720922701114955e-08,
        1.3335862707428292e-08,
        7.566350676433613e-09,
        7.566350676433613e-09,
        6.296691190080466e-09,
        3.189361348986515e-09,
        3.189361348986515e-09,
        3.189361348986515e-09,
        3.189361348986515e-09,
        3.189361348986515e-09,
        3.189361348986515e-09,
        3.065260613217879e-09,
        3.065260613217879e-09,
        2.6992777306272062e-09,
        2.6791839560115573e-09,
        1.822416083983949e-09,
        1.822416083983949e-09,
        1.822416083983949e-09,
        1.2718689593709705e-09,
        1.2718689593709705e-09,
        1.2718689593709705e-09,
        1.1779616767067297e-09,
        1.1779616767067297e-09,
        1.1779616767067297e-09,
        8.111789058596476e-10,
        6.57284319783325e-10,
        6.57284319783325e-10,
        5.747163888945907e-10,
        5.747163888945907e-10,
        4.1790016686226933e-10,
        3.259878583395506e-10,
        3.259878583395506e-10,
        2.5228662481794993e-10,
        2.5228662481794993e-10,
        2.284867720071404e-10,
        2.284867720071404e-10,
        1.565894673943445e-10,
        7.271340674065085e-11,
        7.271340674065085e-11,
        7.271340674065085e-11,
        5.851377649541613e-11,
        4.121451592666413e-11,
        4.121451592666413e-11,
        4.105973583828384e-11,
        3.351586745524305e-11,
        2.1061920516333938e-11,
        1.303995752369403e-11,
        1.303995752369403e-11,
        1.303995752369403e-11,
        1.1322630386223844e-11,
        1.0144513738025719e-11,
        1.0101296728491789e-11,
        1.0101296728491789e-11,
        9.741725173824515e-12,
        5.576331579519547e-12,
        5.576331579519547e-12,
        5.576331579519547e-12,
        4.187440831446453e-12,
        2.547125377117918e-12,
        2.547125377117918e-12,
        2.547125377117918e-12,
        2.547125377117918e-12,
        2.3281039358874865e-12,
        2.2569565720879003e-12,
        1.5634245192371195e-12,
        1.5634245192371195e-12,
        1.5634245192371195e-12,
        1.5634245192371195e-12,
        1.4514154021960551e-12,
        1.4514154021960551e-12,
        1.119120683278012e-12,
        1.119120683278012e-12,
        6.14398750183523e-13,
        5.928860807306923e-13,
        5.928860807306923e-13,
        4.253989904167402e-13,
        4.253989904167402e-13,
        3.8352434944924105e-13,
        3.8352434944924105e-13,
        3.8352434944924105e-13,
        3.8352434944924105e-13,
        3.802382371057296e-13,
        2.4134596084208334e-13,
        1.5440880035760613e-13,
        1.4227379988261268e-13,
        1.4227379988261268e-13,
        1.4227379988261268e-13,
