{
    "objective": "sphere",
    "evaluation_mode": null,
    "best_value": 1.287898562508097e-29,
    "best_position": [
        1.1708020727552735e-15,
        1.8972356817827538e-16,
        5.873427598306423e-16,
        3.7336807454597657e-16,
        1.7691800818661263e-15,
        -1.156044976558048e-15,
        -1.7946056713153516e-16,
        1.1065973726960425e-15,
        -8.053722341951007e-16,
        2.148490501876303e-15
    ],
    "elapsed_time_s": 0.6103482999606058,
    "iterations_completed": 500,
    "best_value_history": [
        27.33171042498901,
        27.33171042498901,
        18.794413228446658,
        12.814523584239126,
        11.423080374667727,
        11.423080374667727,
        11.423080374667727,
        5.707420816353989,
        5.692716090263485,
        5.692716090263485,
        5.569198500946924,
        5.245827873189564,
        5.245827873189564,
        2.3116463039777204,
        2.2244562097858958,
        2.2244562097858958,
        0.5517356170782843,
        0.5517356170782843,
        0.5517356170782843,
        0.5517356170782843,
        0.4215864231297799,
        0.35177427518829935,
        0.35177427518829935,
        0.35177427518829935,
        0.35177427518829935,
        0.35177427518829935,
        0.24776282556403076,
        0.24776282556403076,
        0.18192872277376193,
        0.17201535957903374,
        0.14360607370977554,
        0.14142074375396044,
        0.09502947699305417,
        0.07515799390522016,
        0.06870134775823948,
        0.06870134775823948,
        0.05573854094804904,
        0.0367677915364784,
        0.0367677915364784,
        0.029311584795232413,
        0.025893380403396907,
        0.021965837073746296,
        0.021965837073746296,
        0.01845990771782556,
        0.01082875811880824,
        0.01082875811880824,
        0.01082875811880824,
        0.01082875811880824,
        0.007139145329890408,
        0.007139145329890408,
        0.005283831509470448,
        0.002726873910567082,
        0.002726873910567082,
        0.0016973415343930062,
        0.0016973415343930062,
        0.0015037783785758702,
        0.0015037783785758702,
        0.000629217966996228,
        0.000629217966996228,
        0.000629217966996228,
        0.0005967256018971523,
        0.0004391347257180517,
        0.0004391347257180517,
        0.0004391347257180517,
        0.0004391347257180517,
        0.000413605432519936,
        0.000413605432519936,
        0.0002702059808251746,
        0.0002702059808251746,
        0.0002702059808251746,
        0.00020520427821728467,
        0.00010179453139092898,
        0.00010179453139092898,
        9.857344749266508e-05,
        7.645258400689961e-05,
        7.384210435530229e-05,
        7.384210435530229e-05,
        7.384210435530229e-05,
        7.384210435530229e-05,
        7.384210435530229e-05,
        7.384210435530229e-05,
        3.316769904576929e-05,
        3.316769904576929e-05,
        3.316769904576929e-05,
        1.3549613159841558e-05,
        1.3549613159841558e-05,
        1.3549613159841558e-05,
        1.2878725080655535e-05,
        1.2878725080655535e-05,
        1.2878725080655535e-05,
        1.1601099483761133e-05,
        1.1601099483761133e-05,
        1.1601099483761133e-05,
        1.0394375024454507e-05,
        5.048768081631422e-06,
        4.971015385766877e-06,
        2.4129062610603837e-06,
        2.4129062610603837e-06,
        2.4129062610603837e-06,
        2.4129062610603837e-06,
        1.902272473211056e-06,
        1.4130208782048045e-06,
        1.4130208782048045e-06,
        1.159688976031096e-06,
        1.159688976031096e-06,
        5.305506084917158e-07,
        5.305506084917158e-07,
        5.305506084917158e-07,
        4.052805546126087e-07,
        3.6166525264924733e-07,
        3.505893934875629e-07,
        3.505893934875629e-07,
        2.888171083694374e-07,
        2.888171083694374e-07,
        1.7168415832771205e-07,
        1.5385024763540432e-07,
        1.5385024763540432e-07,
        1.5385024763540432e-07,
        1.5385024763540432e-07,
        1.2714697156627747e-07,
        5.113735432538974e-08,
        5.113735432538974e-08,
        5.113735432538974e-08,
        5.113735432538974e-08,
        5.113735432538974e-08,
        5.113735432538974e-08,
        4.6860560623992315e-08,
        4.6860560623992315e-08,
        4.335532034231676e-08,
        4.335532034231676e-08,
        3.5702351857760044e-08,
        3.5702351857760044e-08,
        3.495849326387846e-08,
        3.495849326387846e-08,
        3.330528291047479e-08,
        3.2571001251458973e-08,
        3.2571001251458973e-08,
        2.6444980703287356e-08,
        2.234892178237109e-08,
        2.234892178237109e-08,
        1.930817784154787e-08,
        1.653724110758492e-08,
        1.3263856530574345e-08,
        1.3263856530574345e-08,
        1.0132492919771292e-08,
        1.0099449816361528e-08,
        8.475778287657719e-09,
        8.22488747534099e-09,
        7.650188613094118e-09,
        5.487138931070323e-09,
        5.487138931070323e-09,
        3.414347345253155e-09,
        3.414347345253155e-09,
        3.414347345253155e-09,
        3.414347345253155e-09,
        1.9073863130465387e-09,
        1.2977181855497838e-09,
        1.2638434269462806e-09,
        1.2513663850830974e-09,
        9.853836904733052e-10,
        9.4233645776294e-10,
        2.45954198692487e-10,
        2.45954198692487e-10,
        2.45954198692487e-10,
        2.45954198692487e-10,
        2.2297342868124224e-10,
        2.0307479634381057e-10,
        2.0307479634381057e-10,
        2.0307479634381057e-10,
        1.5274567789321332e-10,
        1.2885333491880213e-10,
        1.0706992201154058e-10,
        1.0706992201154058e-10,
        1.0095346257929652e-10,
        1.0095346257929652e-10,
        6.864123786539331e-11,
        6.420525863356301e-11,
        5.172943737932795e-11,
        4.835669492753607e-11,
        4.719490513729845e-11,
        2.8548139810168114e-11,
        2.8548139810168114e-11,
        2.8548139810168114e-11,
        2.8548139810168114e-11,
        2.8548139810168114e-11,
        2.8548139810168114e-11,
        2.8548139810168114e-11,
        2.766600874772567e-11,
        2.2944016272519014e-11,
        1.893680311346915e-11,
        1.8465580039280132e-11,
        1.8465580039280132e-11,
        1.6974402389291904e-11,
        1.2783592929619672e-11,
        1.0673038397853938e-11,
        9.318233589175705e-12,
        9.318233589175705e-12,
        6.248885621620146e-12,
        4.5218177792200196e-12,
        4.5218177792200196e-12,
        3.124955074417157e-12,
        3.124955074417157e-12,
        3.124955074417157e-12,
        3.124955074417157e-12,
        2.9524955191220724e-12,
        1.8854925875428245e-12,
        1.1407881368892812e-12,
        1.1407881368892812e-12,
        1.1407881368892812e-12,
        1.0900343511128908e-12,
        9.551230379543065e-13,
        8.415568462195454e-13,
        8.415568462195454e-13,
        5.416880684034123e-13,
        5.416880684034123e-13,
        4.881097136467525e-13,
        4.881097136467525e-13,
        4.881097136467525e-13,
        3.826313218273599e-13,
        3.336604568900963e-13,
        2.023558370856501e-13,
        2.023558370856501e-13,
        2.023558370856501e-13,
        2.023558370856501e-13,
        1.744710263225728e-13,
        1.744710263225728e-13,
        1.2619937979044923e-13,
        1.207254553171823e-13,
        9.207237041637565e-14,
        8.42409606624768e-14,
        8.42409606624768e-14,
        7.479550098577653e-14,
        7.215445867298117e-14,
        5.874842236282686e-14,
        5.874842236282686e-14,
        4.5261125803197916e-14,
        3.331687878093899e-14,
        3.331687878093899e-14,
        3.2433246137314004e-14,
        3.1533186203491195e-14,
        3.1533186203491195e-14,
        2.4036554232797024e-14,
