{
    "objective": "sphere",
    "evaluation_mode": null,
    "best_value": 9.343033004854712e-06,
    "best_position": [
        -0.000454857895140945,
        0.00033547730108684007,
        0.0007617107920428207,
        1.2732553100773406e-05,
        0.001096562493871387,
        -0.0002431567262854993,
        -0.0001285001320513495,
        -0.002538214224207022,
        0.0008498436115863912,
        1.93504354886174e-05
    ],
    "elapsed_time_s": 0.2637927000178024,
    "iterations_completed": 100,
    "best_value_history": [
        34.79531104949922,
        29.973430999061797,
        26.88628738442892,
        19.558410278884743,
        18.272902505159664,
        18.272902505159664,
        17.741182823416608,
        8.602236405371897,
        8.602236405371897,
        8.034551318322498,
        5.400876402434887,
        3.952849576672523,
        3.8114193222696775,
        3.6038675632077877,
        2.381103794915737,
        2.381103794915737,
        1.5817258417920308,
        1.3277792920307558,
        1.255072235743024,
        0.9845483580507974,
        0.9845483580507974,
        0.9845483580507974,
        0.9845483580507974,
        0.9108650060436662,
        0.6937258255977629,
        0.6812435809209534,
        0.46496152781559286,
        0.3968808608225699,
        0.2458073481955005,
        0.16909155210906035,
        0.16909155210906035,
        0.16909155210906035,
        0.13551166983071358,
        0.13551166983071358,
        0.11223125317786523,
        0.11223125317786523,
        0.11223125317786523,
        0.09438629826127798,
        0.07643269516457828,
        0.05921120209372402,
        0.04050382370131433,
        0.039253529778137404,
        0.021809927953705503,
        0.021809927953705503,
        0.011729355165561221,
        0.011729355165561221,
        0.011729355165561221,
        0.011729355165561221,
        0.011729355165561221,
        0.011729355165561221,
        0.011729355165561221,
        0.010055342527651785,
        0.0071815711905908386,
        0.005642796701388105,
        0.004935613640200184,
        0.004935613640200184,
        0.004124995010263715,
        0.0037175571309998566,
        0.002882309479421668,
        0.002626778121689558,
        0.002626778121689558,
        0.002626778121689558,
        0.0021982196749903045,
        0.0016739303785235156,
        0.001636555473505535,
        0.0011509182513975943,
        0.0011509182513975943,
        0.0011509182513975943,
        0.0008720921233727618,
        0.0004611473245025792,
        0.0004611473245025792,
        0.0004611473245025792,
        0.0002498271359356872,
        0.0002498271359356872,
        0.0002431492669577891,
        0.0002431492669577891,
        0.00020151357446104488,
        0.00020151357446104488,
        0.00020151357446104488,
        0.00018448487808360347,
        0.00015473099126241482,
        0.0001320511114984211,
        0.0001320511114984211,
        0.00010947288211547538,
        0.00010847609344117062,
        8.041110084495026e-05,
        7.583984234101515e-05,
        5.338873986378106e-05,
        5.338873986378106e-05,
        4.637930252887271e-05,
        3.989191898482203e-05,
        3.9651568705430544e-05,
        2.0949126965659244e-05,
        2.0949126965659244e-05,
        2.0949126965659244e-05,
        1.5750605939572383e-05,
        1.5750605939572383e-05,
        1.5750605939572383e-05,
        9.343033004854712e-06,
        9.343033004854712e-06
    ],
    "swarm_position_history": null,
    "timing_stats": {
        "total_time_s": 0.26378649997059256,
        "fitness_time_s": 0.2584282999159768,
        "velocity_update_time_s": 0.0018910003127530217,
        "position_update_time_s": 0.000798600260168314
    },
    "config": {
        "num_particles": 30,
        "dimensions": 10,
        "max_iterations": 100,
        "inertia_weight": 0.7,
        "cognitive_coefficient": 1.5,
        "social_coefficient": 1.5,
        "seed": 4,
        "tolerance": 0.0,
        "stagnation_patience": null,
        "track_history": true,
        "track_swarm_history": false
    }
}