{
    "objective": "sphere",
    "evaluation_mode": null,
    "best_value": 5.332833154316983e-30,
    "best_position": [
        3.710538926442782e-16,
        -7.606166751902357e-16,
        3.3726111076686833e-16,
        -5.342055609016833e-16,
        -4.1345314912015614e-16,
        2.04727360644133e-16,
        5.28308179397034e-16,
        3.9668063671759893e-16,
        -1.4982000303174555e-15,
        -1.1504645187217546e-15
    ],
    "elapsed_time_s": 0.5523162999888882,
    "iterations_completed": 500,
    "best_value_history": [
        40.04721034341899,
        36.42706604737941,
        21.83082281130306,
        18.133713431568676,
        16.348836431764173,
        13.074627372207585,
        5.761970135447064,
        5.761970135447064,
        5.761970135447064,
        4.621273722304831,
        3.83474933836396,
        3.83474933836396,
        3.83474933836396,
        3.226257818043628,
        2.0174987739300874,
        1.532738584254645,
        1.532738584254645,
        1.532738584254645,
        1.0047406128718837,
        1.0047406128718837,
        1.0047406128718837,
        0.8620768466168971,
        0.7799616000081191,
        0.7403081398231232,
        0.5679300815844964,
        0.418612213280244,
        0.418612213280244,
        0.37507990756752757,
        0.1547767542110749,
        0.1547767542110749,
        0.10320881570957424,
        0.07932932146261873,
        0.07932932146261873,
        0.07932932146261873,
        0.07932932146261873,
        0.06927678539773503,
        0.06927678539773503,
        0.06927678539773503,
        0.06927678539773503,
        0.06262780465905837,
        0.06262780465905837,
        0.05673684103478292,
        0.048194321038617274,
        0.04705768028881286,
        0.029996337520160597,
        0.02309474730959759,
        0.02309474730959759,
        0.012091675103468568,
        0.011775446096252213,
        0.011775446096252213,
        0.008317574177034756,
        0.008317574177034756,
        0.008317574177034756,
        0.007639842578465934,
        0.007639842578465934,
        0.007117761897741791,
        0.006772221825345437,
        0.006772221825345437,
        0.006474258396811277,
        0.006474258396811277,
        0.0059054167616448845,
        0.0059054167616448845,
        0.005132573561369081,
        0.0026803511469175967,
        0.0026803511469175967,
        0.0014691043415824751,
        0.0011996561786279793,
        0.0011996561786279793,
        0.0010733911346633355,
        0.0010733911346633355,
        0.0010733911346633355,
        0.0010142427318003196,
        0.0009765489960219868,
        0.0008202943115228033,
        0.00047361063766277215,
        0.00047361063766277215,
        0.00047361063766277215,
        0.0004495086946561105,
        0.0004495086946561105,
        0.00022209463023124804,
        0.00022209463023124804,
        0.00016849066220936932,
        0.00016849066220936932,
        0.00016849066220936932,
        0.0001571712926491285,
        0.00010639942317789725,
        0.00010639942317789725,
        0.00010639942317789725,
        0.00010569954541420082,
        4.708953086605609e-05,
        4.0396218575841926e-05,
        4.0396218575841926e-05,
        3.994403457362769e-05,
        3.2088211428991694e-05,
        2.981617690161601e-05,
        2.6853628366360594e-05,
        2.6853628366360594e-05,
        2.4229475006321895e-05,
        1.6578219254299808e-05,
        1.4343825213890781e-05,
        1.2540416597797873e-05,
        1.0046810532064705e-05,
        1.0046810532064705e-05,
        5.244126323015258e-06,
        3.740724560883713e-06,
        3.740724560883713e-06,
        3.740724560883713e-06,
        2.5529822298394543e-06,
        2.5529822298394543e-06,
        2.5529822298394543e-06,
        1.6261580279065153e-06,
        1.6261580279065153e-06,
        1.6261580279065153e-06,
        1.6261580279065153e-06,
        1.3092457784768797e-06,
        9.891695267581423e-07,
        9.053350926147859e-07,
        8.754670059351619e-07,
        7.08734351650722e-07,
        6.368705330986455e-07,
        6.368705330986455e-07,
        2.1260963503082752e-07,
        2.1260963503082752e-07,
        2.1260963503082752e-07,
        2.1260963503082752e-07,
        1.561542783246915e-07,
        1.561542783246915e-07,
        1.561542783246915e-07,
        1.4980478807565935e-07,
        9.522060645412519e-08,
        9.522060645412519e-08,
        7.359692050382278e-08,
        6.509209174306165e-08,
        6.509209174306165e-08,
        5.7681424523502594e-08,
        5.5569498915308745e-08,
        4.7025436290162186e-08,
        4.7025436290162186e-08,
        4.7025436290162186e-08,
        3.669656784439072e-08,
        3.669656784439072e-08,
        3.11979826768995e-08,
        2.1123398764751112e-08,
        1.7327373031444983e-08,
        1.7327373031444983e-08,
        1.7327373031444983e-08,
        1.5591382118322826e-08,
        1.4104231436876709e-08,
        1.3938609527030313e-08,
        1.042687115320459e-08,
        7.0082098822376625e-09,
        7.0082098822376625e-09,
        5.3261985862699545e-09,
        3.412042682626813e-09,
        3.412042682626813e-09,
        3.412042682626813e-09,
        3.412042682626813e-09,
        2.750079933947421e-09,
        1.3675723911079596e-09,
        1.3675723911079596e-09,
        1.3675723911079596e-09,
        1.2513697322680778e-09,
        1.1669987690870957e-09,
        8.028877892103114e-10,
        8.028877892103114e-10,
        6.369402014423435e-10,
        6.369402014423435e-10,
        6.369402014423435e-10,
        4.994089973711368e-10,
        4.6428079155368717e-10,
        2.822022733496268e-10,
        2.822022733496268e-10,
        1.997104368160253e-10,
        1.5515769512139005e-10,
        1.5515769512139005e-10,
        1.4569693815479558e-10,
        1.4569693815479558e-10,
        1.4569693815479558e-10,
        1.2826506510083963e-10,
        1.2826506510083963e-10,
        1.2826506510083963e-10,
        9.697288002558424e-11,
        7.463596843786663e-11,
        5.799859538534858e-11,
        5.799859538534858e-11,
        5.799859538534858e-11,
        5.392830167179132e-11,
        5.392830167179132e-11,
        5.392830167179132e-11,
        4.6436340957085376e-11,
        4.6436340957085376e-11,
        4.6436340957085376e-11,
        3.89041355711033e-11,
        3.89041355711033e-11,
        3.89041355711033e-11,
        3.89041355711033e-11,
        1.9520762720637806e-11,
        1.850782958842311e-11,
        1.8060791082387678e-11,
        1.5542287169271317e-11,
        1.1518670158161015e-11,
        1.11505552533192e-11,
        1.11505552533192e-11,
        1.11505552533192e-11,
        1.0564415409889939e-11,
        7.559000793471137e-12,
        4.2448199097511185e-12,
        4.2448199097511185e-12,
        4.231461214758593e-12,
        4.231461214758593e-12,
        2.9851005611726904e-12,
        1.406338853771628e-12,
        1.406338853771628e-12,
        1.406338853771628e-12,
        1.406338853771628e-12,
        1.0105083947012046e-12,
        1.0105083947012046e-12,
        1.0105083947012046e-12,
        1.0105083947012046e-12,
        9.84125692489545e-13,
        8.149826083101642e-13,
        6.71349925285057e-13,
        6.71349925285057e-13,
        6.71349925285057e-13,
        6.281950694173664e-13,
        6.281950694173664e-13,
        1.8271345060847657e-13,
        1.8271345060847657e-13,
        1.8271345060847657e-13,
        1.8271345060847657e-13,
        1.8271345060847657e-13,
        1.4847118333492014e-13,
        1.405226849470429e-13,
        1.0171440061838528e-13,
        1.0171440061838528e-13,
        8.739802968835511e-14,
        6.287914648270345e-14,
        5.094425188399828e-14,
        5.094425188399828e-14,
        1.8316201858086075e-14,
        1.8316201858086075e-14,
        1.2738679182808618e-14,
