{
    "objective": "sphere",
    "evaluation_mode": "threading",
    "best_value": 2.804596185589821e-05,
    "best_position": [
        -0.0029933477093204725,
        0.0009704286710666195,
        0.0018531819138584956,
        0.001978399034372221,
        1.4943794332802776e-05,
        0.0009681367058740728,
        0.00047542096865972865,
        0.0021956511873877788,
        0.002161063491353962,
        -0.0003756819802536932
    ],
    "elapsed_time_s": 0.03459589998237789,
    "iterations_completed": 100,
    "best_value_history": [
        31.637149268327292,
        30.000354094162198,
        13.36476971006648,
        13.36476971006648,
        7.5152709027396645,
        7.5152709027396645,
        6.789234275110083,
        4.792379272564454,
        4.792379272564454,
        4.792379272564454,
        4.466742739179319,
        4.163909403014938,
        4.163909403014938,
        3.7089396543149995,
        3.7089396543149995,
        2.0238220065464736,
        2.0238220065464736,
        2.0238220065464736,
        2.0238220065464736,
        1.1658022731061846,
        0.9266193552943712,
        0.9266193552943712,
        0.9266193552943712,
        0.7878323841304967,
        0.7878323841304967,
        0.3837499101981132,
        0.3319538911542014,
        0.3319538911542014,
        0.3319538911542014,
        0.31548905365078084,
        0.2711340836532645,
        0.2711340836532645,
        0.15606512954458446,
        0.15606512954458446,
        0.15606512954458446,
        0.09167735877427755,
        0.09167735877427755,
        0.07585883563295331,
        0.07585883563295331,
        0.07585883563295331,
        0.06036816533290165,
        0.0502256863365393,
        0.05005555302432297,
        0.04302189281624737,
        0.04302189281624737,
        0.015444356286730349,
        0.014623775905277891,
        0.014623775905277891,
        0.014623775905277891,
        0.014623775905277891,
        0.009031366938332359,
        0.009031366938332359,
        0.009031366938332359,
        0.00664615969270093,
        0.004413321409075621,
        0.004148051804562179,
        0.004148051804562179,
        0.004148051804562179,
        0.00400042532066792,
        0.0039599918938351035,
        0.0024669811681550615,
        0.0024669811681550615,
        0.002351405719857101,
        0.0010487459095131556,
        0.0010487459095131556,
        0.0010487459095131556,
        0.0010487459095131556,
        0.0010487459095131556,
        0.0010487459095131556,
        0.0006972507835427838,
        0.0006972507835427838,
        0.0006035368236688825,
        0.0006035368236688825,
        0.0006035368236688825,
        0.00046566309174007317,
        0.0003384848686356044,
        0.0002573318268779959,
        0.00024665548439975927,
        0.00022524824979245017,
        0.0002211947394970411,
        0.0002211947394970411,
        0.0002211947394970411,
        0.0001967497398543037,
        0.00014813546825747184,
        0.0001450259008197549,
        0.00010658654822355952,
        0.00010658654822355952,
        0.00010658654822355952,
        0.00010658654822355952,
        6.144739333212201e-05,
        6.144739333212201e-05,
        6.144739333212201e-05,
        6.144739333212201e-05,
        3.7411347134261384e-05,
        3.7411347134261384e-05,
        3.4019875698448644e-05,
        3.4019875698448644e-05,
        3.4019875698448644e-05,
        3.4019875698448644e-05,
        2.804596185589821e-05
    ],
    "swarm_position_history": null,
    "timing_stats": {
        "total_time_s": 0.03458979993592948,
        "fitness_time_s": 0.030743799754418433,
        "velocity_update_time_s": 0.0013798000290989876,
        "position_update_time_s": 0.0006793997017666698
    },
    "config": {
        "num_particles": 30,
        "dimensions": 10,
        "max_iterations": 100,
        "inertia_weight": 0.7,
        "cognitive_coefficient": 1.5,
        "social_coefficient": 1.5,
        "seed": 2,
        "tolerance": 0.0,
        "stagnation_patience": null,
        "track_history": true,
        "track_swarm_history": false
    }
}