{
    "objective_name": "ackley",
    "num_runs": 5,
    "mean_best_value": 4.914164156217296,
    "std_best_value": 5.1758153389518435,
    "min_best_value": 1.5017558843085017,
    "max_best_value": 15.208363769029562,
    "mean_elapsed_time_s": 0.5838893399806693,
    "std_elapsed_time_s": 0.008253871809406033,
    "mean_iterations": 500.0,
    "min_iterations": 500,
    "max_iterations": 500
}