{
    "objective_name": "rastrigin",
    "num_runs": 5,
    "mean_best_value": 169.36803772851692,
    "std_best_value": 44.10803395876971,
    "min_best_value": 110.65841750442839,
    "max_best_value": 231.06342066413467,
    "mean_elapsed_time_s": 0.28035746002569795,
    "std_elapsed_time_s": 0.008483314558066194,
    "mean_iterations": 100.0,
    "min_iterations": 100,
    "max_iterations": 100,
    "evaluation_mode": "multiprocessing"
}