{
    "objective_name": "rastrigin",
    "num_runs": 5,
    "mean_best_value": 122.6070405635011,
    "std_best_value": 27.901937512587825,
    "min_best_value": 83.57637489296623,
    "max_best_value": 169.21343950019212,
    "mean_elapsed_time_s": 0.5730512000387534,
    "std_elapsed_time_s": 0.021476541861104374,
    "mean_iterations": 500.0,
    "min_iterations": 500,
    "max_iterations": 500
}