{
    "objective_name": "sphere",
    "num_runs": 5,
    "mean_best_value": 1.0435056562113648e-07,
    "std_best_value": 1.489330692991341e-07,
    "min_best_value": 5.183268099061984e-09,
    "max_best_value": 3.993238694447711e-07,
    "mean_elapsed_time_s": 0.569131000014022,
    "std_elapsed_time_s": 0.022130254621102498,
    "mean_iterations": 500.0,
    "min_iterations": 500,
    "max_iterations": 500
}