{
    "objective_name": "sphere",
    "num_runs": 5,
    "mean_best_value": 0.4204706084857214,
    "std_best_value": 0.09526147015273279,
    "min_best_value": 0.3132001226048394,
    "max_best_value": 0.5592206112095416,
    "mean_elapsed_time_s": 0.2746838200138882,
    "std_elapsed_time_s": 0.006343626245114123,
    "mean_iterations": 100.0,
    "min_iterations": 100,
    "max_iterations": 100
}