{
    "objective": "rosenbrock",
    "evaluation_mode": null,
    "best_value": 1.385375552514189e-08,
    "best_position": [
        1.0000720196077544,
        1.0001347347666663
    ],
    "elapsed_time_s": 0.07806790000176989,
    "iterations_completed": 100,
    "best_value_history": [
        1.2539058776073466,
        0.5267729578173506,
        0.5267729578173506,
        0.5267729578173506,
        0.2492162298386617,
        0.2492162298386617,
        0.20219890527949155,
        0.18806339731555857,
        0.18806339731555857,
        0.18806339731555857,
        0.1868112583243223,
        0.1868112583243223,
        0.1868112583243223,
        0.1864138911927364,
        0.1864138911927364,
        0.18564996854144622,
        0.18564996854144622,
        0.18564996854144622,
        0.18564996854144622,
        0.18564996854144622,
        0.18564996854144622,
        0.18564996854144622,
        0.18564996854144622,
        0.18564996854144622,
        0.18564996854144622,
        0.18564996854144622,
        0.18564996854144622,
        0.18561976175378184,
        0.18561976175378184,
        0.18561976175378184,
        0.04110075157156958,
        0.04110075157156958,
        0.009541015780501538,
        0.009541015780501538,
        0.009541015780501538,
        0.009541015780501538,
        0.009541015780501538,
        0.009541015780501538,
        0.009541015780501538,
        0.009541015780501538,
        0.009541015780501538,
        0.009541015780501538,
        0.009541015780501538,
        0.009541015780501538,
        0.009541015780501538,
        0.009541015780501538,
        0.0064269708188678795,
        0.0064269708188678795,
        0.003679676970382793,
        0.003679676970382793,
        0.003679676970382793,
        0.003679676970382793,
        0.003679676970382793,
        0.0029282890582073605,
        0.0029282890582073605,
        0.0029282890582073605,
        0.0029282890582073605,
        0.0029282890582073605,
        0.002386916935244713,
        0.0021763747051156395,
        0.0021763747051156395,
        0.0021763747051156395,
        0.0021763747051156395,
        0.002047642071668655,
        0.002047642071668655,
        0.002047642071668655,
        0.00010781411459373654,
        0.00010781411459373654,
        0.00010781411459373654,
        0.00010781411459373654,
        0.00010781411459373654,
        0.00010781411459373654,
        0.00010781411459373654,
        0.00010781411459373654,
        3.392385906719942e-05,
        3.392385906719942e-05,
        3.392385906719942e-05,
        3.392385906719942e-05,
        3.392385906719942e-05,
        1.5706286811584465e-07,
        1.5706286811584465e-07,
        1.5706286811584465e-07,
        1.5706286811584465e-07,
        1.5706286811584465e-07,
        1.5706286811584465e-07,
        1.5706286811584465e-07,
        1.5706286811584465e-07,
        1.5706286811584465e-07,
        1.5706286811584465e-07,
        1.5706286811584465e-07,
        1.5706286811584465e-07,
        1.5706286811584465e-07,
        1.5706286811584465e-07,
        1.5706286811584465e-07,
        1.385375552514189e-08,
        1.385375552514189e-08,
        1.385375552514189e-08,
        1.385375552514189e-08,
        1.385375552514189e-08,
        1.385375552514189e-08
    ],
    "config": {
        "num_particles": 30,
        "dimensions": 2,
        "max_iterations": 100,
        "inertia_weight": 0.7,
        "cognitive_coefficient": 1.5,
        "social_coefficient": 1.5,
        "seed": 1,
        "tolerance": 0.0,
        "stagnation_patience": null,
        "track_history": true
    }
}