{
    "objective": "rosenbrock",
    "evaluation_mode": null,
    "best_value": 22.582116455787734,
    "best_position": [
        -0.9891073492319048,
        0.9923154260528291,
        0.9898279506969172,
        0.9863387842585173,
        0.9782899000728273,
        0.9554645413640375,
        0.913585638467315,
        0.8349410176740645,
        0.714258367537995,
        0.5292250481252008,
        0.2928545343028938,
        0.09702407892606545,
        0.014415722203330478,
        0.010467255353453728,
        0.01121738745770641,
        0.009413760277945259,
        0.010066349730842514,
        0.01080406445664113,
        0.01076612320121553,
        0.008231759192110577,
        0.00843122976829403,
        0.01127868235593771,
        0.010676159690866221,
        -0.007692060964637419,
        0.010815010209196953,
        0.010532308169606527,
        0.01053284289222554,
        0.010222849839438277,
        0.010364226595038632,
        -1.1366123298452419e-05
    ],
    "elapsed_time_s": 0.569898399990052,
    "iterations_completed": 500,
    "best_value_history": [
        3007.2440015705183,
        2773.0780879282934,
        2773.0780879282934,
        2773.0780879282934,
        2754.335496224547,
        2754.335496224547,
        2725.1399772600594,
        2537.003899516503,
        2277.6634146858437,
        2277.6634146858437,
        1968.5961650737058,
        1579.5876197738712,
        1579.5876197738712,
        1551.1126853837031,
        1532.6633294896276,
        1351.2698724032148,
        1283.010561202885,
        1163.2007240069636,
        1163.2007240069636,
        1163.2007240069636,
        853.110663369054,
        853.110663369054,
        853.110663369054,
        853.110663369054,
        853.110663369054,
        853.110663369054,
        853.110663369054,
        811.8253186387404,
        733.7068513597847,
        551.4926012160455,
        446.2488383778893,
        446.2488383778893,
        446.2488383778893,
        446.2488383778893,
        413.83122475781283,
        413.83122475781283,
        413.83122475781283,
        336.65686300059656,
        321.0662221695361,
        321.0662221695361,
        321.0662221695361,
        321.0662221695361,
        298.96441978326914,
        296.2590666730851,
        276.41172133950425,
        276.41172133950425,
        276.41172133950425,
        276.41172133950425,
        274.8868500645201,
        243.78583738802456,
        243.78583738802456,
        243.78583738802456,
        243.78583738802456,
        243.78583738802456,
        243.78583738802456,
        243.78583738802456,
        242.78276561716507,
        234.07931231919986,
        213.9750048337388,
        213.9750048337388,
        213.9750048337388,
        213.54066657643008,
        213.54066657643008,
        213.54066657643008,
        213.54066657643008,
        213.54066657643008,
        213.54066657643008,
        210.5053681547309,
        208.5242295057142,
        208.5242295057142,
        208.5242295057142,
        194.36721618269002,
        190.45457884990807,
        179.91220390814698,
        165.58767993688164,
        164.52765918809573,
        162.85452464468693,
        158.88026554505743,
        144.39062132395864,
        141.4997151152337,
        141.4997151152337,
        140.4579347746638,
        138.05651157180404,
        132.76673462194543,
        132.76673462194543,
        130.50650629518105,
        123.63999200866273,
        119.26914239105295,
        111.64302746488964,
        111.64302746488964,
        111.64302746488964,
        108.08376548899216,
        102.47350775639197,
        96.56999415736473,
        96.56999415736473,
        91.77419975443061,
        87.8448812012209,
        87.31053398118817,
        83.1822425843004,
        81.02894857432763,
        81.02894857432763,
        81.02894857432763,
        80.06139394233894,
        77.56521781296281,
        76.86832158829576,
        74.98250832945453,
        73.5431399308866,
        69.93789020556424,
        69.93789020556424,
        67.65863842182243,
        67.65863842182243,
        67.65863842182243,
        66.8387126657487,
        63.956737062158815,
        63.956737062158815,
        63.956737062158815,
        63.91357404933936,
        63.3939043824454,
        63.3939043824454,
        63.3939043824454,
        63.217922156716206,
        62.71019725870532,
        62.61077919441174,
        61.87821180672826,
        61.79269115260778,
        61.473824873473376,
        61.29886630359387,
        61.10651152189618,
        60.092297929621196,
        59.18045710907141,
        58.67432813873734,
        58.03591106402643,
        58.03591106402643,
        58.03591106402643,
        58.03591106402643,
        57.72322345593605,
        57.34438378719302,
        56.70982771436781,
        56.63509247707103,
        56.63509247707103,
        56.43706325203299,
        56.262742830657515,
        55.81358584007415,
        55.81358584007415,
        55.34469214912482,
        55.34469214912482,
        55.11101823025829,
        54.262347481739134,
        53.93318739545113,
        53.629612872811855,
        53.444554181546216,
        53.26440998848553,
        52.75173057196764,
        52.59155636782361,
        52.59102731489229,
        52.59102731489229,
        52.59102731489229,
        52.59102731489229,
        52.26067519377046,
        52.26067519377046,
        52.02084521858427,
        52.006627453724846,
        51.99989470321763,
        51.80385787619236,
        51.61284021844778,
        51.61284021844778,
        51.519611120338695,
        51.48584359340099,
        51.22046731390021,
        51.08441112258362,
        50.46785595734957,
        49.80987964236499,
        49.20131311759588,
        48.78457359486917,
        47.62738296451969,
        47.53148334428451,
        46.51454844233445,
        46.022908933470575,
        44.90951897836219,
        42.85753824863569,
        42.1137180232198,
        40.93183083976488,
        39.74290585717393,
        38.20288345197324,
        37.28901217502213,
        36.52693112799298,
        36.39906646973232,
        36.220896881153905,
        35.84136817412555,
        35.33501470783939,
        35.083259363641304,
        35.083259363641304,
        34.888736946804116,
        34.23335901498116,
        34.17205464410925,
        34.0197362408233,
        33.71938042134687,
        33.71938042134687,
        33.666753013533,
        33.525707955980316,
        33.525707955980316,
        33.525707955980316,
        33.525707955980316,
        33.525707955980316,
        33.47536983386616,
        33.07177961500476,
        33.07177961500476,
        32.88761968101712,
        32.88761968101712,
        32.847312960723094,
        32.78177879990561,
        32.72702525402085,
        32.69690417510924,
        32.64721775651202,
        32.587258125885576,
        32.587258125885576,
        32.528156749487174,
        32.46243807187604,
        32.3951045923551,
        32.38004837925064,
        32.31926373087249,
        32.27449878919597,
        32.27449878919597,
        32.24671571432421,
        32.12354879222074,
        32.071786961232185,
        31.960409833102823,
        31.89231531746717,
        31.836798398042035,
        31.723207355975045,
        31.49868502874902,
        31.087891710730904,
        30.805783631898137,
        30.548987980306386,
        29.55656619553927,
        28.88428609755121,
        28.572934058060095,
        28.184899505363294,
        27.868890250129155,
        27.63307210749042,
        27.143982049011143,
        26.919359643168754,
        26.89406245484148,
        26.577427183730475,
        26.26557514919077,
        26.142782535906353,
        25.987857149148603,
        25.911690032810828,
        25.436536688122153,
        25.090535841520044,
        24.87210963686165,
        24.80676402876659,
