{
    "objective": "rosenbrock",
    "evaluation_mode": null,
    "best_value": 1053.4066576537327,
    "best_position": [
        0.4515148615130165,
        0.20166878459635812,
        0.014094081168238454,
        -1.2446611048433935,
        2.048,
        1.465181376373279,
        1.21638179309298,
        1.0983021121412457,
        1.0274220123014401,
        0.973383077350891,
        0.9072630264023244,
        0.7973847625651155,
        0.627050536634746,
        0.38643657292062084,
        0.1501765625277765,
        0.028391249865170585,
        0.010224729106431438,
        0.01411318283082848,
        0.015850573890855268,
        0.017737915465723102,
        0.024135024029398662,
        0.005891456802710105,
        0.011138313072183634,
        0.00865263891190034,
        0.0038201110386491557,
        0.01132638324433742,
        0.010364920871295705,
        0.009190726741524621,
        0.014603609653528016,
        -0.004014615331221012
    ],
    "elapsed_time_s": 0.5785762999439612,
    "iterations_completed": 500,
    "best_value_history": [
        4389.314873947156,
        4389.314873947156,
        4389.314873947156,
        4389.314873947156,
        4389.314873947156,
        4129.224213089264,
        4129.224213089264,
        4129.224213089264,
        4102.950685880238,
        3543.849902139249,
        3543.849902139249,
        3137.134921466746,
        2763.80874077203,
        2763.80874077203,
        2744.3411838273155,
        2744.3411838273155,
        2317.3643644126423,
        2317.3643644126423,
        2190.5624481793643,
        2190.5624481793643,
        2149.274084139485,
        2038.9141501929282,
        2038.9141501929282,
        1785.5457507574326,
        1763.9739871696934,
        1578.6633438195822,
        1578.6633438195822,
        1578.6633438195822,
        1578.6633438195822,
        1578.6633438195822,
        1577.1971695459517,
        1514.9853756567677,
        1480.2736037099578,
        1414.2035615800478,
        1414.2035615800478,
        1414.2035615800478,
        1373.8017648456885,
        1356.432160542759,
        1326.0450236393788,
        1318.7355635898696,
        1315.2439875702498,
        1310.6735671440044,
        1310.6735671440044,
        1308.2021870764495,
        1308.2021870764495,
        1277.706580786941,
        1241.195586636347,
        1241.195586636347,
        1236.173137575757,
        1236.173137575757,
        1236.173137575757,
        1232.0475426128264,
        1232.0475426128264,
        1232.0475426128264,
        1232.0475426128264,
        1230.9555543360605,
        1230.9555543360605,
        1230.9555543360605,
        1230.9555543360605,
        1230.9555543360605,
        1228.8905191028477,
        1217.1516848617077,
        1211.3394002702728,
        1211.3394002702728,
        1203.6498938432453,
        1201.4217464052958,
        1201.2902553431495,
        1198.9700878253725,
        1198.9700878253725,
        1185.1234345921662,
        1185.1234345921662,
        1185.1234345921662,
        1185.1234345921662,
        1183.6391154748933,
        1183.6391154748933,
        1181.7537929690495,
        1181.7537929690495,
        1179.2177136038056,
        1177.615229779969,
        1177.445879376239,
        1176.2774782722265,
        1175.2260548437382,
        1173.5980553985107,
        1169.6696524506458,
        1168.8054593196923,
        1168.1820163044745,
        1168.1820163044745,
        1168.1820163044745,
        1168.1820163044745,
        1168.0896704802565,
        1168.0896704802565,
        1168.0896704802565,
        1167.4144349801143,
        1167.4144349801143,
        1165.8916131446308,
        1163.7673329539334,
        1162.7599172901566,
        1162.0213106599952,
        1161.7173383227062,
        1160.4815093513184,
        1159.494648820125,
        1158.152407583633,
        1156.9856260989598,
        1156.7600973279514,
        1153.907367044372,
        1152.3073269627662,
        1150.7571486918225,
        1149.064838108256,
        1142.2300938075293,
        1140.397065492452,
        1136.4249326552508,
        1134.3162184007524,
        1133.8951634367365,
        1130.1763166295416,
        1127.3663856922603,
        1126.0755793292867,
        1123.2559614335394,
        1121.9679152800836,
        1120.43332682673,
        1120.43332682673,
        1120.00786220784,
        1119.8607524805986,
        1118.8513852107658,
        1118.8096099067056,
        1118.104372755827,
        1117.8915963769978,
        1117.8915963769978,
        1117.7418328699678,
        1116.7524618709285,
        1116.3171480252647,
        1116.3171480252647,
        1116.0602239805858,
        1115.353314180282,
        1115.0559170153847,
        1114.71782472328,
        1114.064894356528,
        1114.064894356528,
        1113.7849798679213,
        1113.7849798679213,
        1113.7849798679213,
        1113.7442822641722,
        1113.3648855623635,
        1112.915552245397,
        1112.372591754184,
        1112.372591754184,
        1111.7673168121491,
        1111.7213443255412,
        1111.3030597549814,
        1110.8859224288879,
        1110.8859224288879,
        1109.9236942487823,
        1109.5853345818332,
        1109.4112480196245,
        1109.4112480196245,
        1109.2512956342593,
        1108.9665666560365,
        1108.7470855036088,
        1108.6879060697997,
        1108.6118644998603,
        1108.5169681003333,
        1108.1425078370069,
        1108.1165759495702,
        1107.9584365508952,
        1107.9584365508952,
        1107.9584365508952,
        1107.8923791546047,
        1107.7986401497346,
        1107.642237277604,
        1107.636973021242,
        1107.5079495633372,
        1107.296544965012,
        1107.1109038237787,
        1106.8362546326555,
        1106.7646102493686,
        1106.6464695470274,
        1106.5322746450488,
        1106.2719662578554,
        1106.2180093604884,
        1106.073220034809,
        1106.073220034809,
        1105.8410403698833,
        1105.7943581531244,
        1105.57719233138,
        1105.3511866430938,
        1105.3467834987775,
        1105.241777666989,
        1105.241777666989,
        1105.131362200239,
        1105.0888450479185,
        1104.9641054202525,
        1104.657009042208,
        1103.777824430359,
        1103.5135458245804,
        1102.8757629716185,
        1102.7489907907122,
        1101.9811912534244,
        1101.138084818094,
        1100.6517872304814,
        1099.528417908246,
        1099.4322393758368,
        1099.136612338297,
        1097.8249941774818,
        1097.149785379113,
        1095.7529353564498,
        1094.606127970928,
        1093.2321910413525,
        1089.4691384439377,
        1088.2648682752304,
        1082.3305699429811,
        1078.3497803013913,
        1074.7790212024695,
        1071.1686750788517,
        1068.9836878383378,
        1066.3527925348487,
        1065.2043302545587,
        1064.4374399880592,
        1063.9360382801303,
        1062.1694468196656,
        1061.799496734929,
        1061.3223242919953,
        1061.0613237191835,
        1060.907201058801,
        1060.4787530773945,
        1060.0845192097986,
        1060.0845192097986,
        1059.7746562297646,
        1059.3583068940272,
        1059.2501253850676,
        1058.7041545001432,
        1058.620954565711,
        1058.620954565711,
        1058.5192269964216,
        1058.3988445965547,
        1058.3988445965547,
        1058.3296199368917,
        1058.3296199368917,
        1058.3296199368917,
        1058.3296199368917,
        1058.1187650977167,
        1058.1187650977167,
        1058.0593937817825,
        1058.016435936941,
        1058.016435936941,
        1057.8924855810021,
        1057.7986039555865,
        1057.7613114479964,
        1057.710881255648,
        1057.5434988177838,
        1057.5434988177838,
