{
    "objective_name": "ackley",
    "num_runs": 5,
    "mean_best_value": 7.535709030919921,
    "std_best_value": 0.8968657751735828,
    "min_best_value": 5.78397599644504,
    "max_best_value": 8.309323261734557,
    "mean_elapsed_time_s": 0.040038959984667596,
    "std_elapsed_time_s": 0.0008098952313329536,
    "mean_iterations": 100.0,
    "min_iterations": 100,
    "max_iterations": 100,
    "evaluation_mode": "pyswarm"
}