{
    "objective_name": "rastrigin",
    "num_runs": 5,
    "mean_best_value": 148.69849744871348,
    "std_best_value": 35.71728413772761,
    "min_best_value": 92.94053205318303,
    "max_best_value": 202.87819296525447,
    "mean_elapsed_time_s": 0.0382262600120157,
    "std_elapsed_time_s": 0.002220076896465944,
    "mean_iterations": 100.0,
    "min_iterations": 100,
    "max_iterations": 100,
    "evaluation_mode": "pyswarm"
}