{
    "objective_name": "rosenbrock",
    "num_runs": 5,
    "mean_best_value": 303.07419363549116,
    "std_best_value": 359.9252984473221,
    "min_best_value": 44.97937169184711,
    "max_best_value": 1008.0790634753558,
    "mean_elapsed_time_s": 0.038588100019842385,
    "std_elapsed_time_s": 0.00045827142428557846,
    "mean_iterations": 100.0,
    "min_iterations": 100,
    "max_iterations": 100,
    "evaluation_mode": "pyswarm"
}