{
    "objective_name": "sphere",
    "num_runs": 5,
    "mean_best_value": 5.79610039521122,
    "std_best_value": 10.486471089263244,
    "min_best_value": 0.35385685708091147,
    "max_best_value": 26.767584918370243,
    "mean_elapsed_time_s": 0.03216029996983707,
    "std_elapsed_time_s": 0.0017635591204390895,
    "mean_iterations": 100.0,
    "min_iterations": 100,
    "max_iterations": 100,
    "evaluation_mode": "pyswarm"
}