{
    "objective": "ackley",
    "evaluation_mode": "threading",
    "best_value": 4.440892098500626e-16,
    "best_position": [
        2.809470476016897e-16,
        2.1075244254036478e-16
    ],
    "elapsed_time_s": 0.033585599972866476,
    "iterations_completed": 100,
    "best_value_history": [
        3.0366647586914977,
        0.9998853221652486,
        0.9998853221652486,
        0.9998853221652486,
        0.9998853221652486,
        0.23050769948083927,
        0.23050769948083927,
        0.23050769948083927,
        0.07752973320804957,
        0.07752973320804957,
        0.047362872606016015,
        0.024755024399401027,
        0.024755024399401027,
        0.024755024399401027,
        0.016824576819367554,
        0.010121982106256144,
        0.010121982106256144,
        0.010121982106256144,
        0.004937084448986884,
        0.002256708189243728,
        0.002256708189243728,
        0.0016163712981804856,
        0.0006104010953298378,
        0.0003481357086667636,
        0.0002926892178014562,
        0.0002926892178014562,
        0.00010110058076806538,
        0.00010110058076806538,
        9.282036980140518e-05,
        9.282036980140518e-05,
        6.538620943219442e-05,
        1.6718539111781894e-05,
        1.6718539111781894e-05,
        9.18406181726894e-06,
        2.6760312619167337e-06,
        2.6760312619167337e-06,
        1.4668360255321033e-06,
        1.4668360255321033e-06,
        1.4668360255321033e-06,
        1.4668360255321033e-06,
        1.4068461777760888e-06,
        9.709585495620843e-07,
        3.7392770169120126e-07,
        3.7392770169120126e-07,
        2.1080143541851726e-07,
        1.338711759224509e-07,
        4.003469245006386e-08,
        2.074697080800547e-08,
        2.074697080800547e-08,
        2.074697080800547e-08,
        2.0274783185669776e-08,
        9.245802790047719e-09,
        5.02717556472021e-09,
        4.183338564445194e-09,
        2.354398009885017e-09,
        1.9580892463011423e-09,
        1.9580892463011423e-09,
        1.9580892463011423e-09,
        1.3629528616831976e-09,
        1.0907048597630364e-09,
        6.051092960035476e-10,
        3.7377789752213175e-10,
        1.3677281529567153e-10,
        1.3677281529567153e-10,
        6.724976131522453e-11,
        6.724976131522453e-11,
        6.724976131522453e-11,
        1.3860024239420454e-12,
        1.3860024239420454e-12,
        1.3860024239420454e-12,
        1.3860024239420454e-12,
        1.3860024239420454e-12,
        1.3860024239420454e-12,
        1.3860024239420454e-12,
        1.3860024239420454e-12,
        1.0946799022804043e-12,
        8.815170815523743e-13,
        2.8466118351389014e-13,
        2.8466118351389014e-13,
        2.8466118351389014e-13,
        4.6629367034256575e-14,
        4.6629367034256575e-14,
        4.6629367034256575e-14,
        4.6629367034256575e-14,
        4.3076653355456074e-14,
        3.952393967665557e-14,
        3.241851231905457e-14,
        3.9968028886505635e-15,
        3.9968028886505635e-15,
        3.9968028886505635e-15,
        3.9968028886505635e-15,
        3.9968028886505635e-15,
        3.9968028886505635e-15,
        3.9968028886505635e-15,
        3.9968028886505635e-15,
        3.9968028886505635e-15,
        4.440892098500626e-16,
        4.440892098500626e-16,
        4.440892098500626e-16,
        4.440892098500626e-16
    ],
    "config": {
        "num_particles": 30,
        "dimensions": 2,
        "max_iterations": 100,
        "inertia_weight": 0.4,
        "cognitive_coefficient": 1.5,
        "social_coefficient": 1.0,
        "seed": 4,
        "tolerance": 0.0,
        "stagnation_patience": null,
        "track_history": true
    }
}