{
    "objective": "rosenbrock",
    "evaluation_mode": null,
    "best_value": 1.5808976391304512,
    "best_position": [
        0.9848994905864793,
        0.9712136451241014,
        0.9439457811283561,
        0.9247345979853365,
        0.8712700390052064,
        0.7707494956737297,
        0.6037701367359433,
        0.37097536989529445,
        0.13089360570583064,
        0.002154732344761059
    ],
    "elapsed_time_s": 0.21621300000697374,
    "iterations_completed": 500,
    "best_value_history": [
        279.528559414084,
        112.43127832748405,
        112.43127832748405,
        112.43127832748405,
        112.43127832748405,
        108.2401700940207,
        89.7714471351504,
        71.94644157730723,
        71.94644157730723,
        71.94644157730723,
        65.01601405514913,
        64.74336248640675,
        48.72691831244127,
        44.275885608191956,
        35.579301110190805,
        32.30215057619628,
        24.2441035841322,
        14.837571839101397,
        14.837571839101397,
        14.837571839101397,
        14.837571839101397,
        14.837571839101397,
        14.837571839101397,
        13.37165096444002,
        13.37165096444002,
        12.964078010564743,
        12.82305803514902,
        12.392069036711819,
        11.367550465415196,
        9.259050125159526,
        9.259050125159526,
        9.259050125159526,
        9.259050125159526,
        9.259050125159526,
        9.259050125159526,
        9.127276633009494,
        8.22649589331172,
        8.121104600582035,
        8.121104600582035,
        7.877102911940049,
        7.756857557911683,
        7.648831643687878,
        7.648831643687878,
        7.648831643687878,
        7.648831643687878,
        7.437099006477142,
        7.238522909888109,
        7.238522909888109,
        7.238522909888109,
        7.238522909888109,
        7.238522909888109,
        7.2313786883562114,
        7.2313786883562114,
        7.218861465674209,
        7.175074766327306,
        7.175074766327306,
        7.170374570282496,
        7.170374570282496,
        7.161444153233905,
        7.160053214133182,
        7.160053214133182,
        7.160053214133182,
        7.059652175713833,
        7.059652175713833,
        7.020243466775913,
        7.020243466775913,
        7.020243466775913,
        7.016100620229224,
        7.002037704777779,
        6.979514421253412,
        6.9606476862549655,
        6.922974538044672,
        6.899924694326485,
        6.845763023916835,
        6.824777909927599,
        6.782726235121283,
        6.751105656843449,
        6.695646702309313,
        6.6614464999210234,
        6.627067998586467,
        6.600173051988146,
        6.5656966908683065,
        6.493177539611037,
        6.493177539611037,
        6.482586929100966,
        6.412840840056729,
        6.412840840056729,
        6.412840840056729,
        6.402298146629491,
        6.378155539345661,
        6.3763439917586275,
        6.3611029505897125,
        6.32510289191744,
        6.315514406629667,
        6.292725197872418,
        6.292725197872418,
        6.246383260486995,
        6.209876507573692,
        6.1964247204795235,
        6.125493226704455,
        6.110399742302848,
        6.094477442302351,
        6.0896829574840865,
        5.975940548435078,
        5.950662227431101,
        5.938682663361061,
        5.926352466971311,
        5.926352466971311,
        5.924229379790046,
        5.89285606971668,
        5.851541507892372,
        5.851541507892372,
        5.830491762115727,
        5.812178186118743,
        5.793563903617619,
        5.7907758005004615,
        5.666985109803294,
        5.639142931802439,
        5.6172381586396885,
        5.6172381586396885,
        5.6172381586396885,
        5.615404325121822,
        5.5801660712717895,
        5.568287409605443,
        5.566690942134626,
        5.541724247181002,
        5.541724247181002,
        5.541489903957585,
        5.516147268558496,
        5.500048240524138,
        5.477286871119747,
        5.4527369025681685,
        5.42625939368332,
        5.422732323029354,
        5.399733891281986,
        5.365180160908765,
        5.302195861226065,
        5.2496615827428155,
        5.247294588130952,
        5.247294588130952,
        5.2158546026987125,
        5.200595258023513,
        5.200595258023513,
        5.200595258023513,
        5.198472957304033,
        5.198472957304033,
        5.198472957304033,
        5.183699719322501,
        5.166679553084331,
        5.166679553084331,
        5.152706161116803,
        5.138511302805506,
        5.13119228713607,
        5.113260699166313,
        5.107831528142281,
        5.094494951446736,
        5.090470269929681,
        5.090455368106526,
        5.089884720229368,
        5.079581644593926,
        5.077649745576612,
        5.077649745576612,
        5.077649745576612,
        5.077649745576612,
        5.075162625128593,
        5.071559891569642,
        5.071559891569642,
        5.070588710677962,
        5.070588710677962,
        5.070588710677962,
        5.070588710677962,
        5.070588710677962,
        5.070101866595983,
        5.070101866595983,
        5.070101866595983,
        5.067922161239937,
        5.067677036924022,
        5.0670410756302475,
        5.066493950574357,
        5.0664265645787605,
        5.064669923409811,
        5.062939523092047,
        5.059290024402564,
        5.059290024402564,
        5.053330983032655,
        5.052932779393106,
        5.042439078276694,
        5.033910972153874,
        5.02247063705754,
        5.0083247078990265,
        4.999296397080012,
        4.99584792557733,
        4.9926856651680716,
        4.989845685659811,
        4.9805845033429375,
        4.978074731816575,
        4.973011268027898,
        4.962022894373181,
        4.9449319162155945,
        4.937725538050566,
        4.928366171739498,
        4.91330290155577,
        4.908303195420901,
        4.899803269091861,
        4.894617212078959,
        4.889905567288233,
        4.879163105788712,
        4.873169557449449,
        4.870647750035774,
        4.861632055859179,
        4.847720359538525,
        4.842600070520714,
        4.841866490345743,
        4.837766662827853,
        4.837766662827853,
        4.825200929943287,
        4.825200929943287,
        4.8229413892983715,
        4.8229413892983715,
        4.819335113715411,
        4.809670551899948,
        4.805727381019118,
        4.805727381019118,
        4.8026571677350764,
        4.796209466067196,
        4.793503730081839,
        4.793503730081839,
        4.793503730081839,
        4.793503730081839,
        4.7922578112007,
        4.731624664580175,
        4.717538382539004,
        4.689005927773023,
        4.655885738532876,
        4.633298416715243,
        4.601310623159458,
        4.560345654637899,
        4.548743093359898,
        4.544723676961453,
        4.541811703346803,
        4.523440271148309,
        4.523440271148309,
        4.5155987517140135,
        4.497117760426965,
        4.487580154229729,
        4.456360988667692,
        4.435058503823157,
        4.422077153574596,
        4.3966914662631496,
        4.385864049694235,
        4.372367890148201,
        4.366854309925387,
        4.334017388963981,
        4.331053335851298,
        4.299074446765308,
        4.290045393545726,
        4.279142629744823,
        4.258640719645421,
        4.245498326675094,
        4.224420131882791,
        4.220220363023302,
        4.198237030664614,
        4.186301734165912,
        4.1596969498121315,
        4.141813206157206,
        4.120178955801483,
        4.097728664485026,
        4.091920942116072,
        4.07411176214624,
        4.07411176214624,
        4.07127995599107,
        4.061989065976583,
        4.059413254445345,
        4.059413254445345,
        4.055276822562641,
        4.053205643611465,
