{
    "objective": "rosenbrock",
    "evaluation_mode": null,
    "best_value": 2.7191107225249223,
    "best_position": [
        0.9771034461188064,
        0.9582559574976105,
        0.918033217965524,
        0.8466693683249529,
        0.7212230844314754,
        0.5168604985602143,
        0.27370661472602326,
        0.0763934898578365,
        0.008011583990750772,
        0.0011828537559588413
    ],
    "elapsed_time_s": 0.03274619998410344,
    "iterations_completed": 100,
    "best_value_history": [
        826.1361450142755,
        506.8825714677754,
        494.29545686529116,
        494.29545686529116,
        180.16511235896633,
        180.16511235896633,
        119.2343329074825,
        119.2343329074825,
        119.2343329074825,
        71.37318060566706,
        71.37318060566706,
        65.91540174817541,
        39.52813260683209,
        39.52813260683209,
        32.318936228879075,
        32.318936228879075,
        32.318936228879075,
        32.318936228879075,
        32.318936228879075,
        29.715681744434253,
        20.506606058315644,
        19.061860161472246,
        17.416949820147238,
        17.416949820147238,
        17.416949820147238,
        14.802976101088092,
        14.802976101088092,
        12.362732067233413,
        12.362732067233413,
        12.362732067233413,
        12.362732067233413,
        12.362732067233413,
        11.549531397732668,
        9.673616853793344,
        9.35294569965339,
        7.18461807795658,
        7.18461807795658,
        6.54992036177278,
        6.03981585039657,
        4.7384453513023495,
        4.7384453513023495,
        4.7384453513023495,
        4.363297337672681,
        4.017557097405297,
        4.017557097405297,
        4.017557097405297,
        3.7310050691149788,
        3.7310050691149788,
        3.7310050691149788,
        3.7310050691149788,
        3.7310050691149788,
        3.6189638914029523,
        3.6189638914029523,
        3.6189638914029523,
        3.5854362381680467,
        3.481573852715998,
        3.481573852715998,
        3.480351657139835,
        3.4766354176075356,
        3.2853447872192287,
        3.2853447872192287,
        3.274520875050249,
        3.191056206446385,
        3.191056206446385,
        3.191056206446385,
        3.191056206446385,
        3.1554016627209682,
        3.019807594388311,
        2.9867970303459384,
        2.9867970303459384,
        2.9867970303459384,
        2.949464838370025,
        2.9276290409269548,
        2.908996849084719,
        2.908996849084719,
        2.90877900281824,
        2.90877900281824,
        2.90877900281824,
        2.9039474921547868,
        2.9039474921547868,
        2.900528998106689,
        2.8874841988385866,
        2.885525666609406,
        2.884134055975576,
        2.8828366507729455,
        2.8828366507729455,
        2.8801757192205804,
        2.8445936298300993,
        2.8310311542897706,
        2.821907511946117,
        2.8056872841864844,
        2.803933995223209,
        2.7866577051838815,
        2.75956121055258,
        2.742113926216425,
        2.7418909088738666,
        2.7418909088738666,
        2.7374071242437585,
        2.732643735618442,
        2.7191107225249223
    ],
    "timing_stats": {
        "total_time_s": 0.03274230001261458,
        "fitness_time_s": 0.030109199869912118,
        "velocity_update_time_s": 0.0009933997644111514,
        "position_update_time_s": 0.0005367002449929714
    },
    "config": {
        "num_particles": 30,
        "dimensions": 10,
        "max_iterations": 100,
        "inertia_weight": 0.7,
        "cognitive_coefficient": 1.5,
        "social_coefficient": 1.5,
        "seed": 0,
        "tolerance": 0.0,
        "stagnation_patience": null,
        "track_history": true
    }
}