{
    "objective": "rastrigin",
    "evaluation_mode": null,
    "best_value": 2.6274732293888847e-08,
    "best_position": [
        -1.5663807743714162e-06,
        -1.1401090296888061e-05
    ],
    "elapsed_time_s": 0.03765209997072816,
    "iterations_completed": 100,
    "best_value_history": [
        7.479795224894125,
        2.4369208283294546,
        2.4369208283294546,
        2.4369208283294546,
        1.3818663014768702,
        1.3818663014768702,
        1.3818663014768702,
        1.3818663014768702,
        1.3818663014768702,
        1.3818663014768702,
        1.3818663014768702,
        1.3818663014768702,
        1.1132244367388011,
        1.1132244367388011,
        1.1132244367388011,
        0.5810239167015623,
        0.5810239167015623,
        0.1981161899179535,
        0.1981161899179535,
        0.06961538375030878,
        0.06961538375030878,
        0.06961538375030878,
        0.06961538375030878,
        0.06961538375030878,
        0.06961538375030878,
        0.06961538375030878,
        0.06961538375030878,
        0.06961538375030878,
        0.038595163597564944,
        0.038595163597564944,
        0.038595163597564944,
        0.0020889653445117957,
        0.0020889653445117957,
        0.0020889653445117957,
        0.0020889653445117957,
        0.0020889653445117957,
        0.0020889653445117957,
        0.0020889653445117957,
        0.0020889653445117957,
        0.0020889653445117957,
        0.0020889653445117957,
        0.0020889653445117957,
        0.0003243258598197813,
        0.0003243258598197813,
        0.0003243258598197813,
        0.0003243258598197813,
        0.0003243258598197813,
        7.438006389423343e-05,
        7.438006389423343e-05,
        7.438006389423343e-05,
        7.438006389423343e-05,
        7.438006389423343e-05,
        2.7933917571504295e-06,
        2.7933917571504295e-06,
        2.7933917571504295e-06,
        2.7933917571504295e-06,
        2.7933917571504295e-06,
        2.7933917571504295e-06,
        2.7933917571504295e-06,
        2.7933917571504295e-06,
        2.7933917571504295e-06,
        2.7933917571504295e-06,
        2.7933917571504295e-06,
        2.7933917571504295e-06,
        2.7933917571504295e-06,
        2.7933917571504295e-06,
        2.7933917571504295e-06,
        1.978780579323135e-06,
        1.3247336632648886e-06,
        1.3247336632648886e-06,
        1.3247336632648886e-06,
        1.2359196052726315e-06,
        1.2359196052726315e-06,
        1.2359196052726315e-06,
        1.2359196052726315e-06,
        1.2359196052726315e-06,
        1.2359196052726315e-06,
        1.2359196052726315e-06,
        3.719190998817816e-07,
        3.719190998817816e-07,
        1.6246819652475075e-07,
        1.216930909468539e-07,
        1.216930909468539e-07,
        1.216930909468539e-07,
        1.216930909468539e-07,
        1.216930909468539e-07,
        1.0001845439206817e-07,
        1.0001845439206817e-07,
        8.623983133998613e-08,
        8.623983133998613e-08,
        8.623983133998613e-08,
        8.623983133998613e-08,
        8.507930867497296e-08,
        7.170086870350644e-08,
        6.861564526447837e-08,
        6.861564526447837e-08,
        4.9381493249866275e-08,
        4.9381493249866275e-08,
        2.6274732293888847e-08,
        2.6274732293888847e-08
    ],
    "swarm_position_history": null,
    "timing_stats": {
        "total_time_s": 0.03764579992275685,
        "fitness_time_s": 0.03433579963166267,
        "velocity_update_time_s": 0.0011973006185144186,
        "position_update_time_s": 0.0005412993486970663
    },
    "config": {
        "num_particles": 30,
        "dimensions": 2,
        "max_iterations": 100,
        "inertia_weight": 0.7,
        "cognitive_coefficient": 1.5,
        "social_coefficient": 1.5,
        "seed": 1,
        "tolerance": 0.0,
        "stagnation_patience": null,
        "track_history": true,
        "track_swarm_history": false
    }
}