{
    "objective": "rastrigin",
    "evaluation_mode": null,
    "best_value": 8.822687647125349e-08,
    "best_position": [
        7.205196527587196e-06,
        1.9819051759750533e-05
    ],
    "elapsed_time_s": 0.030583699990529567,
    "iterations_completed": 100,
    "best_value_history": [
        4.360966070846159,
        4.360966070846159,
        2.876882238558693,
        2.876882238558693,
        2.876882238558693,
        2.876882238558693,
        2.876882238558693,
        2.876882238558693,
        2.876882238558693,
        2.876882238558693,
        2.876882238558693,
        2.876882238558693,
        2.615850298177648,
        2.615850298177648,
        2.4781092649571406,
        2.3899872289078097,
        2.006658594760637,
        2.006658594760637,
        2.006658594760637,
        2.006658594760637,
        1.5592240952285081,
        1.5279221803832783,
        1.5279221803832783,
        1.1597104504656457,
        1.1285025693479938,
        1.1285025693479938,
        1.1285025693479938,
        1.1285025693479938,
        1.1285025693479938,
        1.1285025693479938,
        1.1285025693479938,
        0.013622279338378007,
        0.013622279338378007,
        0.013622279338378007,
        0.013622279338378007,
        0.013622279338378007,
        0.013622279338378007,
        0.013622279338378007,
        0.013622279338378007,
        0.013622279338378007,
        0.013622279338378007,
        0.013622279338378007,
        0.013622279338378007,
        0.013622279338378007,
        0.013622279338378007,
        0.013622279338378007,
        0.013622279338378007,
        0.013622279338378007,
        0.013622279338378007,
        0.002749291499540618,
        0.002749291499540618,
        0.0013899906347489832,
        0.0013899906347489832,
        0.0013899906347489832,
        0.0013899906347489832,
        0.0013899906347489832,
        0.0013899906347489832,
        0.0013899906347489832,
        0.0013899906347489832,
        0.0013899906347489832,
        0.00024660577961910235,
        0.00024660577961910235,
        0.00024660577961910235,
        0.00024660577961910235,
        0.00024660577961910235,
        0.00024660577961910235,
        0.00010718683719801447,
        0.00010718683719801447,
        0.00010718683719801447,
        0.00010718683719801447,
        0.00010718683719801447,
        0.00010718683719801447,
        0.00010718683719801447,
        0.00010718683719801447,
        9.472358813411574e-05,
        9.472358813411574e-05,
        9.472358813411574e-05,
        9.472358813411574e-05,
        1.2354613584619756e-05,
        1.2354613584619756e-05,
        1.2354613584619756e-05,
        1.2354613584619756e-05,
        1.2354613584619756e-05,
        1.2354613584619756e-05,
        4.0085808166168135e-06,
        4.0085808166168135e-06,
        4.0085808166168135e-06,
        4.0085808166168135e-06,
        4.0085808166168135e-06,
        2.930982418547501e-06,
        2.930982418547501e-06,
        1.8644295707304082e-07,
        1.8644295707304082e-07,
        1.692424937971282e-07,
        1.692424937971282e-07,
        1.692424937971282e-07,
        8.822687647125349e-08,
        8.822687647125349e-08,
        8.822687647125349e-08,
        8.822687647125349e-08
    ],
    "config": {
        "num_particles": 30,
        "dimensions": 2,
        "max_iterations": 100,
        "inertia_weight": 0.7,
        "cognitive_coefficient": 1.5,
        "social_coefficient": 1.5,
        "seed": 0,
        "tolerance": 0.0,
        "stagnation_patience": null,
        "track_history": true
    }
}