{
    "objective": "ackley",
    "evaluation_mode": "pyswarm",
    "best_value": 4.7807059861959544e-06,
    "best_position": [
        1.5056593087320872e-06,
        -7.679797155254136e-07
    ],
    "elapsed_time_s": 0.03631290001794696,
    "iterations_completed": 100,
    "best_value_history": [
        11.538866806260456,
        11.538866806260456,
        6.110676285423963,
        6.110676285423963,
        6.110676285423963,
        6.110676285423963,
        6.110676285423963,
        6.110676285423963,
        4.745348993978073,
        4.168145284159081,
        4.168145284159081,
        3.2362174013504412,
        2.594320828680559,
        2.594320828680559,
        2.594320828680559,
        2.594320828680559,
        2.594320828680559,
        2.594320828680559,
        2.594320828680559,
        2.594320828680559,
        0.13269950995128044,
        0.13269950995128044,
        0.13269950995128044,
        0.13269950995128044,
        0.13269950995128044,
        0.13269950995128044,
        0.13269950995128044,
        0.13269950995128044,
        0.13269950995128044,
        0.13269950995128044,
        0.13269950995128044,
        0.13269950995128044,
        0.04445973415268556,
        0.04445973415268556,
        0.04210613428874099,
        0.04210613428874099,
        0.04210613428874099,
        0.040451540348432236,
        0.040451540348432236,
        0.005960233124377101,
        0.005960233124377101,
        0.005960233124377101,
        0.005960233124377101,
        0.005960233124377101,
        0.005960233124377101,
        0.005960233124377101,
        0.005960233124377101,
        0.005960233124377101,
        0.005960233124377101,
        0.0026741505639447105,
        0.0026741505639447105,
        0.0026741505639447105,
        0.0026741505639447105,
        0.0026741505639447105,
        0.0026741505639447105,
        0.0026741505639447105,
        0.0026741505639447105,
        0.0020531060205510876,
        0.0020531060205510876,
        0.0020531060205510876,
        0.0015180214017402882,
        0.0015180214017402882,
        0.0015180214017402882,
        0.0007228984616998169,
        0.0007228984616998169,
        0.0007228984616998169,
        0.00035145651422796576,
        0.00016829103334403683,
        0.00016829103334403683,
        9.066619883713045e-05,
        9.066619883713045e-05,
        5.2118435953207864e-05,
        5.2118435953207864e-05,
        5.2118435953207864e-05,
        5.2118435953207864e-05,
        5.2118435953207864e-05,
        5.2118435953207864e-05,
        5.2118435953207864e-05,
        5.2118435953207864e-05,
        2.8920858707426333e-05,
        2.8920858707426333e-05,
        2.8920858707426333e-05,
        2.23995822179468e-05,
        2.23995822179468e-05,
        2.23995822179468e-05,
        2.1433552416016965e-05,
        2.1433552416016965e-05,
        2.1433552416016965e-05,
        2.1433552416016965e-05,
        2.1433552416016965e-05,
        2.1433552416016965e-05,
        2.1433552416016965e-05,
        2.1433552416016965e-05,
        2.1433552416016965e-05,
        2.1398232480596135e-05,
        2.1398232480596135e-05,
        2.1398232480596135e-05,
        2.013729800909303e-05,
        1.5679092858267296e-05,
        4.7807059861959544e-06
    ],
    "swarm_position_history": null,
    "timing_stats": {
        "total_time_s": 0.03631290001794696,
        "fitness_time_s": null,
        "velocity_update_time_s": null,
        "position_update_time_s": null,
        "solver": "pyswarm",
        "solver_messages": [
            "Stopping search: maximum iterations reached --> 100"
        ]
    },
    "config": {
        "num_particles": 30,
        "dimensions": 2,
        "max_iterations": 100,
        "inertia_weight": 0.7,
        "cognitive_coefficient": 1.5,
        "social_coefficient": 1.5,
        "seed": 1,
        "tolerance": 0.0,
        "stagnation_patience": null,
        "track_history": true,
        "track_swarm_history": false
    }
}