{
    "objective": "ackley",
    "evaluation_mode": "pyswarm",
    "best_value": 1.2741858367082415e-05,
    "best_position": [
        -1.7933366656693455e-06,
        -4.132383292288669e-06
    ],
    "elapsed_time_s": 0.036171400104649365,
    "iterations_completed": 100,
    "best_value_history": [
        14.700205745122888,
        7.56370945174338,
        7.56370945174338,
        7.267077048067474,
        4.401492743849975,
        4.401492743849975,
        4.401492743849975,
        4.401492743849975,
        4.359629901233951,
        2.594866952642747,
        2.594866952642747,
        2.594866952642747,
        1.2203963126631057,
        1.2203963126631057,
        0.8405579615893797,
        0.8405579615893797,
        0.6137288146113744,
        0.6137288146113744,
        0.6137288146113744,
        0.6137288146113744,
        0.6137288146113744,
        0.6137288146113744,
        0.6137288146113744,
        0.23801402429943197,
        0.11487280518734311,
        0.11487280518734311,
        0.11487280518734311,
        0.11487280518734311,
        0.062060820692011465,
        0.062060820692011465,
        0.062060820692011465,
        0.062060820692011465,
        0.02449810214328041,
        0.02449810214328041,
        0.02449810214328041,
        0.02449810214328041,
        0.02449810214328041,
        0.02449810214328041,
        0.02449810214328041,
        0.02449810214328041,
        0.02449810214328041,
        0.01878687776189425,
        0.015328912177999587,
        0.007667587220027361,
        0.007667587220027361,
        0.007667587220027361,
        0.007667587220027361,
        0.007667587220027361,
        0.007667587220027361,
        0.007667587220027361,
        0.007667587220027361,
        0.007667587220027361,
        0.006319104993508962,
        0.006319104993508962,
        0.006319104993508962,
        0.006319104993508962,
        0.006319104993508962,
        0.0030697495976323985,
        0.0030697495976323985,
        0.0030697495976323985,
        0.0030697495976323985,
        0.0030697495976323985,
        0.0010532548203880943,
        0.0010532548203880943,
        0.0010532548203880943,
        0.0010532548203880943,
        0.0009269502986204436,
        0.0009269502986204436,
        0.0009269502986204436,
        0.0009269502986204436,
        0.0009269502986204436,
        0.0009269502986204436,
        0.0009269502986204436,
        0.0001998418079982578,
        3.2985725902268115e-05,
        3.2985725902268115e-05,
        3.2985725902268115e-05,
        3.2985725902268115e-05,
        3.2985725902268115e-05,
        3.2985725902268115e-05,
        3.2985725902268115e-05,
        3.2985725902268115e-05,
        3.2985725902268115e-05,
        3.2985725902268115e-05,
        3.2985725902268115e-05,
        3.2985725902268115e-05,
        3.2985725902268115e-05,
        3.2985725902268115e-05,
        3.2985725902268115e-05,
        3.2985725902268115e-05,
        3.2985725902268115e-05,
        3.2985725902268115e-05,
        2.4202815616991558e-05,
        2.4202815616991558e-05,
        2.4202815616991558e-05,
        2.4202815616991558e-05,
        2.3018120643758522e-05,
        1.995379316754864e-05,
        1.2741858367082415e-05,
        1.2741858367082415e-05
    ],
    "swarm_position_history": null,
    "timing_stats": {
        "total_time_s": 0.036171400104649365,
        "fitness_time_s": null,
        "velocity_update_time_s": null,
        "position_update_time_s": null,
        "solver": "pyswarm",
        "solver_messages": [
            "Stopping search: maximum iterations reached --> 100"
        ]
    },
    "config": {
        "num_particles": 30,
        "dimensions": 2,
        "max_iterations": 100,
        "inertia_weight": 0.7,
        "cognitive_coefficient": 1.5,
        "social_coefficient": 1.5,
        "seed": 4,
        "tolerance": 0.0,
        "stagnation_patience": null,
        "track_history": true,
        "track_swarm_history": false
    }
}