{
    "objective": "ackley",
    "evaluation_mode": "pyswarm",
    "best_value": 1.0906707203606203e-05,
    "best_position": [
        1.272299005440176e-06,
        -3.6400148981137514e-06
    ],
    "elapsed_time_s": 0.03628769994247705,
    "iterations_completed": 100,
    "best_value_history": [
        9.951148616054835,
        9.951148616054835,
        4.069839138340527,
        4.069839138340527,
        4.069839138340527,
        4.069839138340527,
        4.069839138340527,
        2.9693645979047862,
        2.9693645979047862,
        2.9693645979047862,
        1.9881656625081168,
        1.9881656625081168,
        1.9881656625081168,
        1.9881656625081168,
        1.9881656625081168,
        1.9881656625081168,
        1.9881656625081168,
        1.9881656625081168,
        1.0383221945027938,
        1.0383221945027938,
        1.0383221945027938,
        0.28539833920770663,
        0.28539833920770663,
        0.28539833920770663,
        0.15462516280233674,
        0.15462516280233674,
        0.15462516280233674,
        0.15462516280233674,
        0.15462516280233674,
        0.15462516280233674,
        0.15462516280233674,
        0.06389101066698588,
        0.06389101066698588,
        0.06389101066698588,
        0.05674738169002014,
        0.05674738169002014,
        0.017282877426982868,
        0.017282877426982868,
        0.017282877426982868,
        0.017282877426982868,
        0.017282877426982868,
        0.017282877426982868,
        0.017282877426982868,
        0.009209642436293297,
        0.009209642436293297,
        0.009209642436293297,
        0.009209642436293297,
        0.004561339937243947,
        0.004509133666023235,
        0.004509133666023235,
        0.0011903726491380162,
        0.0011903726491380162,
        0.0011903726491380162,
        0.0011903726491380162,
        0.0011903726491380162,
        0.0011903726491380162,
        0.0011903726491380162,
        0.0011903726491380162,
        0.0011903726491380162,
        0.0011903726491380162,
        9.699936660156894e-05,
        9.699936660156894e-05,
        9.699936660156894e-05,
        9.699936660156894e-05,
        9.699936660156894e-05,
        9.699936660156894e-05,
        9.699936660156894e-05,
        9.699936660156894e-05,
        9.699936660156894e-05,
        9.699936660156894e-05,
        9.699936660156894e-05,
        9.699936660156894e-05,
        9.699936660156894e-05,
        9.699936660156894e-05,
        9.699936660156894e-05,
        9.699936660156894e-05,
        9.699936660156894e-05,
        9.699936660156894e-05,
        9.699936660156894e-05,
        9.699936660156894e-05,
        9.699936660156894e-05,
        9.699936660156894e-05,
        9.699936660156894e-05,
        7.45516103930477e-05,
        5.6438355390486805e-05,
        5.6438355390486805e-05,
        5.6438355390486805e-05,
        1.4744767338203957e-05,
        1.4744767338203957e-05,
        1.4744767338203957e-05,
        1.4744767338203957e-05,
        1.4744767338203957e-05,
        1.4744767338203957e-05,
        1.4744767338203957e-05,
        1.4744767338203957e-05,
        1.4744767338203957e-05,
        1.4744767338203957e-05,
        1.0906707203606203e-05,
        1.0906707203606203e-05,
        1.0906707203606203e-05
    ],
    "swarm_position_history": null,
    "timing_stats": {
        "total_time_s": 0.03628769994247705,
        "fitness_time_s": null,
        "velocity_update_time_s": null,
        "position_update_time_s": null,
        "solver": "pyswarm",
        "solver_messages": [
            "Stopping search: maximum iterations reached --> 100"
        ]
    },
    "config": {
        "num_particles": 30,
        "dimensions": 2,
        "max_iterations": 100,
        "inertia_weight": 0.7,
        "cognitive_coefficient": 1.5,
        "social_coefficient": 1.5,
        "seed": 2,
        "tolerance": 0.0,
        "stagnation_patience": null,
        "track_history": true,
        "track_swarm_history": false
    }
}