{
    "objective": "ackley",
    "evaluation_mode": "pyswarm",
    "best_value": 4.368155146483588e-06,
    "best_position": [
        -1.4171608726882368e-06,
        6.13745168010588e-07
    ],
    "elapsed_time_s": 0.0361776000354439,
    "iterations_completed": 100,
    "best_value_history": [
        12.379366357874398,
        8.604945306266089,
        8.604945306266089,
        8.431111774582082,
        7.5281767002085225,
        7.5281767002085225,
        4.544560439164936,
        4.544560439164936,
        4.544560439164936,
        4.544560439164936,
        4.422117006015604,
        2.42958581921268,
        2.42958581921268,
        2.42958581921268,
        2.42958581921268,
        2.42958581921268,
        2.42958581921268,
        1.1688717387562702,
        1.1688717387562702,
        1.1688717387562702,
        0.9820131017637945,
        0.9820131017637945,
        0.9135694007792527,
        0.08465599719652461,
        0.08465599719652461,
        0.08465599719652461,
        0.08465599719652461,
        0.08465599719652461,
        0.08465599719652461,
        0.08465599719652461,
        0.08465599719652461,
        0.08465599719652461,
        0.03632174245203901,
        0.03632174245203901,
        0.03632174245203901,
        0.03632174245203901,
        0.03632174245203901,
        0.02647773737110315,
        0.02647773737110315,
        0.020726217679272185,
        0.020726217679272185,
        0.010739215252496326,
        0.010739215252496326,
        0.010739215252496326,
        0.010739215252496326,
        0.010739215252496326,
        0.010739215252496326,
        0.005902886224298687,
        0.005902886224298687,
        0.0037728800673879626,
        0.0037728800673879626,
        0.0037728800673879626,
        0.0037728800673879626,
        0.0037728800673879626,
        0.0006592256036666022,
        0.0006592256036666022,
        0.0006592256036666022,
        0.0006592256036666022,
        0.0006592256036666022,
        0.0006592256036666022,
        0.0006592256036666022,
        0.00013043771238629986,
        0.00013043771238629986,
        0.00013043771238629986,
        0.00013043771238629986,
        0.00013043771238629986,
        0.00013043771238629986,
        0.00013043771238629986,
        0.00010878577771622489,
        0.00010878577771622489,
        0.00010878577771622489,
        0.00010878577771622489,
        0.00010878577771622489,
        0.00010878577771622489,
        4.215218850633917e-05,
        4.215218850633917e-05,
        4.215218850633917e-05,
        4.215218850633917e-05,
        4.215218850633917e-05,
        4.215218850633917e-05,
        4.215218850633917e-05,
        4.215218850633917e-05,
        4.215218850633917e-05,
        4.215218850633917e-05,
        4.215218850633917e-05,
        4.215218850633917e-05,
        2.3466297279117754e-05,
        1.0307520078800536e-05,
        1.0307520078800536e-05,
        1.0307520078800536e-05,
        1.0307520078800536e-05,
        1.0307520078800536e-05,
        1.0307520078800536e-05,
        1.0307520078800536e-05,
        1.0307520078800536e-05,
        5.149919644953371e-06,
        5.149919644953371e-06,
        5.149919644953371e-06,
        4.368155146483588e-06,
        4.368155146483588e-06
    ],
    "swarm_position_history": null,
    "timing_stats": {
        "total_time_s": 0.0361776000354439,
        "fitness_time_s": null,
        "velocity_update_time_s": null,
        "position_update_time_s": null,
        "solver": "pyswarm",
        "solver_messages": [
            "Stopping search: maximum iterations reached --> 100"
        ]
    },
    "config": {
        "num_particles": 30,
        "dimensions": 2,
        "max_iterations": 100,
        "inertia_weight": 0.7,
        "cognitive_coefficient": 1.5,
        "social_coefficient": 1.5,
        "seed": 3,
        "tolerance": 0.0,
        "stagnation_patience": null,
        "track_history": true,
        "track_swarm_history": false
    }
}