{
    "objective": "ackley",
    "evaluation_mode": "pyswarm",
    "best_value": 3.2273934675863813e-06,
    "best_position": [
        3.2836426949422846e-07,
        -1.092775140896891e-06
    ],
    "elapsed_time_s": 0.03636060003191233,
    "iterations_completed": 100,
    "best_value_history": [
        10.58712074689597,
        8.518491015977094,
        5.878455759883675,
        5.878455759883675,
        5.878455759883675,
        5.878455759883675,
        5.878455759883675,
        4.581381247758475,
        3.8260493397048703,
        1.3951481747531784,
        1.3951481747531784,
        1.2633933709984402,
        1.2633933709984402,
        1.2633933709984402,
        1.2633933709984402,
        1.2633933709984402,
        1.2633933709984402,
        1.2633933709984402,
        1.2633933709984402,
        0.9759597220227794,
        0.9759597220227794,
        0.4858699379200684,
        0.47768785369522293,
        0.47768785369522293,
        0.47768785369522293,
        0.47768785369522293,
        0.4737089223873707,
        0.4737089223873707,
        0.4737089223873707,
        0.4737089223873707,
        0.4737089223873707,
        0.4737089223873707,
        0.4737089223873707,
        0.033947659722443735,
        0.033947659722443735,
        0.033947659722443735,
        0.033947659722443735,
        0.033947659722443735,
        0.033947659722443735,
        0.033947659722443735,
        0.033947659722443735,
        0.033947659722443735,
        0.033947659722443735,
        0.010276855743033497,
        0.010276855743033497,
        0.010276855743033497,
        0.010276855743033497,
        0.002114019161208791,
        0.002114019161208791,
        0.002114019161208791,
        0.002114019161208791,
        0.002114019161208791,
        0.002114019161208791,
        0.002114019161208791,
        0.002114019161208791,
        0.002114019161208791,
        0.002114019161208791,
        0.0018194649566258825,
        0.0018194649566258825,
        0.0018194649566258825,
        0.0018194649566258825,
        0.0018194649566258825,
        0.0007472101087562244,
        0.0007472101087562244,
        0.0007472101087562244,
        0.0006841233281531522,
        0.0006841233281531522,
        0.0006457161318746962,
        0.0005914089968190872,
        0.0005914089968190872,
        0.0005914089968190872,
        0.00047218148705185925,
        0.00047218148705185925,
        0.00038896145597577814,
        0.0002849229694636968,
        0.0002374255687098703,
        0.0002374255687098703,
        0.0002171575149181315,
        0.0002171575149181315,
        0.0002171575149181315,
        0.00018187953685755431,
        0.00018187953685755431,
        0.00012889170001928463,
        4.4129890153232765e-05,
        4.4129890153232765e-05,
        4.4129890153232765e-05,
        4.4129890153232765e-05,
        2.8288039655155472e-05,
        2.8288039655155472e-05,
        2.8288039655155472e-05,
        2.8288039655155472e-05,
        2.8288039655155472e-05,
        2.8288039655155472e-05,
        2.8288039655155472e-05,
        2.8288039655155472e-05,
        3.2273934675863813e-06,
        3.2273934675863813e-06,
        3.2273934675863813e-06,
        3.2273934675863813e-06,
        3.2273934675863813e-06
    ],
    "swarm_position_history": null,
    "timing_stats": {
        "total_time_s": 0.03636060003191233,
        "fitness_time_s": null,
        "velocity_update_time_s": null,
        "position_update_time_s": null,
        "solver": "pyswarm",
        "solver_messages": [
            "Stopping search: maximum iterations reached --> 100"
        ]
    },
    "config": {
        "num_particles": 30,
        "dimensions": 2,
        "max_iterations": 100,
        "inertia_weight": 0.7,
        "cognitive_coefficient": 1.5,
        "social_coefficient": 1.5,
        "seed": 0,
        "tolerance": 0.0,
        "stagnation_patience": null,
        "track_history": true,
        "track_swarm_history": false
    }
}