{
    "objective": "sphere",
    "evaluation_mode": "threading",
    "best_value": 8.656087005444408e-37,
    "best_position": [
        6.738491317970865e-19,
        6.415107544856543e-19
    ],
    "elapsed_time_s": 0.031994500081054866,
    "iterations_completed": 100,
    "best_value_history": [
        0.004745189516921481,
        0.0006152610435437625,
        0.0006152610435437625,
        0.0006152610435437625,
        0.0006152610435437625,
        7.209959884994059e-05,
        7.209959884994059e-05,
        7.209959884994059e-05,
        2.0445268765507867e-06,
        2.0445268765507867e-06,
        2.0445268765507867e-06,
        2.0445268765507867e-06,
        2.0445268765507867e-06,
        7.14029683960052e-07,
        2.343466743479165e-07,
        1.2351035360119938e-07,
        5.851456977557824e-08,
        5.851456977557824e-08,
        4.123828043346095e-08,
        2.0930902159091984e-08,
        1.713713018256564e-09,
        1.713713018256564e-09,
        6.706999951118385e-10,
        2.3665488106944664e-10,
        2.3665488106944664e-10,
        1.3446506073376082e-10,
        4.050907095248956e-11,
        4.462768925795343e-12,
        4.462768925795343e-12,
        1.9326473757162144e-12,
        1.9326473757162144e-12,
        6.716055387625758e-13,
        6.716055387625758e-13,
        1.5092564195708844e-14,
        1.5092564195708844e-14,
        2.238681178613722e-15,
        2.238681178613722e-15,
        8.098402284348694e-16,
        8.098402284348694e-16,
        8.098402284348694e-16,
        6.314296323043579e-16,
        6.060682451271434e-17,
        4.911032661846426e-18,
        4.911032661846426e-18,
        4.911032661846426e-18,
        4.646975474868126e-18,
        4.646975474868126e-18,
        1.4503570297575066e-18,
        3.892023107475777e-20,
        3.892023107475777e-20,
        3.892023107475777e-20,
        1.2378127567428031e-20,
        1.2378127567428031e-20,
        8.531773645011567e-21,
        2.9020543793312845e-22,
        2.9020543793312845e-22,
        2.9020543793312845e-22,
        2.9020543793312845e-22,
        1.4660551460238446e-23,
        1.4660551460238446e-23,
        5.964932639725295e-24,
        5.964932639725295e-24,
        5.964932639725295e-24,
        6.182495021744824e-26,
        6.182495021744824e-26,
        6.182495021744824e-26,
        4.1955595325922895e-26,
        4.1955595325922895e-26,
        1.683358648507967e-26,
        1.153499486696106e-26,
        6.944911352527328e-27,
        3.752754393793817e-27,
        2.1389705664244014e-27,
        5.010741465203277e-29,
        5.010741465203277e-29,
        5.010741465203277e-29,
        5.010741465203277e-29,
        1.2612721720452607e-29,
        9.977367286233842e-30,
        4.252214893534022e-30,
        4.252214893534022e-30,
        1.599593459087813e-30,
        6.043716506362342e-31,
        1.9003254005256732e-32,
        1.9003254005256732e-32,
        1.0680480604956214e-32,
        3.938716304855478e-34,
        2.0865159425808204e-34,
        2.0865159425808204e-34,
        2.0865159425808204e-34,
        2.077598096853172e-34,
        1.2348125600902509e-34,
        1.2348125600902509e-34,
        1.0658293260466373e-34,
        7.12651404477406e-35,
        3.547628336469107e-35,
        2.2696904858212777e-35,
        1.313300035202504e-35,
        4.948085725190736e-36,
        8.656087005444408e-37
    ],
    "swarm_position_history": null,
    "timing_stats": {
        "total_time_s": 0.03198820003308356,
        "fitness_time_s": 0.02812879893463105,
        "velocity_update_time_s": 0.001172199030406773,
        "position_update_time_s": 0.0009313011541962624
    },
    "config": {
        "num_particles": 30,
        "dimensions": 2,
        "max_iterations": 100,
        "inertia_weight": 0.4,
        "cognitive_coefficient": 1.0,
        "social_coefficient": 1.0,
        "seed": 4,
        "tolerance": 0.0,
        "stagnation_patience": null,
        "track_history": true,
        "track_swarm_history": false
    }
}