{
    "objective": "ackley",
    "evaluation_mode": "sequential",
    "best_value": 4.440892098500626e-16,
    "best_position": [
        3.1120393408528767e-16,
        4.3828661870882253e-17
    ],
    "elapsed_time_s": 0.03189419998670928,
    "iterations_completed": 100,
    "best_value_history": [
        3.3510677996995537,
        3.3510677996995537,
        3.3510677996995537,
        3.3510677996995537,
        0.04745466089371719,
        0.04745466089371719,
        0.04745466089371719,
        0.04745466089371719,
        0.04745466089371719,
        0.04745466089371719,
        0.04745466089371719,
        0.04745466089371719,
        0.022451702337932478,
        0.008941623860338144,
        0.005846362615809841,
        0.005846362615809841,
        0.005846362615809841,
        0.0018496372234051428,
        0.0016764492829257627,
        0.0016764492829257627,
        0.0016764492829257627,
        0.0016764492829257627,
        0.0016764492829257627,
        0.000602714232667001,
        0.00043123730278482597,
        2.490025180934552e-05,
        2.490025180934552e-05,
        2.490025180934552e-05,
        2.490025180934552e-05,
        9.06081638207823e-06,
        9.06081638207823e-06,
        9.06081638207823e-06,
        9.06081638207823e-06,
        9.06081638207823e-06,
        2.6426639760934734e-06,
        2.6426639760934734e-06,
        2.6426639760934734e-06,
        2.6426639760934734e-06,
        1.6357196455096812e-06,
        1.6357196455096812e-06,
        5.251310608578308e-07,
        3.5710525780885405e-07,
        3.5710525780885405e-07,
        3.5710525780885405e-07,
        3.5710525780885405e-07,
        1.5209805370730578e-07,
        9.774153086894444e-08,
        3.22733311186596e-08,
        3.22733311186596e-08,
        3.22733311186596e-08,
        2.5715842344453677e-08,
        1.7270413099623738e-08,
        1.7270413099623738e-08,
        6.102713445699237e-09,
        4.2135259725739616e-09,
        4.2135259725739616e-09,
        2.4600628201199015e-09,
        2.4600628201199015e-09,
        1.669996141373531e-09,
        9.590270799719747e-10,
        4.710334344792955e-10,
        4.710334344792955e-10,
        4.449245416537906e-10,
        1.0872769351522038e-10,
        3.494848854757038e-11,
        3.494848854757038e-11,
        3.494848854757038e-11,
        6.189271317680323e-12,
        6.189271317680323e-12,
        3.382627511427927e-12,
        3.382627511427927e-12,
        1.716404796070492e-12,
        1.716404796070492e-12,
        1.4357404154452524e-12,
        1.4357404154452524e-12,
        8.175682353339653e-13,
        8.175682353339653e-13,
        7.323031070427533e-13,
        6.221689829999377e-13,
        4.0545344859310717e-13,
        1.780797731498751e-13,
        1.780797731498751e-13,
        6.084022174945858e-14,
        3.597122599785507e-14,
        3.597122599785507e-14,
        3.597122599785507e-14,
        2.1760371282653068e-14,
        2.1760371282653068e-14,
        2.1760371282653068e-14,
        1.4654943925052066e-14,
        7.549516567451064e-15,
        3.9968028886505635e-15,
        3.9968028886505635e-15,
        3.9968028886505635e-15,
        3.9968028886505635e-15,
        3.9968028886505635e-15,
        3.9968028886505635e-15,
        3.9968028886505635e-15,
        3.9968028886505635e-15,
        4.440892098500626e-16
    ],
    "config": {
        "num_particles": 30,
        "dimensions": 2,
        "max_iterations": 100,
        "inertia_weight": 0.4,
        "cognitive_coefficient": 1.5,
        "social_coefficient": 1.0,
        "seed": 3,
        "tolerance": 0.0,
        "stagnation_patience": null,
        "track_history": true
    }
}