{
    "objective": "ackley",
    "evaluation_mode": "sequential",
    "best_value": 4.440892098500626e-16,
    "best_position": [
        -9.495424106575219e-17,
        -3.1419285289822503e-16
    ],
    "elapsed_time_s": 0.014626200019847602,
    "iterations_completed": 100,
    "best_value_history": [
        5.091013405820146,
        3.188557817140421,
        2.9773252005545534,
        2.9773252005545534,
        2.1825012738119978,
        1.879651160437,
        1.222060429012633,
        0.4254250969490667,
        0.4050300560366904,
        0.3491336597526993,
        0.20416998117313812,
        0.06609850449493182,
        0.06609850449493182,
        0.06284495378092148,
        0.0074318524828957955,
        0.0074318524828957955,
        0.0074318524828957955,
        0.0074318524828957955,
        0.0074318524828957955,
        0.00201554325534703,
        0.00201554325534703,
        0.0018811064032751013,
        0.0012270066784911826,
        0.0007663474833035089,
        0.0005379924778741163,
        0.0004748698481660263,
        0.0002783295520285556,
        0.000162974011950201,
        0.00014190282951576094,
        8.582695403136498e-05,
        6.89879015856043e-05,
        3.629556588169436e-06,
        3.629556588169436e-06,
        3.629556588169436e-06,
        3.629556588169436e-06,
        3.629556588169436e-06,
        3.629556588169436e-06,
        2.310834638752368e-06,
        2.065435215303779e-06,
        8.079659150617147e-07,
        8.079659150617147e-07,
        1.0900460312157634e-07,
        1.0900460312157634e-07,
        1.0900460312157634e-07,
        7.110420385814109e-08,
        7.110420385814109e-08,
        2.198810422626707e-08,
        2.198810422626707e-08,
        2.198810422626707e-08,
        2.198810422626707e-08,
        1.391148574114709e-08,
        9.350050067524762e-09,
        3.438505036257311e-09,
        3.2683371564701247e-09,
        2.8790556605429174e-09,
        1.7038144228820329e-09,
        1.2356129452939513e-09,
        6.042175648701686e-10,
        2.109676877637412e-10,
        1.591584641857935e-10,
        9.39448518977315e-11,
        9.39448518977315e-11,
        4.6143089349470756e-11,
        4.6143089349470756e-11,
        2.937428078553239e-11,
        1.729860699128949e-11,
        2.7857716133894428e-12,
        2.7857716133894428e-12,
        2.7857716133894428e-12,
        1.9686474672653276e-12,
        1.0875744749228033e-12,
        1.0875744749228033e-12,
        9.028333636251773e-13,
        8.033573806187633e-13,
        7.678302438307583e-13,
        7.536193891155563e-13,
        5.653255641391297e-13,
        3.2018832030189515e-13,
        3.2018832030189515e-13,
        2.8466118351389014e-13,
        2.349231920106831e-13,
        1.816324868286756e-13,
        1.745270594710746e-13,
        1.425526363618701e-13,
        5.0182080713057076e-14,
        2.531308496145357e-14,
        2.531308496145357e-14,
        1.8207657603852567e-14,
        7.549516567451064e-15,
        3.9968028886505635e-15,
        3.9968028886505635e-15,
        3.9968028886505635e-15,
        3.9968028886505635e-15,
        4.440892098500626e-16,
        4.440892098500626e-16,
        4.440892098500626e-16,
        4.440892098500626e-16,
        4.440892098500626e-16,
        4.440892098500626e-16,
        4.440892098500626e-16
    ],
    "config": {
        "num_particles": 30,
        "dimensions": 2,
        "max_iterations": 100,
        "inertia_weight": 0.4,
        "cognitive_coefficient": 1.5,
        "social_coefficient": 1.0,
        "seed": 2,
        "tolerance": 0.0,
        "stagnation_patience": null,
        "track_history": true
    }
}