{
    "objective": "ackley",
    "evaluation_mode": "sequential",
    "best_value": 4.440892098500626e-16,
    "best_position": [
        3.0931338734517374e-16,
        2.1845984026306276e-16
    ],
    "elapsed_time_s": 0.01445320004131645,
    "iterations_completed": 100,
    "best_value_history": [
        5.091013405820146,
        3.188557817140421,
        2.9773252005545534,
        2.9773252005545534,
        0.9103680155164118,
        0.9103680155164118,
        0.9103680155164118,
        0.5262147673885349,
        0.3615497011729656,
        0.12088670227418818,
        0.07917938502216204,
        0.07917938502216204,
        0.05228722849212675,
        0.021810889721227245,
        0.021810889721227245,
        0.006434781750510599,
        0.0035033895468115084,
        0.0035033895468115084,
        0.0013622583151797762,
        0.0013622583151797762,
        0.000766399393278494,
        0.000766399393278494,
        0.0004138002522435791,
        0.0002469814488574862,
        0.0002469814488574862,
        0.00014698253147615858,
        7.051378086631033e-05,
        3.2434318133045537e-05,
        3.2434318133045537e-05,
        2.573877612421782e-05,
        4.5060744970903954e-06,
        4.5060744970903954e-06,
        4.5060744970903954e-06,
        4.5060744970903954e-06,
        4.5060744970903954e-06,
        3.6446953477486943e-06,
        2.4735683514798268e-06,
        1.329631516444607e-06,
        2.387359399058653e-07,
        2.387359399058653e-07,
        8.63525255745401e-08,
        6.54061342864054e-08,
        6.54061342864054e-08,
        4.098533823437833e-08,
        3.725879027527412e-08,
        1.7480200842356908e-08,
        1.7480200842356908e-08,
        1.7480200842356908e-08,
        1.7480200842356908e-08,
        9.447486792879545e-09,
        9.447486792879545e-09,
        8.129607653728499e-09,
        6.4965175461395575e-09,
        2.8764550741300354e-09,
        2.8764550741300354e-09,
        1.912291214267725e-09,
        1.820297246268865e-09,
        4.103601902727405e-10,
        4.103601902727405e-10,
        4.103601902727405e-10,
        3.094311473716971e-10,
        3.094311473716971e-10,
        2.7948887648676646e-10,
        1.3477974292186445e-10,
        6.083000769763203e-11,
        2.2361223983580203e-11,
        1.0331735467161707e-11,
        1.0331735467161707e-11,
        1.0331735467161707e-11,
        7.1094241604896524e-12,
        2.306155266751375e-12,
        8.282263763703668e-13,
        3.9479530755670567e-13,
        3.9479530755670567e-13,
        3.9479530755670567e-13,
        3.9479530755670567e-13,
        3.9479530755670567e-13,
        3.4861002973229915e-13,
        7.860379014346108e-14,
        7.860379014346108e-14,
        5.728750807065808e-14,
        3.597122599785507e-14,
        1.8207657603852567e-14,
        1.8207657603852567e-14,
        1.4654943925052066e-14,
        3.9968028886505635e-15,
        3.9968028886505635e-15,
        3.9968028886505635e-15,
        4.440892098500626e-16,
        4.440892098500626e-16,
        4.440892098500626e-16,
        4.440892098500626e-16,
        4.440892098500626e-16,
        4.440892098500626e-16,
        4.440892098500626e-16,
        4.440892098500626e-16,
        4.440892098500626e-16,
        4.440892098500626e-16,
        4.440892098500626e-16,
        4.440892098500626e-16
    ],
    "timing_stats": {
        "total_time_s": 0.014449400012381375,
        "fitness_time_s": 0.013236600207164884,
        "velocity_update_time_s": 0.0005137003026902676,
        "position_update_time_s": 0.00024100043810904026
    },
    "config": {
        "num_particles": 30,
        "dimensions": 2,
        "max_iterations": 100,
        "inertia_weight": 0.4,
        "cognitive_coefficient": 1.0,
        "social_coefficient": 1.0,
        "seed": 2,
        "tolerance": 0.0,
        "stagnation_patience": null,
        "track_history": true
    }
}