{
    "objective": "ackley",
    "evaluation_mode": "sequential",
    "best_value": 4.440892098500626e-16,
    "best_position": [
        -8.095861976166352e-17,
        -1.7059029421141226e-16
    ],
    "elapsed_time_s": 0.0141807000618428,
    "iterations_completed": 100,
    "best_value_history": [
        9.209024555860864,
        3.219951285744678,
        3.219951285744678,
        2.957749174022862,
        1.106915072500215,
        1.106915072500215,
        1.106915072500215,
        0.09430602813619204,
        0.09430602813619204,
        0.09430602813619204,
        0.09430602813619204,
        0.05588429125271732,
        0.03184089126840606,
        0.014833365113720465,
        0.014833365113720465,
        0.010824940603811672,
        0.0039003949026192863,
        0.003687339414057522,
        0.003687339414057522,
        0.001183096901528291,
        0.001183096901528291,
        0.0008459396776321348,
        0.0003165472699930838,
        0.0002658412515299524,
        0.00013857078959178537,
        0.00013857078959178537,
        6.825888300143745e-05,
        6.825888300143745e-05,
        5.8665361490017887e-05,
        3.854687111770616e-05,
        1.3398354373084231e-05,
        1.3398354373084231e-05,
        1.9376869144771547e-06,
        1.9376869144771547e-06,
        1.9376869144771547e-06,
        1.9376869144771547e-06,
        1.9376869144771547e-06,
        4.781477191961869e-07,
        2.944072829969002e-07,
        2.944072829969002e-07,
        1.2816376271373997e-07,
        1.2816376271373997e-07,
        1.2816376271373997e-07,
        6.731830426431884e-08,
        5.3102948260885796e-08,
        5.3102948260885796e-08,
        4.407107612180994e-08,
        2.9362095421703316e-08,
        2.2749035100133597e-08,
        4.9496269305393525e-09,
        9.406275758294669e-10,
        9.406275758294669e-10,
        9.406275758294669e-10,
        9.406275758294669e-10,
        4.4255843434370945e-10,
        3.9518655015058357e-10,
        2.2349100348151296e-10,
        1.2673995186673892e-10,
        7.780487365494082e-11,
        3.79221098967264e-11,
        3.79221098967264e-11,
        3.33288951992472e-12,
        3.33288951992472e-12,
        3.33288951992472e-12,
        3.33288951992472e-12,
        3.33288951992472e-12,
        3.33288951992472e-12,
        3.33288951992472e-12,
        1.972200180944128e-12,
        6.186162693211372e-13,
        5.262457136723242e-13,
        1.9229062786507711e-13,
        1.9229062786507711e-13,
        5.728750807065808e-14,
        5.728750807065808e-14,
        5.728750807065808e-14,
        3.241851231905457e-14,
        3.241851231905457e-14,
        2.886579864025407e-14,
        2.1760371282653068e-14,
        1.1102230246251565e-14,
        1.1102230246251565e-14,
        3.9968028886505635e-15,
        3.9968028886505635e-15,
        3.9968028886505635e-15,
        3.9968028886505635e-15,
        4.440892098500626e-16,
        4.440892098500626e-16,
        4.440892098500626e-16,
        4.440892098500626e-16,
        4.440892098500626e-16,
        4.440892098500626e-16,
        4.440892098500626e-16,
        4.440892098500626e-16,
        4.440892098500626e-16,
        4.440892098500626e-16,
        4.440892098500626e-16,
        4.440892098500626e-16,
        4.440892098500626e-16,
        4.440892098500626e-16
    ],
    "timing_stats": {
        "total_time_s": 0.014175900025293231,
        "fitness_time_s": 0.012969800038263202,
        "velocity_update_time_s": 0.0005048001185059547,
        "position_update_time_s": 0.00023540016263723373
    },
    "config": {
        "num_particles": 30,
        "dimensions": 2,
        "max_iterations": 100,
        "inertia_weight": 0.4,
        "cognitive_coefficient": 1.0,
        "social_coefficient": 1.0,
        "seed": 0,
        "tolerance": 0.0,
        "stagnation_patience": null,
        "track_history": true
    }
}