{
    "objective": "rastrigin",
    "evaluation_mode": null,
    "best_value": 2.0072947912839694e-52,
    "best_position": [
        5.81406855488812e-27,
        -1.2919987847032137e-26
    ],
    "elapsed_time_s": 0.5630985000170767,
    "iterations_completed": 500,
    "best_value_history": [
        5.725181632436069,
        5.725181632436069,
        5.725181632436069,
        5.725181632436069,
        5.725181632436069,
        5.33574460756252,
        5.33574460756252,
        5.010791564441182,
        5.010791564441182,
        5.010791564441182,
        5.010791564441182,
        5.010791564441182,
        5.010791564441182,
        5.010791564441182,
        2.657189178987003,
        2.657189178987003,
        2.657189178987003,
        2.657189178987003,
        2.657189178987003,
        0.9189716861898265,
        0.9189716861898265,
        0.9189716861898265,
        0.07626250465595705,
        0.07626250465595705,
        0.07626250465595705,
        0.07626250465595705,
        0.07626250465595705,
        0.0663877170669894,
        0.0663877170669894,
        0.0663877170669894,
        0.025872261813533838,
        0.025872261813533838,
        0.025872261813533838,
        0.025872261813533838,
        0.025872261813533838,
        0.023698166860211388,
        0.023698166860211388,
        0.023698166860211388,
        0.013229110793386806,
        0.0005361327194186807,
        0.0005361327194186807,
        0.0005361327194186807,
        0.0005361327194186807,
        0.0005361327194186807,
        0.0005361327194186807,
        0.0005361327194186807,
        0.0005361327194186807,
        0.0005361327194186807,
        0.0005361327194186807,
        0.0005361327194186807,
        0.0003329654748770428,
        0.0003329654748770428,
        0.0003329654748770428,
        0.0003329654748770428,
        0.0003329654748770428,
        4.408832142793522e-06,
        4.408832142793522e-06,
        4.408832142793522e-06,
        4.408832142793522e-06,
        4.408832142793522e-06,
        4.408832142793522e-06,
        4.408832142793522e-06,
        4.408832142793522e-06,
        4.408832142793522e-06,
        4.408832142793522e-06,
        4.408832142793522e-06,
        5.251474153479821e-07,
        5.251474153479821e-07,
        5.251474153479821e-07,
        5.251474153479821e-07,
        5.251474153479821e-07,
        5.251474153479821e-07,
        5.251474153479821e-07,
        5.251474153479821e-07,
        5.251474153479821e-07,
        5.251474153479821e-07,
        5.251474153479821e-07,
        5.251474153479821e-07,
        5.251474153479821e-07,
        5.251474153479821e-07,
        5.251474153479821e-07,
        2.8462849951072665e-07,
        9.56644956334341e-08,
        9.56644956334341e-08,
        9.56644956334341e-08,
        5.411060215925105e-08,
        5.411060215925105e-08,
        5.411060215925105e-08,
        2.5730371679314033e-08,
        2.5730371679314033e-08,
        1.3730984174392656e-08,
        1.3730984174392656e-08,
        1.3730984174392656e-08,
        1.3730984174392656e-08,
        1.142528843960862e-08,
        4.542955430033664e-09,
        4.542955430033664e-09,
        4.542955430033664e-09,
        4.542955430033664e-09,
        4.542955430033664e-09,
        4.542955430033664e-09,
        4.542955430033664e-09,
        4.542955430033664e-09,
        3.821525441009902e-09,
        1.090021191331849e-09,
        9.398894893168317e-10,
        9.398894893168317e-10,
        7.513949563419023e-10,
        1.6721644104091843e-10,
        1.0643288031442052e-10,
        5.582808341752086e-11,
        5.582808341752086e-11,
        1.5000337413771886e-11,
        1.5000337413771886e-11,
        1.4937848688753715e-11,
        2.331007722371289e-12,
        2.331007722371289e-12,
        2.331007722371289e-12,
        1.831103678575345e-12,
        1.831103678575345e-12,
        1.3392440847244904e-14,
        1.3392440847244904e-14,
        1.3392440847244904e-14,
        1.3392440847244904e-14,
        1.3392440847244904e-14,
        1.3392440847244904e-14,
        1.3392440847244904e-14,
        1.3392440847244904e-14,
        1.3392440847244904e-14,
        1.3392440847244904e-14,
        1.3392440847244904e-14,
        1.3392440847244904e-14,
        1.3392440847244904e-14,
        1.3392440847244904e-14,
        1.3392440847244904e-14,
        4.462088350767859e-15,
        4.462088350767859e-15,
        3.3514735410806067e-15,
        3.3514735410806067e-15,
        3.3514735410806067e-15,
        3.3514735410806067e-15,
        3.342559736469922e-15,
        3.342559736469922e-15,
        3.342559736469922e-15,
        3.342559736469922e-15,
        3.342559736469922e-15,
        2.229481408783825e-15,
        2.229481408783825e-15,
        1.762339367383708e-18,
        1.762339367383708e-18,
        1.762339367383708e-18,
        1.762339367383708e-18,
        7.627387199296841e-19,
        7.627387199296841e-19,
        7.627387199296841e-19,
        7.627387199296841e-19,
        7.627387199296841e-19,
        7.627387199296841e-19,
        7.627387199296841e-19,
        7.627387199296841e-19,
        7.627387199296841e-19,
        7.627387199296841e-19,
        7.627387199296841e-19,
        7.627387199296841e-19,
        7.627387199296841e-19,
        5.155622319763955e-19,
        1.9258489408539715e-19,
        1.3411861970145103e-20,
        8.582889118318415e-21,
        5.073527985962329e-21,
        5.073527985962329e-21,
        5.073527985962329e-21,
        5.073527985962329e-21,
        5.073527985962329e-21,
        1.7739767381620423e-21,
        1.4578339015658597e-21,
        1.4578339015658597e-21,
        1.4578339015658597e-21,
        1.4578339015658597e-21,
        1.4578339015658597e-21,
        1.4578339015658597e-21,
        9.376428889218675e-22,
        3.437423835303064e-22,
        3.437423835303064e-22,
        7.006204578361581e-24,
        7.006204578361581e-24,
        7.006204578361581e-24,
        7.006204578361581e-24,
        7.006204578361581e-24,
        7.006204578361581e-24,
        7.006204578361581e-24,
        7.006204578361581e-24,
        7.006204578361581e-24,
        7.006204578361581e-24,
        7.006204578361581e-24,
        7.006204578361581e-24,
        7.006204578361581e-24,
        7.006204578361581e-24,
        7.006204578361581e-24,
        7.006204578361581e-24,
        5.661480269574704e-24,
        3.034243081763426e-24,
        3.034243081763426e-24,
        3.034243081763426e-24,
        3.034243081763426e-24,
        3.034243081763426e-24,
        3.034243081763426e-24,
        2.1432871617134923e-24,
        2.1432871617134923e-24,
        2.1432871617134923e-24,
        2.1432871617134923e-24,
        2.0518637941006542e-24,
        2.0518637941006542e-24,
        2.0518637941006542e-24,
        2.0518637941006542e-24,
        2.0518637941006542e-24,
        2.0518637941006542e-24,
        2.0518637941006542e-24,
        2.0518637941006542e-24,
        2.0518637941006542e-24,
        3.4535310723921715e-25,
        3.4535310723921715e-25,
        3.4535310723921715e-25,
        3.4535310723921715e-25,
        3.4535310723921715e-25,
        2.870353422823618e-25,
        2.870353422823618e-25,
        2.3099398630399837e-25,
        2.3099398630399837e-25,
        2.3099398630399837e-25,
        2.3099398630399837e-25,
        2.3099398630399837e-25,
        1.379020687602776e-25,
        3.879724111683958e-26,
        3.879724111683958e-26,
        3.4756184768082994e-26,
        1.995316079862729e-26,
        1.212495562000892e-26,
        7.886828678976369e-27,
        5.5285319954137336e-27,
        4.1758364827483626e-27,
        3.375024585138555e-27,
        2.8860329878271062e-27,
        2.5788114679066462e-27,
        2.3809419770791253e-27,
        2.2508542643270935e-27,
        2.163919121506016e-27,
        2.1050863870228795e-27,
        2.0648941869755773e-27,
