{
    "objective": "rastrigin",
    "evaluation_mode": null,
    "best_value": 3.4783157458904175e-51,
    "best_position": [
        5.771280907272508e-26,
        1.2146909682120776e-26
    ],
    "elapsed_time_s": 0.5647527000401169,
    "iterations_completed": 500,
    "best_value_history": [
        7.479795224894125,
        2.4369208283294546,
        2.4369208283294546,
        2.4369208283294546,
        1.3818663014768702,
        1.3818663014768702,
        1.3818663014768702,
        1.3818663014768702,
        1.3818663014768702,
        1.3818663014768702,
        1.3818663014768702,
        1.3818663014768702,
        1.1132244367388011,
        1.1132244367388011,
        1.1132244367388011,
        0.5810239167015623,
        0.5810239167015623,
        0.1981161899179535,
        0.1981161899179535,
        0.06961538375030878,
        0.06961538375030878,
        0.06961538375030878,
        0.06961538375030878,
        0.06961538375030878,
        0.06961538375030878,
        0.06961538375030878,
        0.06961538375030878,
        0.06961538375030878,
        0.038595163597564944,
        0.038595163597564944,
        0.038595163597564944,
        0.0020889653445117957,
        0.0020889653445117957,
        0.0020889653445117957,
        0.0020889653445117957,
        0.0020889653445117957,
        0.0020889653445117957,
        0.0020889653445117957,
        0.0020889653445117957,
        0.0020889653445117957,
        0.0020889653445117957,
        0.0020889653445117957,
        0.0003243258598197813,
        0.0003243258598197813,
        0.0003243258598197813,
        0.0003243258598197813,
        0.0003243258598197813,
        7.438006389423343e-05,
        7.438006389423343e-05,
        7.438006389423343e-05,
        7.438006389423343e-05,
        7.438006389423343e-05,
        2.7933917571504295e-06,
        2.7933917571504295e-06,
        2.7933917571504295e-06,
        2.7933917571504295e-06,
        2.7933917571504295e-06,
        2.7933917571504295e-06,
        2.7933917571504295e-06,
        2.7933917571504295e-06,
        2.7933917571504295e-06,
        2.7933917571504295e-06,
        2.7933917571504295e-06,
        2.7933917571504295e-06,
        2.7933917571504295e-06,
        2.7933917571504295e-06,
        2.7933917571504295e-06,
        1.978780579323135e-06,
        1.3247336632648886e-06,
        1.3247336632648886e-06,
        1.3247336632648886e-06,
        1.2359196052726315e-06,
        1.2359196052726315e-06,
        1.2359196052726315e-06,
        1.2359196052726315e-06,
        1.2359196052726315e-06,
        1.2359196052726315e-06,
        1.2359196052726315e-06,
        3.719190998817816e-07,
        3.719190998817816e-07,
        1.6246819652475075e-07,
        1.216930909468539e-07,
        1.216930909468539e-07,
        1.216930909468539e-07,
        1.216930909468539e-07,
        1.216930909468539e-07,
        1.0001845439206817e-07,
        1.0001845439206817e-07,
        8.623983133998613e-08,
        8.623983133998613e-08,
        8.623983133998613e-08,
        8.623983133998613e-08,
        8.507930867497296e-08,
        7.170086870350644e-08,
        6.861564526447837e-08,
        6.861564526447837e-08,
        4.9381493249866275e-08,
        4.9381493249866275e-08,
        2.6274732293888847e-08,
        2.6274732293888847e-08,
        2.6274732293888847e-08,
        2.6274732293888847e-08,
        1.7690057903804553e-08,
        1.7690057903804553e-08,
        5.592420024794695e-09,
        5.592420024794695e-09,
        5.592420024794695e-09,
        7.640520137951277e-10,
        4.0113824534498556e-10,
        4.0113824534498556e-10,
        4.0113824534498556e-10,
        4.5528809463078054e-11,
        4.5528809463078054e-11,
        4.5528809463078054e-11,
        4.5528809463078054e-11,
        4.5528809463078054e-11,
        3.0636708652345544e-11,
        3.0636708652345544e-11,
        3.0636708652345544e-11,
        3.0636708652345544e-11,
        3.0636708652345544e-11,
        3.0636708652345544e-11,
        3.0636708652345544e-11,
        3.0636708652345544e-11,
        3.0636708652345544e-11,
        1.3681407941896166e-11,
        8.310828626943132e-12,
        6.290029177415706e-12,
        6.290029177415706e-12,
        6.290029177415706e-12,
        5.9017174151980226e-12,
        5.9017174151980226e-12,
        1.4963528268606085e-12,
        1.4963528268606085e-12,
        1.3803017057195963e-12,
        1.3803017057195963e-12,
        1.3803017057195963e-12,
        1.3803017057195963e-12,
        1.3803017057195963e-12,
        1.3803017057195963e-12,
        7.08564981745845e-13,
        8.59206500422307e-14,
        1.0043774954177878e-14,
        1.0043774954177878e-14,
        5.5786346039431185e-15,
        5.5786346039431185e-15,
        5.5786346039431185e-15,
        5.5786346039431185e-15,
        5.5786346039431185e-15,
        5.5786346039431185e-15,
        5.5786346039431185e-15,
        5.5786346039431185e-15,
        5.5786346039431185e-15,
        5.5786346039431185e-15,
        5.5786346039431185e-15,
        5.5786346039431185e-15,
        5.5786346039431185e-15,
        3.971571895015368e-18,
        3.971571895015368e-18,
        3.971571895015368e-18,
        3.971571895015368e-18,
        1.438600210038196e-18,
        1.438600210038196e-18,
        1.438600210038196e-18,
        1.438600210038196e-18,
        1.438600210038196e-18,
        4.831028139018867e-19,
        4.831028139018867e-19,
        4.831028139018867e-19,
        4.831028139018867e-19,
        4.831028139018867e-19,
        2.219211345867495e-19,
        1.1359851070925996e-20,
        1.1359851070925996e-20,
        1.1359851070925996e-20,
        1.1359851070925996e-20,
        1.1359851070925996e-20,
        1.1359851070925996e-20,
        1.1359851070925996e-20,
        1.1359851070925996e-20,
        1.1359851070925996e-20,
        1.1359851070925996e-20,
        1.0698042685095606e-20,
        1.0698042685095606e-20,
        1.0698042685095606e-20,
        1.0698042685095606e-20,
        1.0698042685095606e-20,
        1.0698042685095606e-20,
        1.0698042685095606e-20,
        1.0698042685095606e-20,
        9.512291668375825e-21,
        9.512291668375825e-21,
        9.512291668375825e-21,
        9.512291668375825e-21,
        8.859604246202571e-21,
        8.859604246202571e-21,
        8.063724630535973e-21,
        7.241110988334095e-21,
        6.692602659211637e-21,
        6.253229322633679e-21,
        5.160717337897651e-21,
        4.4854432221410086e-21,
        4.056598635155061e-21,
        3.601486683950074e-21,
        6.502423460712916e-22,
        6.309779018742228e-23,
        6.309779018742228e-23,
        1.0602431251679183e-23,
        1.0602431251679183e-23,
        1.0602431251679183e-23,
        3.2805544565945135e-24,
        3.2805544565945135e-24,
        3.2805544565945135e-24,
        3.2805544565945135e-24,
        3.2805544565945135e-24,
        3.2805544565945135e-24,
        3.2805544565945135e-24,
        3.2805544565945135e-24,
        3.2805544565945135e-24,
        3.2805544565945135e-24,
        3.2805544565945135e-24,
        3.2805544565945135e-24,
        3.2805544565945135e-24,
        3.2805544565945135e-24,
        2.3695647623628767e-24,
        2.3695647623628767e-24,
        2.3695647623628767e-24,
        2.3695647623628767e-24,
        1.1987568708639618e-24,
        2.4701103799435093e-25,
        6.189120523044836e-27,
        6.189120523044836e-27,
        6.189120523044836e-27,
        6.189120523044836e-27,
        6.189120523044836e-27,
        6.189120523044836e-27,
        6.189120523044836e-27,
        6.189120523044836e-27,
        6.189120523044836e-27,
        6.189120523044836e-27,
        6.189120523044836e-27,
        6.2863001069977305e-28,
        6.2863001069977305e-28,
        6.2863001069977305e-28,
        6.2863001069977305e-28,
        6.2863001069977305e-28,
