{
    "objective": "rastrigin",
    "evaluation_mode": null,
    "best_value": 4.325384589438496e-50,
    "best_position": [
        -1.8170666410993023e-25,
        1.0117575852162393e-25
    ],
    "elapsed_time_s": 0.5461135000223294,
    "iterations_completed": 500,
    "best_value_history": [
        1.414411867259401,
        1.2257417533482233,
        1.2257417533482233,
        1.2257417533482233,
        0.9492339080492616,
        0.8448431184348472,
        0.8448431184348472,
        0.8448431184348472,
        0.10240329885175584,
        0.10240329885175584,
        0.10240329885175584,
        0.017030876018875166,
        0.017030876018875166,
        0.017030876018875166,
        0.0066711857820685025,
        0.0066711857820685025,
        0.0066711857820685025,
        0.0066711857820685025,
        0.0066711857820685025,
        0.0066711857820685025,
        0.0066711857820685025,
        0.0066711857820685025,
        0.0066711857820685025,
        0.0066711857820685025,
        0.0066711857820685025,
        0.0066711857820685025,
        0.0066711857820685025,
        0.0066711857820685025,
        0.0066711857820685025,
        0.0066711857820685025,
        0.002275112436709888,
        0.00010530413181137232,
        0.00010530413181137232,
        0.00010530413181137232,
        0.00010530413181137232,
        0.00010530413181137232,
        0.00010530413181137232,
        0.00010530413181137232,
        0.00010530413181137232,
        0.00010530413181137232,
        0.00010530413181137232,
        0.00010530413181137232,
        0.00010530413181137232,
        0.00010530413181137232,
        4.161961237450567e-06,
        4.161961237450567e-06,
        4.161961237450567e-06,
        4.161961237450567e-06,
        4.161961237450567e-06,
        4.161961237450567e-06,
        4.161961237450567e-06,
        4.161961237450567e-06,
        4.161961237450567e-06,
        4.161961237450567e-06,
        4.161961237450567e-06,
        4.161961237450567e-06,
        4.161961237450567e-06,
        4.161961237450567e-06,
        4.161961237450567e-06,
        4.161961237450567e-06,
        4.161961237450567e-06,
        4.161961237450567e-06,
        4.161961237450567e-06,
        4.161961237450567e-06,
        1.6742131150049084e-06,
        1.6742131150049084e-06,
        1.4857067703935682e-06,
        1.4857067703935682e-06,
        6.711078434896415e-07,
        2.4653184971656754e-08,
        2.4653184971656754e-08,
        2.4653184971656754e-08,
        2.4653184971656754e-08,
        7.695817072677498e-09,
        7.695817072677498e-09,
        6.332891895495546e-10,
        6.332891895495546e-10,
        6.332891895495546e-10,
        6.332891895495546e-10,
        6.332891895495546e-10,
        6.332891895495546e-10,
        6.332891895495546e-10,
        6.332891895495546e-10,
        6.332891895495546e-10,
        6.332891895495546e-10,
        6.332891895495546e-10,
        6.332891895495546e-10,
        4.277935817089767e-11,
        4.277935817089767e-11,
        4.277935817089767e-11,
        4.277935817089767e-11,
        4.277935817089767e-11,
        4.277935817089767e-11,
        4.277935817089767e-11,
        4.277935817089767e-11,
        4.277935817089767e-11,
        4.277935817089767e-11,
        4.277935817089767e-11,
        4.277935817089767e-11,
        4.277935817089767e-11,
        4.062912085901944e-11,
        4.062912085901944e-11,
        4.062912085901944e-11,
        5.87939753688043e-12,
        5.87939753688043e-12,
        5.87939753688043e-12,
        5.87939753688043e-12,
        5.87939753688043e-12,
        5.87939753688043e-12,
        3.694567968900628e-12,
        3.694567968900628e-12,
        3.1589645479326635e-12,
        3.1589645479326635e-12,
        3.1589645479326635e-12,
        3.1589645479326635e-12,
        3.1589645479326635e-12,
        2.5854222913342837e-12,
        2.5854222913342837e-12,
        1.5967754793461495e-12,
        8.112202675107249e-13,
        1.1381833325928023e-13,
        1.1153495342063938e-14,
        1.1153495342063938e-14,
        1.1153495342063938e-14,
        8.930908978376444e-15,
        8.930908978376444e-15,
        7.811975032100313e-15,
        7.811975032100313e-15,
        4.4644821418575536e-15,
        4.4644821418575536e-15,
        4.4644821418575536e-15,
        4.4644821418575536e-15,
        4.4644821418575536e-15,
        4.4644821418575536e-15,
        1.780979815714571e-18,
        1.780979815714571e-18,
        1.780979815714571e-18,
        1.780979815714571e-18,
        1.780979815714571e-18,
        1.780979815714571e-18,
        1.7230792474092841e-18,
        9.416704510158427e-20,
        9.416704510158427e-20,
        9.416704510158427e-20,
        9.416704510158427e-20,
        8.39751448140438e-20,
        8.39751448140438e-20,
        8.39751448140438e-20,
        2.4393392906989268e-20,
        2.4393392906989268e-20,
        2.4393392906989268e-20,
        1.6667575147988008e-20,
        1.6667575147988008e-20,
        1.6667575147988008e-20,
        1.6667575147988008e-20,
        1.6667575147988008e-20,
        1.6667575147988008e-20,
        1.6667575147988008e-20,
        1.6667575147988008e-20,
        1.6667575147988008e-20,
        1.6667575147988008e-20,
        1.6667575147988008e-20,
        1.5301857038366678e-20,
        1.5301857038366678e-20,
        1.5301857038366678e-20,
        1.5301857038366678e-20,
        1.3829803219070026e-20,
        1.3829803219070026e-20,
        1.3829803219070026e-20,
        1.2915065759661594e-20,
        1.2915065759661594e-20,
        1.2441643575325604e-20,
        1.2441643575325604e-20,
        1.2441643575325604e-20,
        1.2441643575325604e-20,
        1.2441643575325604e-20,
        1.2441643575325604e-20,
        1.2441643575325604e-20,
        1.2185179421965082e-20,
        1.2185179421965082e-20,
        1.2185179421965082e-20,
        7.571700510988969e-21,
        1.84269283809833e-21,
        3.9554276839194956e-23,
        3.9554276839194956e-23,
        3.9554276839194956e-23,
        3.9554276839194956e-23,
        3.9554276839194956e-23,
        3.9554276839194956e-23,
        3.9554276839194956e-23,
        2.334850352026775e-23,
        2.334850352026775e-23,
        2.334850352026775e-23,
        2.334850352026775e-23,
        2.334850352026775e-23,
        2.334850352026775e-23,
        2.334850352026775e-23,
        1.8245359379649408e-23,
        1.005689581791064e-23,
        5.784656756554241e-24,
        3.5093352752165224e-24,
        2.2670807104698824e-24,
        1.569233046520218e-24,
        1.1648876421282149e-24,
        9.230783596364664e-25,
        7.740157871777426e-25,
        6.795719098465309e-25,
        6.183121581757315e-25,
        5.778073036120856e-25,
        5.506186215044313e-25,
        5.32157254911653e-25,
        5.195139466291726e-25,
        5.108006585143436e-25,
        5.04768500398588e-25,
        9.188663239635384e-26,
        8.480589765334795e-26,
        8.480589765334795e-26,
        8.480589765334795e-26,
        8.480589765334795e-26,
        8.480589765334795e-26,
        8.480589765334795e-26,
        8.480589765334795e-26,
        6.415986902815644e-26,
        5.508611121985542e-26,
        5.508611121985542e-26,
        5.508611121985542e-26,
        5.508611121985542e-26,
        3.946236320130577e-26,
        2.7531983224317833e-26,
        2.0455358097556042e-26,
        1.6126294528816373e-26,
        1.3401991300495456e-26,
        1.1644939262871278e-26,
        1.0488483345412578e-26,
        9.714969652541818e-27,
        9.191152737713949e-27,
        6.74093170031642e-27,
        6.74093170031642e-27,
        6.74093170031642e-27,
        2.9105906099412988e-27,
        1.0875080772272863e-27,
        1.0875080772272863e-27,
        1.0875080772272863e-27,
        1.9961564153087425e-28,
        1.9961564153087425e-28,
        1.9961564153087425e-28,
