{
    "objective_name": "rastrigin",
    "num_runs": 5,
    "mean_best_value": 90.1097588369294,
    "std_best_value": 23.120537670562552,
    "min_best_value": 63.81327316826286,
    "max_best_value": 125.804025540846,
    "mean_elapsed_time_s": 0.3130327399820089,
    "std_elapsed_time_s": 0.005837602660275844,
    "mean_iterations": 100.0,
    "min_iterations": 100,
    "max_iterations": 100
}