{
    "objective_name": "rastrigin",
    "num_runs": 5,
    "mean_best_value": 10.675073399827411,
    "std_best_value": 2.258670865023245,
    "min_best_value": 7.2001604166758,
    "max_best_value": 13.506503961010907,
    "mean_elapsed_time_s": 0.031185839988756923,
    "std_elapsed_time_s": 0.0009136306262857453,
    "mean_iterations": 100.0,
    "min_iterations": 100,
    "max_iterations": 100
}