{
    "objective_name": "rastrigin",
    "num_runs": 5,
    "mean_best_value": 10.675073399827411,
    "std_best_value": 2.2586708650232494,
    "min_best_value": 7.200160416675791,
    "max_best_value": 13.506503961010907,
    "mean_elapsed_time_s": 0.04419246001634747,
    "std_elapsed_time_s": 0.0019536009057654377,
    "mean_iterations": 100.0,
    "min_iterations": 100,
    "max_iterations": 100
}