{
    "objective_name": "rastrigin",
    "num_runs": 5,
    "mean_best_value": 6.5667295621679305,
    "std_best_value": 2.4044228561410463,
    "min_best_value": 3.979845161612025,
    "max_best_value": 9.949585533113833,
    "mean_elapsed_time_s": 0.2031592199811712,
    "std_elapsed_time_s": 0.018154213482517043,
    "mean_iterations": 500.0,
    "min_iterations": 500,
    "max_iterations": 500
}