{
    "objective_name": "rosenbrock",
    "num_runs": 5,
    "mean_best_value": 2.0515061609134424,
    "std_best_value": 1.1900257644313637,
    "min_best_value": 0.3408058509517607,
    "max_best_value": 4.02140359170979,
    "mean_elapsed_time_s": 0.20865850001573563,
    "std_elapsed_time_s": 0.01138177352125333,
    "mean_iterations": 500.0,
    "min_iterations": 500,
    "max_iterations": 500
}