{
    "objective_name": "rosenbrock",
    "num_runs": 5,
    "mean_best_value": 5.309837400442326,
    "std_best_value": 1.570922526281426,
    "min_best_value": 2.7191107225249223,
    "max_best_value": 6.759177347162071,
    "mean_elapsed_time_s": 0.04098151996731758,
    "std_elapsed_time_s": 0.0018282509594885223,
    "mean_iterations": 100.0,
    "min_iterations": 100,
    "max_iterations": 100,
    "evaluation_mode": "threading"
}