{
    "objective_name": "sphere",
    "num_runs": 5,
    "mean_best_value": 3.459012960749317e-29,
    "std_best_value": 4.1982884976824404e-29,
    "min_best_value": 5.332833154316983e-30,
    "max_best_value": 1.1666968939010506e-28,
    "mean_elapsed_time_s": 0.177994339982979,
    "std_elapsed_time_s": 0.003413671387716978,
    "mean_iterations": 500.0,
    "min_iterations": 500,
    "max_iterations": 500
}