{
    "objective": "rastrigin",
    "evaluation_mode": "sequential",
    "best_value": 138.88819690364483,
    "best_position": [
        -1.9642041510072896,
        -2.966763495285832,
        -1.928646690333304,
        -1.018594589181567,
        2.0218263507641567,
        -0.022614018792454598,
        0.015053352989805,
        1.9883268397899816,
        -0.01719579212900807,
        1.908079007179941,
        -2.9831448357634485,
        -0.9753793541372089,
        0.9380773464582263,
        -2.0062512890796134,
        3.065851678644594,
        0.015717535395501886,
        0.9769736890686738,
        1.984973647368565,
        -2.9089219161780226,
        -1.9365704730979554,
        -3.024243440654004,
        0.05537780061821258,
        5.081105085840976,
        -1.0135982083959671,
        1.9733051951535703,
        -1.9774383604847134,
        -2.949844205641597,
        0.025060334097701864,
        -0.08313059263193355,
        -1.995155054566144
    ],
    "elapsed_time_s": 0.013404699973762035,
    "iterations_completed": 100,
    "best_value_history": [
        351.2075266452212,
        351.2075266452212,
        351.2075266452212,
        351.2075266452212,
        351.2075266452212,
        351.2075266452212,
        351.2075266452212,
        351.2075266452212,
        315.4090384034537,
        315.4090384034537,
        315.4090384034537,
        315.4090384034537,
        315.4090384034537,
        315.4090384034537,
        310.53137779849334,
        310.53137779849334,
        310.53137779849334,
        310.53137779849334,
        310.53137779849334,
        310.53137779849334,
        310.53137779849334,
        303.56181267881306,
        303.56181267881306,
        303.56181267881306,
        293.8679464780381,
        293.8679464780381,
        293.8679464780381,
        293.8679464780381,
        286.87880424953164,
        286.87880424953164,
        260.75950724884876,
        260.75950724884876,
        260.75950724884876,
        260.75950724884876,
        260.75950724884876,
        259.38993294072327,
        248.23778691331077,
        248.23778691331077,
        248.23778691331077,
        248.23778691331077,
        247.4160832114012,
        231.65974106227884,
        231.65974106227884,
        231.65974106227884,
        231.65974106227884,
        219.1434118520613,
        219.1434118520613,
        219.1434118520613,
        219.1434118520613,
        219.1434118520613,
        219.1434118520613,
        219.1434118520613,
        219.1434118520613,
        209.92087122734708,
        191.67822975031925,
        191.67822975031925,
        191.67822975031925,
        189.61531140395107,
        189.50949703685242,
        173.63792038244148,
        173.63792038244148,
        173.63792038244148,
        173.63792038244148,
        173.63792038244148,
        173.63792038244148,
        173.63792038244148,
        173.63792038244148,
        173.63792038244148,
        172.8387100361148,
        172.8387100361148,
        172.8387100361148,
        172.8387100361148,
        172.8387100361148,
        167.47292143823114,
        162.8244586332042,
        155.0819615399221,
        150.51224025508677,
        150.51224025508677,
        150.51224025508677,
        150.51224025508677,
        150.47253852613025,
        147.82115988800288,
        147.82115988800288,
        147.82115988800288,
        147.82115988800288,
        146.2415012884005,
        146.2415012884005,
        146.2415012884005,
        145.38796465220042,
        145.38796465220042,
        144.78459911201418,
        142.4705392231776,
        142.4705392231776,
        142.4705392231776,
        142.43423260316956,
        141.02688375794608,
        140.3947288066656,
        139.55049250020588,
        138.88819690364483,
        138.88819690364483
    ],
    "swarm_position_history": null,
    "timing_stats": {
        "total_time_s": 0.013400699943304062,
        "fitness_time_s": 0.011566800181753933,
        "velocity_update_time_s": 0.0008910996839404106,
        "position_update_time_s": 0.000480199814774096
    },
    "config": {
        "num_particles": 30,
        "dimensions": 30,
        "max_iterations": 100,
        "inertia_weight": 0.7,
        "cognitive_coefficient": 1.5,
        "social_coefficient": 1.5,
        "seed": 4,
        "tolerance": 0.0,
        "stagnation_patience": null,
        "track_history": true,
        "track_swarm_history": false
    }
}