{
    "objective": "sphere",
    "evaluation_mode": null,
    "best_value": 3.644731177608383e-05,
    "best_position": [
        0.0038219518611728115,
        0.000736435341034816,
        -0.0007311936013678457,
        0.00020345109380146974,
        -0.0015479932363983517,
        -0.0017787698162289366,
        -0.0009402131652788328,
        -0.0007099445460482445,
        -0.0018224649149640162,
        0.003232942431473517
    ],
    "elapsed_time_s": 0.006568699958734214,
    "iterations_completed": 100,
    "best_value_history": [
        20.872343191422416,
        13.210875074742267,
        13.210875074742267,
        13.210875074742267,
        13.210875074742267,
        10.492688451549041,
        7.951175423883272,
        5.874620283263854,
        5.830588253432841,
        5.596897052963593,
        4.9629755462102105,
        2.9448963228346288,
        2.1676717705156685,
        2.1676717705156685,
        2.1676717705156685,
        1.7681413543398046,
        1.6627295032947775,
        1.530553727905818,
        1.3928224372208433,
        1.3928224372208433,
        0.6266031167015973,
        0.6266031167015973,
        0.5285128544282405,
        0.39392082375952964,
        0.39392082375952964,
        0.3313139726693622,
        0.3313139726693622,
        0.30879837356248685,
        0.30879837356248685,
        0.30879837356248685,
        0.30879837356248685,
        0.2751403101627393,
        0.2751403101627393,
        0.2751403101627393,
        0.1813147369112611,
        0.1813147369112611,
        0.15411375239228112,
        0.15411375239228112,
        0.15411375239228112,
        0.15411375239228112,
        0.12438304202449332,
        0.12438304202449332,
        0.12438304202449332,
        0.08838113197724576,
        0.07428765265942688,
        0.059420991576541626,
        0.047176484711853164,
        0.046433789183564875,
        0.046433789183564875,
        0.046433789183564875,
        0.02875552484090037,
        0.02875552484090037,
        0.02875552484090037,
        0.021288703042705217,
        0.021288703042705217,
        0.021288703042705217,
        0.018590431344983293,
        0.012628204022125462,
        0.012628204022125462,
        0.012628204022125462,
        0.01259641347614726,
        0.012007625270406195,
        0.012007625270406195,
        0.012007625270406195,
        0.007327234697709457,
        0.004988495938363426,
        0.0029787934263059883,
        0.0029787934263059883,
        0.0029787934263059883,
        0.0029787934263059883,
        0.0029787934263059883,
        0.002682990703543821,
        0.0017844343295873612,
        0.0017844343295873612,
        0.0017844343295873612,
        0.0013317530364632564,
        0.0008369338718903323,
        0.0007237340221844737,
        0.00043554605719734753,
        0.00043554605719734753,
        0.00043554605719734753,
        0.00043554605719734753,
        0.00018855069266493694,
        0.00018855069266493694,
        0.00017049596169159723,
        0.00016251412462829542,
        0.00012837651294902517,
        0.00012837651294902517,
        0.00012837651294902517,
        0.000125588382181619,
        0.00011154504571627148,
        0.00011154504571627148,
        8.62543062351207e-05,
        6.54481820607969e-05,
        6.54481820607969e-05,
        6.54481820607969e-05,
        5.3255645265814635e-05,
        3.70902234647374e-05,
        3.644731177608383e-05,
        3.644731177608383e-05
    ],
    "timing_stats": {
        "total_time_s": 0.006565299991052598,
        "fitness_time_s": 0.005197199934627861,
        "velocity_update_time_s": 0.0006226002587936819,
        "position_update_time_s": 0.00031780003337189555
    },
    "config": {
        "num_particles": 30,
        "dimensions": 10,
        "max_iterations": 100,
        "inertia_weight": 0.7,
        "cognitive_coefficient": 1.5,
        "social_coefficient": 1.5,
        "seed": 3,
        "tolerance": 0.0,
        "stagnation_patience": null,
        "track_history": true
    }
}