{
    "objective_name": "rosenbrock",
    "num_runs": 5,
    "mean_best_value": 0.0007046543054127451,
    "std_best_value": 0.0009332476514065913,
    "min_best_value": 5.2507101336460996e-06,
    "max_best_value": 0.0024623583782481064,
    "mean_elapsed_time_s": 0.027779059996828438,
    "std_elapsed_time_s": 0.00024856725510852783,
    "mean_iterations": 100.0,
    "min_iterations": 100,
    "max_iterations": 100
}