{
    "objective": "ackley",
    "evaluation_mode": null,
    "best_value": 3.241851231905457e-14,
    "best_position": [
        3.089312656731751e-15,
        -3.4293128519034188e-15,
        1.518269150557278e-14,
        1.3539729204444647e-14,
        6.08071870676228e-15,
        1.3689171822189386e-15,
        -1.9825856171201845e-15,
        -1.1630041771321721e-15,
        -6.211450461257643e-15,
        1.1610391169365669e-14
    ],
    "elapsed_time_s": 0.5570923000341281,
    "iterations_completed": 500,
    "best_value_history": [
        19.24239691881108,
        18.728771666527006,
        17.75554862971782,
        17.75554862971782,
        16.969419104983952,
        16.388102033236873,
        12.976667266469052,
        12.976667266469052,
        11.554187403940972,
        9.976995988327916,
        9.976995988327916,
        9.976995988327916,
        9.092866011885928,
        9.092866011885928,
        8.61190320390367,
        8.61190320390367,
        8.239828391471134,
        8.14964203226291,
        8.14964203226291,
        7.110159585596927,
        6.581895288515675,
        6.581895288515675,
        5.975964146286689,
        5.975964146286689,
        5.975964146286689,
        5.686698843424637,
        5.007333263997733,
        5.007333263997733,
        5.007333263997733,
        4.03265408284447,
        3.672179433627751,
        3.672179433627751,
        3.672179433627751,
        3.672179433627751,
        3.672179433627751,
        3.5933531163886596,
        3.5025244179893957,
        3.3786736358584837,
        3.3786736358584837,
        3.3786736358584837,
        3.3786736358584837,
        2.97134881926365,
        2.5190483701258413,
        2.2667598863951146,
        2.2667598863951146,
        1.5278084571076254,
        1.5278084571076254,
        1.5278084571076254,
        1.5278084571076254,
        1.4997938857963011,
        1.4997938857963011,
        1.4997938857963011,
        1.0781353628909653,
        1.0781353628909653,
        0.8051306532011542,
        0.5819609830950552,
        0.5819609830950552,
        0.5819609830950552,
        0.5819609830950552,
        0.5246848831581912,
        0.41749118666793494,
        0.41749118666793494,
        0.41749118666793494,
        0.3898145877991692,
        0.3709885540604252,
        0.3709885540604252,
        0.3709885540604252,
        0.3301922252665439,
        0.3208180434833676,
        0.28503061167330346,
        0.26925698858603697,
        0.25685567728077574,
        0.25685567728077574,
        0.2337805321922315,
        0.1923514593300557,
        0.1923514593300557,
        0.1923514593300557,
        0.18746991807240976,
        0.18630594320966098,
        0.16906063067013521,
        0.16338693653119707,
        0.15613484586521098,
        0.1508749327422163,
        0.14006644156117476,
        0.12700086949826117,
        0.11509581313874095,
        0.11509581313874095,
        0.11004672345282929,
        0.10063120402660575,
        0.09220814066873517,
        0.0712576145598729,
        0.06919761918946721,
        0.055131842606681136,
        0.05258681270804688,
        0.050410959346429696,
        0.050410959346429696,
        0.04581879201142103,
        0.04581879201142103,
        0.040278171953052055,
        0.040278171953052055,
        0.040278171953052055,
        0.03547410771608783,
        0.030682867527766167,
        0.030682867527766167,
        0.030682867527766167,
        0.030682867527766167,
        0.030682867527766167,
        0.027531314641905613,
        0.020714311516699002,
        0.016456207547343116,
        0.016456207547343116,
        0.016456207547343116,
        0.015012577285194784,
        0.015012577285194784,
        0.011478206338751296,
        0.009901860255422168,
        0.009901860255422168,
        0.00970059064643225,
        0.007476791429323004,
        0.006999188546622737,
        0.006999188546622737,
        0.006630732346579737,
        0.006630732346579737,
        0.006630732346579737,
        0.005843035076683822,
        0.00519482950484873,
        0.0051726266770519835,
        0.004833408920625448,
        0.004833408920625448,
        0.004833408920625448,
        0.004457850415335418,
        0.004457850415335418,
        0.004415613120006601,
        0.0037377261291742236,
        0.003046345026917141,
        0.003046345026917141,
        0.003046345026917141,
        0.0029152231266178497,
        0.0026778987154689737,
        0.0026778987154689737,
        0.0020895702465932864,
        0.001800468662338961,
        0.0013132715960222363,
        0.0013132715960222363,
        0.0013132715960222363,
        0.0013132715960222363,
        0.0012582018000775186,
        0.0012582018000775186,
        0.0010461826233911786,
        0.0010461826233911786,
        0.0010223867053373858,
        0.0009991940430293944,
        0.0009272690589026134,
        0.0009272690589026134,
        0.0009272690589026134,
        0.0008839631747901144,
        0.0007842793403409765,
        0.0007842793403409765,
        0.0006484352341336042,
        0.0005757437201663329,
        0.0005757437201663329,
        0.0005757437201663329,
        0.0005757437201663329,
        0.0005757437201663329,
        0.0005757437201663329,
        0.0005757437201663329,
        0.0005757437201663329,
        0.0004533598636595748,
        0.0004533598636595748,
        0.0004440535730378947,
        0.0004390127927114129,
        0.00042911830949465823,
        0.0004129377889339203,
        0.00039368623154389937,
        0.0003702592321741527,
        0.00028751408878635587,
        0.00027231025057661284,
        0.00027231025057661284,
        0.00027231025057661284,
        0.00027231025057661284,
        0.00027231025057661284,
        0.0002322204358233826,
        0.0002156042601240138,
        0.00020736259523035372,
        0.00020736259523035372,
        0.00019963807059086847,
        0.0001912188556798533,
        0.00018849093721629018,
        0.0001305001056981503,
        0.00011807545255182461,
        9.037724822791304e-05,
        9.037724822791304e-05,
        8.494391363145226e-05,
        7.899115434328863e-05,
        7.02834125481111e-05,
        6.667764195755765e-05,
        6.667764195755765e-05,
        6.667764195755765e-05,
        6.014240024798667e-05,
        6.014240024798667e-05,
        6.014240024798667e-05,
        6.014240024798667e-05,
        5.064046052938309e-05,
        3.540920636568856e-05,
        3.540920636568856e-05,
        3.540920636568856e-05,
        2.9122438601536516e-05,
        2.90100894209111e-05,
        1.7539537641386715e-05,
        1.7539537641386715e-05,
        1.7182031396334452e-05,
        1.631339030483403e-05,
        1.631339030483403e-05,
        1.5143983802534677e-05,
        1.5143983802534677e-05,
        1.0448416976505115e-05,
        1.0448416976505115e-05,
        1.0448416976505115e-05,
        1.0448416976505115e-05,
        1.0443992021880177e-05,
        1.0443992021880177e-05,
        9.168697865380437e-06,
        9.156454698899807e-06,
        8.272559238964305e-06,
        8.272559238964305e-06,
        7.589557445175643e-06,
        7.589557445175643e-06,
        7.589557445175643e-06,
        7.589557445175643e-06,
        7.583030719349182e-06,
        6.814791948972498e-06,
        6.436504037754531e-06,
        6.436504037754531e-06,
        5.253398008608912e-06,
        5.253398008608912e-06,
        4.690173078802928e-06,
        4.690173078802928e-06,
        4.596606470119724e-06,
        3.967899730117352e-06,
        3.8063941194543816e-06,
        3.8063941194543816e-06,
        3.4701810887050044e-06,
        3.0904558951938554e-06,
        2.9949146029828455e-06,
        2.9353335198045727e-06,
        2.844782443833793e-06,
        2.208372205547704e-06,
        1.8065973752534603e-06,
        1.568709678156921e-06,
        1.568709678156921e-06,
