{
    "objective": "ackley",
    "evaluation_mode": null,
    "best_value": 0.042163340732753074,
    "best_position": [
        -0.01163410890903269,
        -0.0035092823547281746,
        0.012891148677983957,
        -0.003687044170783825,
        0.002693115090046415,
        0.0020081377228972873,
        0.0016106010151821764,
        0.0052019275458872125,
        -0.01522805785445643,
        -0.016680705072340325
    ],
    "elapsed_time_s": 0.23894979996839538,
    "iterations_completed": 100,
    "best_value_history": [
        20.194572214240143,
        20.194572214240143,
        19.2142329528237,
        18.223083095337284,
        17.676093365578033,
        17.676093365578033,
        17.19396698041275,
        17.19396698041275,
        17.19396698041275,
        16.626399079695172,
        14.686443381086757,
        12.628041592873881,
        12.628041592873881,
        11.761037123899735,
        11.534171071203582,
        10.56099165681224,
        9.71333520766487,
        9.71333520766487,
        9.71333520766487,
        9.71121826866799,
        9.71121826866799,
        9.038557374677266,
        8.438386189960738,
        8.438386189960738,
        7.355584611179628,
        6.466043855441207,
        5.687150454372873,
        5.687150454372873,
        5.488368422742436,
        5.488368422742436,
        5.471805207814999,
        4.829112613579511,
        4.829112613579511,
        4.742254013605805,
        4.410054253648958,
        4.172371784706595,
        4.172371784706595,
        4.172371784706595,
        4.172371784706595,
        4.031406414539237,
        3.7548016941213764,
        3.5767403671719653,
        3.5767403671719653,
        3.5767403671719653,
        3.5767403671719653,
        3.5767403671719653,
        3.5767403671719653,
        3.4449057287515576,
        3.3046359485602648,
        3.0637528018053577,
        3.0637528018053577,
        3.0637528018053577,
        3.0637528018053577,
        3.021633986183645,
        2.566081270817517,
        2.036659238823337,
        2.036659238823337,
        2.036659238823337,
        1.9301760586743808,
        1.9301760586743808,
        1.4260340484718594,
        1.4119178564401627,
        0.9859113569028897,
        0.9859113569028897,
        0.9859113569028897,
        0.9275308566020333,
        0.9275308566020333,
        0.7948368912530097,
        0.6813715077335201,
        0.5996317290027879,
        0.4808487653199056,
        0.4808487653199056,
        0.4560074874586957,
        0.4560074874586957,
        0.4404528049353691,
        0.4404528049353691,
        0.39573005367812586,
        0.39573005367812586,
        0.33541886545335275,
        0.33541886545335275,
        0.32989340485588103,
        0.30806115795110545,
        0.27397172821805116,
        0.2147473151707442,
        0.17705665111251223,
        0.1176164672917932,
        0.1176164672917932,
        0.11568307954816648,
        0.10743394860829314,
        0.10743394860829314,
        0.10743394860829314,
        0.09633018899624135,
        0.07177040682712432,
        0.07177040682712432,
        0.044488621844057,
        0.044488621844057,
        0.044488621844057,
        0.042163340732753074,
        0.042163340732753074,
        0.042163340732753074
    ],
    "timing_stats": {
        "total_time_s": 0.23894449998624623,
        "fitness_time_s": 0.2339696999406442,
        "velocity_update_time_s": 0.0018240005010738969,
        "position_update_time_s": 0.0007340997108258307
    },
    "config": {
        "num_particles": 30,
        "dimensions": 10,
        "max_iterations": 100,
        "inertia_weight": 0.7,
        "cognitive_coefficient": 1.5,
        "social_coefficient": 1.5,
        "seed": 4,
        "tolerance": 0.0,
        "stagnation_patience": null,
        "track_history": true
    }
}