{
    "objective": "ackley",
    "evaluation_mode": null,
    "best_value": 0.040278171953052055,
    "best_position": [
        0.012398560432886932,
        0.002869918164500048,
        0.0014531916000604305,
        -0.0156203304858584,
        -0.0004372578825916707,
        -0.005153064555067937,
        -0.01502422400461464,
        -0.008384668772139298,
        -0.007919433295803406,
        0.0039197422315873035
    ],
    "elapsed_time_s": 0.2714234999148175,
    "iterations_completed": 100,
    "best_value_history": [
        19.24239691881108,
        18.728771666527006,
        17.75554862971782,
        17.75554862971782,
        16.969419104983952,
        16.388102033236873,
        12.976667266469052,
        12.976667266469052,
        11.554187403940972,
        9.976995988327916,
        9.976995988327916,
        9.976995988327916,
        9.092866011885928,
        9.092866011885928,
        8.61190320390367,
        8.61190320390367,
        8.239828391471134,
        8.14964203226291,
        8.14964203226291,
        7.110159585596927,
        6.581895288515675,
        6.581895288515675,
        5.975964146286689,
        5.975964146286689,
        5.975964146286689,
        5.686698843424637,
        5.007333263997733,
        5.007333263997733,
        5.007333263997733,
        4.03265408284447,
        3.672179433627751,
        3.672179433627751,
        3.672179433627751,
        3.672179433627751,
        3.672179433627751,
        3.5933531163886596,
        3.5025244179893957,
        3.3786736358584837,
        3.3786736358584837,
        3.3786736358584837,
        3.3786736358584837,
        2.97134881926365,
        2.5190483701258413,
        2.2667598863951146,
        2.2667598863951146,
        1.5278084571076254,
        1.5278084571076254,
        1.5278084571076254,
        1.5278084571076254,
        1.4997938857963011,
        1.4997938857963011,
        1.4997938857963011,
        1.0781353628909653,
        1.0781353628909653,
        0.8051306532011542,
        0.5819609830950552,
        0.5819609830950552,
        0.5819609830950552,
        0.5819609830950552,
        0.5246848831581912,
        0.41749118666793494,
        0.41749118666793494,
        0.41749118666793494,
        0.3898145877991692,
        0.3709885540604252,
        0.3709885540604252,
        0.3709885540604252,
        0.3301922252665439,
        0.3208180434833676,
        0.28503061167330346,
        0.26925698858603697,
        0.25685567728077574,
        0.25685567728077574,
        0.2337805321922315,
        0.1923514593300557,
        0.1923514593300557,
        0.1923514593300557,
        0.18746991807240976,
        0.18630594320966098,
        0.16906063067013521,
        0.16338693653119707,
        0.15613484586521098,
        0.1508749327422163,
        0.14006644156117476,
        0.12700086949826117,
        0.11509581313874095,
        0.11509581313874095,
        0.11004672345282929,
        0.10063120402660575,
        0.09220814066873517,
        0.0712576145598729,
        0.06919761918946721,
        0.055131842606681136,
        0.05258681270804688,
        0.050410959346429696,
        0.050410959346429696,
        0.04581879201142103,
        0.04581879201142103,
        0.040278171953052055,
        0.040278171953052055
    ],
    "swarm_position_history": null,
    "timing_stats": {
        "total_time_s": 0.27141559997107834,
        "fitness_time_s": 0.2656393003417179,
        "velocity_update_time_s": 0.002068899688310921,
        "position_update_time_s": 0.0008850996382534504
    },
    "config": {
        "num_particles": 30,
        "dimensions": 10,
        "max_iterations": 100,
        "inertia_weight": 0.7,
        "cognitive_coefficient": 1.5,
        "social_coefficient": 1.5,
        "seed": 0,
        "tolerance": 0.0,
        "stagnation_patience": null,
        "track_history": true,
        "track_swarm_history": false
    }
}