{
    "objective_name": "rosenbrock",
    "num_runs": 5,
    "mean_best_value": 0.00015137852559536728,
    "std_best_value": 0.0001080295623400638,
    "min_best_value": 1.5693895075306694e-06,
    "max_best_value": 0.0002763247184947305,
    "mean_elapsed_time_s": 0.0648463600082323,
    "std_elapsed_time_s": 0.0016733541116738184,
    "mean_iterations": 500.0,
    "min_iterations": 500,
    "max_iterations": 500
}