{
    "objective_name": "rosenbrock",
    "num_runs": 5,
    "mean_best_value": 0.000273068530079771,
    "std_best_value": 0.00032830353689617834,
    "min_best_value": 4.4566959046565274e-08,
    "max_best_value": 0.0006792550891763562,
    "mean_elapsed_time_s": 0.012800539983436466,
    "std_elapsed_time_s": 0.0002498921773627004,
    "mean_iterations": 100.0,
    "min_iterations": 100,
    "max_iterations": 100,
    "evaluation_mode": "v0"
}