{
    "objective_name": "rosenbrock",
    "num_runs": 5,
    "mean_best_value": 1.4486293045200019e-05,
    "std_best_value": 1.4002529875686797e-05,
    "min_best_value": 1.3154821842266854e-06,
    "max_best_value": 3.703797439259043e-05,
    "mean_elapsed_time_s": 0.0638877599965781,
    "std_elapsed_time_s": 0.0004941007815868573,
    "mean_iterations": 500.0,
    "min_iterations": 500,
    "max_iterations": 500
}