{
    "objective_name": "rosenbrock",
    "num_runs": 5,
    "mean_best_value": 0.002872041153474158,
    "std_best_value": 0.004764865110291463,
    "min_best_value": 7.396386750275714e-06,
    "max_best_value": 0.012318154675296004,
    "mean_elapsed_time_s": 0.014028200018219649,
    "std_elapsed_time_s": 0.0010758628856766112,
    "mean_iterations": 100.0,
    "min_iterations": 100,
    "max_iterations": 100,
    "evaluation_mode": "v0"
}