{
    "objective_name": "rosenbrock",
    "num_runs": 5,
    "mean_best_value": 6.480465263085829e-05,
    "std_best_value": 9.547795659243709e-05,
    "min_best_value": 4.965981423474666e-08,
    "max_best_value": 0.0002527450311802687,
    "mean_elapsed_time_s": 0.0638744999654591,
    "std_elapsed_time_s": 0.0008362811729741866,
    "mean_iterations": 500.0,
    "min_iterations": 500,
    "max_iterations": 500
}