{
    "objective_name": "rosenbrock",
    "num_runs": 5,
    "mean_best_value": 4.632317209143361e-12,
    "std_best_value": 4.861583507442309e-12,
    "min_best_value": 1.050398882926796e-12,
    "max_best_value": 1.3916040884073524e-11,
    "mean_elapsed_time_s": 0.06598422003444285,
    "std_elapsed_time_s": 0.0030259499039382697,
    "mean_iterations": 500.0,
    "min_iterations": 500,
    "max_iterations": 500
}