{
    "objective_name": "rosenbrock",
    "num_runs": 5,
    "mean_best_value": 3.68252721175319e-05,
    "std_best_value": 3.041489928420383e-05,
    "min_best_value": 1.3394901744364055e-05,
    "max_best_value": 9.64341891008689e-05,
    "mean_elapsed_time_s": 0.06577880003023892,
    "std_elapsed_time_s": 0.001951978778795271,
    "mean_iterations": 500.0,
    "min_iterations": 500,
    "max_iterations": 500
}