{
    "objective": "rastrigin",
    "evaluation_mode": "pyswarm",
    "best_value": 3.580285903931809e-10,
    "best_position": [
        2.906174535345171e-07,
        -1.3115611513397012e-06
    ],
    "elapsed_time_s": 0.03400149999652058,
    "iterations_completed": 100,
    "best_value_history": [
        9.371055252627631,
        9.371055252627631,
        9.140063964319301,
        9.140063964319301,
        9.140063964319301,
        8.44882091141044,
        4.322818855737022,
        1.6748547642013907,
        1.2634152969259593,
        1.2634152969259593,
        1.2634152969259593,
        1.2634152969259593,
        1.2634152969259593,
        1.2634152969259593,
        1.2634152969259593,
        1.2634152969259593,
        0.24984064645802584,
        0.24984064645802584,
        0.1731179963990142,
        0.1731179963990142,
        0.1731179963990142,
        0.1731179963990142,
        0.1731179963990142,
        0.1731179963990142,
        0.1731179963990142,
        0.158500085016201,
        0.158500085016201,
        0.158500085016201,
        0.158500085016201,
        0.158500085016201,
        0.158500085016201,
        0.07444192604450037,
        0.07444192604450037,
        0.07444192604450037,
        0.07444192604450037,
        0.07444192604450037,
        0.026060189343254613,
        0.00873912967026723,
        0.00873912967026723,
        0.00873912967026723,
        0.00873912967026723,
        0.00873912967026723,
        0.00873912967026723,
        0.003814235441170062,
        0.003814235441170062,
        0.003814235441170062,
        0.0033875520397046877,
        0.0033875520397046877,
        0.0033875520397046877,
        0.0033875520397046877,
        0.0033875520397046877,
        0.0027087417058819473,
        0.0027087417058819473,
        0.0016892139499398023,
        0.000712419420840846,
        0.0004723627727513063,
        0.0004723627727513063,
        0.00028916111217026854,
        0.00023462540767433553,
        8.059311455469793e-05,
        4.4728624845652713e-05,
        4.3553135437571864e-05,
        1.461008849318218e-05,
        1.461008849318218e-05,
        1.461008849318218e-05,
        1.461008849318218e-05,
        9.35894810645987e-07,
        9.35894810645987e-07,
        9.35894810645987e-07,
        9.35894810645987e-07,
        9.35894810645987e-07,
        9.35894810645987e-07,
        9.35894810645987e-07,
        9.35894810645987e-07,
        9.35894810645987e-07,
        6.389577713818862e-07,
        6.389577713818862e-07,
        2.9996627280766914e-07,
        2.9996627280766914e-07,
        4.211041682947133e-08,
        4.211041682947133e-08,
        4.211041682947133e-08,
        3.445456941242701e-08,
        3.445456941242701e-08,
        3.445456941242701e-08,
        3.445456941242701e-08,
        1.1291613262464756e-08,
        1.1291613262464756e-08,
        5.869150201275892e-09,
        5.869150201275892e-09,
        5.869150201275892e-09,
        5.869150201275892e-09,
        1.3291539995802122e-09,
        1.3291539995802122e-09,
        7.630176217946532e-10,
        7.237319838582132e-10,
        7.237319838582132e-10,
        7.237319838582132e-10,
        3.580285903931809e-10,
        3.580285903931809e-10
    ],
    "swarm_position_history": null,
    "timing_stats": {
        "total_time_s": 0.03400149999652058,
        "fitness_time_s": null,
        "velocity_update_time_s": null,
        "position_update_time_s": null,
        "solver": "pyswarm",
        "solver_messages": [
            "Stopping search: maximum iterations reached --> 100"
        ]
    },
    "config": {
        "num_particles": 30,
        "dimensions": 2,
        "max_iterations": 100,
        "inertia_weight": 0.7,
        "cognitive_coefficient": 1.5,
        "social_coefficient": 1.5,
        "seed": 4,
        "tolerance": 0.0,
        "stagnation_patience": null,
        "track_history": true,
        "track_swarm_history": false
    }
}