{
    "objective": "rastrigin",
    "evaluation_mode": "pyswarm",
    "best_value": 3.006505977031789e-10,
    "best_position": [
        -1.2268973504387774e-06,
        1.0079438841976086e-07
    ],
    "elapsed_time_s": 0.03388729994185269,
    "iterations_completed": 100,
    "best_value_history": [
        12.150066968966723,
        4.378239380426081,
        4.378239380426081,
        4.35734104696034,
        4.078654946651423,
        4.078654946651423,
        2.7029393124174224,
        2.7029393124174224,
        2.7029393124174224,
        2.7029393124174224,
        2.7029393124174224,
        2.214118406179501,
        2.214118406179501,
        2.214118406179501,
        1.8920982889212328,
        0.39961264293749543,
        0.39961264293749543,
        0.39961264293749543,
        0.39961264293749543,
        0.39961264293749543,
        0.39961264293749543,
        0.39961264293749543,
        0.39961264293749543,
        0.2951223569855124,
        0.02670514960053611,
        0.02670514960053611,
        0.02670514960053611,
        0.02670514960053611,
        0.02670514960053611,
        0.02670514960053611,
        0.02670514960053611,
        0.009851017908900004,
        0.009851017908900004,
        0.009851017908900004,
        0.009851017908900004,
        0.009851017908900004,
        0.00885735151387449,
        0.00885735151387449,
        0.00885735151387449,
        0.00885735151387449,
        0.00885735151387449,
        0.003138739875690071,
        0.003138739875690071,
        0.003138739875690071,
        0.0023384431489247527,
        0.0023384431489247527,
        0.0006078833161361698,
        0.0006078833161361698,
        0.0006078833161361698,
        0.0006078833161361698,
        6.518247301732152e-05,
        6.518247301732152e-05,
        6.518247301732152e-05,
        6.518247301732152e-05,
        6.518247301732152e-05,
        6.518247301732152e-05,
        6.518247301732152e-05,
        6.518247301732152e-05,
        4.4846626644239846e-06,
        4.4846626644239846e-06,
        4.4846626644239846e-06,
        4.4846626644239846e-06,
        4.4846626644239846e-06,
        4.4846626644239846e-06,
        4.4846626644239846e-06,
        4.4846626644239846e-06,
        4.4846626644239846e-06,
        9.294229822971916e-07,
        9.294229822971916e-07,
        9.294229822971916e-07,
        9.294229822971916e-07,
        9.294229822971916e-07,
        5.477141261913773e-08,
        5.477141261913773e-08,
        5.477141261913773e-08,
        5.477141261913773e-08,
        5.477141261913773e-08,
        5.477141261913773e-08,
        5.477141261913773e-08,
        5.477141261913773e-08,
        5.477141261913773e-08,
        5.477141261913773e-08,
        5.477141261913773e-08,
        5.477141261913773e-08,
        5.477141261913773e-08,
        4.918384541683908e-08,
        4.918384541683908e-08,
        3.096134304057075e-08,
        3.096134304057075e-08,
        3.096134304057075e-08,
        3.096134304057075e-08,
        3.096134304057075e-08,
        3.096134304057075e-08,
        6.2346281896010665e-09,
        6.2346281896010665e-09,
        6.2346281896010665e-09,
        6.2346281896010665e-09,
        6.2346281896010665e-09,
        6.2346281896010665e-09,
        3.006505977031789e-10
    ],
    "swarm_position_history": null,
    "timing_stats": {
        "total_time_s": 0.03388729994185269,
        "fitness_time_s": null,
        "velocity_update_time_s": null,
        "position_update_time_s": null,
        "solver": "pyswarm",
        "solver_messages": [
            "Stopping search: maximum iterations reached --> 100"
        ]
    },
    "config": {
        "num_particles": 30,
        "dimensions": 2,
        "max_iterations": 100,
        "inertia_weight": 0.7,
        "cognitive_coefficient": 1.5,
        "social_coefficient": 1.5,
        "seed": 0,
        "tolerance": 0.0,
        "stagnation_patience": null,
        "track_history": true,
        "track_swarm_history": false
    }
}