{
    "objective": "rastrigin",
    "evaluation_mode": "pyswarm",
    "best_value": 5.5765783354462945e-09,
    "best_position": [
        3.1772352657341914e-06,
        4.2442961553558765e-06
    ],
    "elapsed_time_s": 0.0338507000124082,
    "iterations_completed": 100,
    "best_value_history": [
        6.454205354712869,
        6.454205354712869,
        6.454205354712869,
        6.454205354712869,
        3.462433910033622,
        0.3821500818288787,
        0.3821500818288787,
        0.3821500818288787,
        0.3821500818288787,
        0.3821500818288787,
        0.019194526991700392,
        0.019194526991700392,
        0.019194526991700392,
        0.019194526991700392,
        0.019194526991700392,
        0.019194526991700392,
        0.019194526991700392,
        0.019194526991700392,
        0.019194526991700392,
        0.019194526991700392,
        0.019194526991700392,
        0.019194526991700392,
        0.0048935029472393565,
        0.0048935029472393565,
        0.0048935029472393565,
        0.0048935029472393565,
        0.0048935029472393565,
        0.0048935029472393565,
        0.0048935029472393565,
        0.0048935029472393565,
        0.0048935029472393565,
        0.0048935029472393565,
        0.0048935029472393565,
        0.0048935029472393565,
        0.0048935029472393565,
        0.0048935029472393565,
        0.0048935029472393565,
        0.0048935029472393565,
        0.004080272666850829,
        0.002383816419606799,
        0.000828281870074853,
        0.0001665488498122142,
        0.0001665488498122142,
        0.0001665488498122142,
        0.0001665488498122142,
        4.188622764400561e-05,
        4.188622764400561e-05,
        1.1114891978724578e-05,
        1.1114891978724578e-05,
        1.1114891978724578e-05,
        1.1114891978724578e-05,
        1.1114891978724578e-05,
        1.1114891978724578e-05,
        1.1114891978724578e-05,
        7.146846598764099e-06,
        5.6994500157939814e-06,
        5.6994500157939814e-06,
        5.6994500157939814e-06,
        5.6994500157939814e-06,
        5.6994500157939814e-06,
        5.6994500157939814e-06,
        5.6994500157939814e-06,
        5.6994500157939814e-06,
        5.6994500157939814e-06,
        5.6994500157939814e-06,
        2.4356375228155745e-07,
        2.4356375228155745e-07,
        2.4356375228155745e-07,
        2.4356375228155745e-07,
        2.4356375228155745e-07,
        2.4356375228155745e-07,
        2.4356375228155745e-07,
        2.4356375228155745e-07,
        2.4356375228155745e-07,
        2.4356375228155745e-07,
        1.5094991670375663e-07,
        1.5094991670375663e-07,
        2.140817886755077e-08,
        2.140817886755077e-08,
        2.140817886755077e-08,
        2.140817886755077e-08,
        2.140817886755077e-08,
        2.140817886755077e-08,
        2.140817886755077e-08,
        2.140817886755077e-08,
        2.140817886755077e-08,
        2.140817886755077e-08,
        2.140817886755077e-08,
        2.140817886755077e-08,
        2.140817886755077e-08,
        2.140817886755077e-08,
        1.951906358917201e-08,
        5.5765783354462945e-09,
        5.5765783354462945e-09,
        5.5765783354462945e-09,
        5.5765783354462945e-09,
        5.5765783354462945e-09,
        5.5765783354462945e-09,
        5.5765783354462945e-09,
        5.5765783354462945e-09
    ],
    "swarm_position_history": null,
    "timing_stats": {
        "total_time_s": 0.0338507000124082,
        "fitness_time_s": null,
        "velocity_update_time_s": null,
        "position_update_time_s": null,
        "solver": "pyswarm",
        "solver_messages": [
            "Stopping search: maximum iterations reached --> 100"
        ]
    },
    "config": {
        "num_particles": 30,
        "dimensions": 2,
        "max_iterations": 100,
        "inertia_weight": 0.7,
        "cognitive_coefficient": 1.5,
        "social_coefficient": 1.5,
        "seed": 2,
        "tolerance": 0.0,
        "stagnation_patience": null,
        "track_history": true,
        "track_swarm_history": false
    }
}