{
    "objective": "rastrigin",
    "evaluation_mode": "pyswarm",
    "best_value": 3.2253839244133783e-09,
    "best_position": [
        -4.7518268574877193e-08,
        4.031794686727466e-06
    ],
    "elapsed_time_s": 0.03418499999679625,
    "iterations_completed": 100,
    "best_value_history": [
        8.716328267552093,
        6.912258534122325,
        5.131122121357972,
        5.131122121357972,
        4.534066330896071,
        4.030518807015232,
        4.030518807015232,
        1.2616206852444587,
        1.2616206852444587,
        1.2616206852444587,
        1.2616206852444587,
        1.2616206852444587,
        1.1098899098833481,
        1.1098899098833481,
        1.1098899098833481,
        0.748339625302126,
        0.748339625302126,
        0.748339625302126,
        0.748339625302126,
        0.3650624864962673,
        0.3650624864962673,
        0.3650624864962673,
        0.09014761217971244,
        0.09014761217971244,
        0.09014761217971244,
        0.09014761217971244,
        0.09014761217971244,
        0.09014761217971244,
        0.09014761217971244,
        0.09014761217971244,
        0.09014761217971244,
        0.02981391616486699,
        0.02981391616486699,
        0.02981391616486699,
        0.0029282496110919418,
        0.0029282496110919418,
        0.0029282496110919418,
        0.0029282496110919418,
        0.002251308170791814,
        0.002251308170791814,
        0.002251308170791814,
        0.002251308170791814,
        0.002251308170791814,
        0.002251308170791814,
        0.002251308170791814,
        0.002251308170791814,
        0.002251308170791814,
        0.00047719871662305844,
        0.00047719871662305844,
        0.00047719871662305844,
        0.00047719871662305844,
        0.00047719871662305844,
        0.0001224347039011145,
        0.0001224347039011145,
        0.0001224347039011145,
        0.0001224347039011145,
        0.0001224347039011145,
        0.0001224347039011145,
        6.145682940274086e-06,
        6.145682940274086e-06,
        6.145682940274086e-06,
        6.145682940274086e-06,
        1.920360522879782e-06,
        1.920360522879782e-06,
        1.920360522879782e-06,
        1.920360522879782e-06,
        1.920360522879782e-06,
        1.920360522879782e-06,
        1.920360522879782e-06,
        1.920360522879782e-06,
        1.920360522879782e-06,
        1.920360522879782e-06,
        1.920360522879782e-06,
        1.920360522879782e-06,
        1.7574519493628433e-06,
        1.7574519493628433e-06,
        1.7574519493628433e-06,
        4.763349473987906e-07,
        4.763349473987906e-07,
        4.763349473987906e-07,
        4.763349473987906e-07,
        4.763349473987906e-07,
        4.763349473987906e-07,
        9.663327664788286e-08,
        9.663327664788286e-08,
        9.663327664788286e-08,
        3.812779537201534e-08,
        3.812779537201534e-08,
        3.186013921463252e-08,
        1.111173641132532e-08,
        1.111173641132532e-08,
        1.111173641132532e-08,
        1.111173641132532e-08,
        1.111173641132532e-08,
        6.284415070032047e-09,
        4.605945012848235e-09,
        4.605945012848235e-09,
        4.605945012848235e-09,
        4.605945012848235e-09,
        3.2253839244133783e-09
    ],
    "swarm_position_history": null,
    "timing_stats": {
        "total_time_s": 0.03418499999679625,
        "fitness_time_s": null,
        "velocity_update_time_s": null,
        "position_update_time_s": null,
        "solver": "pyswarm",
        "solver_messages": [
            "Stopping search: maximum iterations reached --> 100"
        ]
    },
    "config": {
        "num_particles": 30,
        "dimensions": 2,
        "max_iterations": 100,
        "inertia_weight": 0.7,
        "cognitive_coefficient": 1.5,
        "social_coefficient": 1.5,
        "seed": 3,
        "tolerance": 0.0,
        "stagnation_patience": null,
        "track_history": true,
        "track_swarm_history": false
    }
}