{
    "objective": "rastrigin",
    "evaluation_mode": "pyswarm",
    "best_value": 4.3341413349631564e-10,
    "best_position": [
        -1.2612601735707862e-06,
        -7.706229396082236e-07
    ],
    "elapsed_time_s": 0.03663959994446486,
    "iterations_completed": 100,
    "best_value_history": [
        6.835771329282488,
        3.8685066900702987,
        3.8685066900702987,
        3.8685066900702987,
        3.8685066900702987,
        3.8685066900702987,
        3.8685066900702987,
        3.1147582068453272,
        2.1524503929284187,
        1.1297257401107832,
        1.1297257401107832,
        0.40331378241339233,
        0.40331378241339233,
        0.40331378241339233,
        0.40331378241339233,
        0.40331378241339233,
        0.40331378241339233,
        0.23484304096040393,
        0.23484304096040393,
        0.23484304096040393,
        0.23484304096040393,
        0.23484304096040393,
        0.23484304096040393,
        0.23484304096040393,
        0.23484304096040393,
        0.1842944062646713,
        0.1842944062646713,
        0.02520049797696822,
        0.02520049797696822,
        0.02520049797696822,
        0.015831390051860544,
        0.015831390051860544,
        0.015831390051860544,
        0.015831390051860544,
        0.015831390051860544,
        0.002469656799007742,
        0.002469656799007742,
        0.002469656799007742,
        0.002469656799007742,
        2.2820286887110888e-05,
        2.2820286887110888e-05,
        2.2820286887110888e-05,
        2.2820286887110888e-05,
        2.2820286887110888e-05,
        2.2820286887110888e-05,
        2.2820286887110888e-05,
        2.2820286887110888e-05,
        2.2820286887110888e-05,
        2.2820286887110888e-05,
        1.0626862421889832e-05,
        1.0626862421889832e-05,
        1.0626862421889832e-05,
        1.0626862421889832e-05,
        1.0626862421889832e-05,
        7.138769324885237e-06,
        7.138769324885237e-06,
        7.138769324885237e-06,
        4.824490143953202e-06,
        4.824490143953202e-06,
        4.824490143953202e-06,
        4.824490143953202e-06,
        4.824490143953202e-06,
        1.7253393485154867e-06,
        1.7253393485154867e-06,
        2.4934112513959054e-07,
        2.4934112513959054e-07,
        2.4934112513959054e-07,
        2.4934112513959054e-07,
        2.4934112513959054e-07,
        2.4934112513959054e-07,
        2.4934112513959054e-07,
        2.4934112513959054e-07,
        2.4934112513959054e-07,
        2.4934112513959054e-07,
        1.2165690067732928e-08,
        1.2165690067732928e-08,
        1.2165690067732928e-08,
        1.2165690067732928e-08,
        1.2165690067732928e-08,
        1.2165690067732928e-08,
        1.2165690067732928e-08,
        1.0346780563115758e-08,
        1.0346780563115758e-08,
        1.0346780563115758e-08,
        1.0346780563115758e-08,
        4.252433375066007e-09,
        4.252433375066007e-09,
        3.236006789586678e-09,
        3.236006789586678e-09,
        3.236006789586678e-09,
        3.236006789586678e-09,
        3.077279720673697e-09,
        3.077279720673697e-09,
        2.8845572314793907e-09,
        2.33067174582586e-09,
        4.3341413349631564e-10,
        4.3341413349631564e-10,
        4.3341413349631564e-10,
        4.3341413349631564e-10,
        4.3341413349631564e-10
    ],
    "swarm_position_history": null,
    "timing_stats": {
        "total_time_s": 0.03663959994446486,
        "fitness_time_s": null,
        "velocity_update_time_s": null,
        "position_update_time_s": null,
        "solver": "pyswarm",
        "solver_messages": [
            "Stopping search: maximum iterations reached --> 100"
        ]
    },
    "config": {
        "num_particles": 30,
        "dimensions": 2,
        "max_iterations": 100,
        "inertia_weight": 0.7,
        "cognitive_coefficient": 1.5,
        "social_coefficient": 1.5,
        "seed": 1,
        "tolerance": 0.0,
        "stagnation_patience": null,
        "track_history": true,
        "track_swarm_history": false
    }
}