{
    "objective": "sphere",
    "evaluation_mode": null,
    "best_value": 2.4268021780544765e-08,
    "best_position": [
        -4.841927184777948e-06,
        8.401474231570115e-07,
        -2.7367452150450035e-06,
        -7.618787560577199e-06,
        -4.361625157288981e-06,
        -1.0506687430325255e-05,
        -3.182770097461612e-05,
        0.00013727497881567673,
        3.688055506608909e-05,
        7.796826253512862e-06,
        -1.0549660739907053e-05,
        3.1477879778456612e-06,
        6.2087835245819825e-06,
        1.5834945243691978e-05,
        -1.7822052658434314e-05,
        2.8655686108422713e-06,
        6.579210735252805e-08,
        5.5265913845208234e-06,
        2.3889656041581405e-07,
        -6.616060325075644e-06,
        -5.743846561987879e-06,
        1.2652841739229308e-05,
        1.197989339701768e-05,
        -9.033584134533627e-06,
        6.123288444366579e-06,
        -1.817273031999378e-05,
        7.986968591521694e-06,
        3.2556796608071626e-05,
        -2.3329207339296804e-06,
        -6.685025760659796e-06
    ],
    "elapsed_time_s": 0.5469852000242099,
    "iterations_completed": 500,
    "best_value_history": [
        118.02088076008695,
        110.1767980149465,
        96.88276026233721,
        96.88276026233721,
        96.88276026233721,
        96.88276026233721,
        96.88276026233721,
        90.09050693585725,
        79.29358767925254,
        73.492209037269,
        70.33672610542739,
        68.21664207660372,
        66.79928294234657,
        63.565214820447046,
        45.863205816658564,
        45.863205816658564,
        45.863205816658564,
        41.837163606505555,
        37.649209629366126,
        37.649209629366126,
        37.649209629366126,
        36.42549027618355,
        36.42549027618355,
        32.742924050758724,
        30.812288604727687,
        30.22431529944755,
        28.21712733015464,
        28.03456676268299,
        28.03456676268299,
        27.599900842246562,
        26.875636064481,
        24.88266806032752,
        21.813153354461413,
        21.72983301113673,
        20.5409764331181,
        20.5409764331181,
        20.307086340851942,
        18.422682229607236,
        18.324055848817828,
        16.754723114374816,
        14.706907346064359,
        12.064575667427016,
        11.652567968490576,
        9.994897365022958,
        9.73516004442519,
        9.608856772177504,
        9.21611417137353,
        8.075698300382719,
        8.075698300382719,
        8.075698300382719,
        7.52417607067683,
        6.684085196183908,
        5.144251958494419,
        4.9501819157282085,
        4.9501819157282085,
        4.8535979465029255,
        4.165924640563762,
        4.1171674514933425,
        3.981071131267801,
        3.660466873599606,
        3.557884182874317,
        3.557884182874317,
        3.351399666037009,
        3.351399666037009,
        3.067752135831089,
        2.9974052641822606,
        2.886800091895102,
        2.886800091895102,
        2.830039527641094,
        2.830039527641094,
        2.6501566241257515,
        2.595192163907488,
        2.595192163907488,
        2.524468903998981,
        2.0156733724135476,
        1.8265196503720238,
        1.7150632748344652,
        1.7150632748344652,
        1.6052036738941244,
        1.541476437035349,
        1.471468646064253,
        1.3413523259954965,
        1.3413523259954965,
        1.3413523259954965,
        1.3413523259954965,
        1.237254500577651,
        1.2128608485069394,
        1.2128608485069394,
        1.1159578516757274,
        0.971266243338292,
        0.8344582980272872,
        0.8108140089041528,
        0.7177071624431006,
        0.6443655091465735,
        0.608688910880194,
        0.4626785043136922,
        0.4300286254193267,
        0.3587846929749385,
        0.3587846929749385,
        0.3197046743157831,
        0.31660634255960485,
        0.31660634255960485,
        0.31660634255960485,
        0.31660634255960485,
        0.29560066359591297,
        0.29560066359591297,
        0.2818592571265698,
        0.26279794255343125,
        0.22317854555862224,
        0.2178133036908862,
        0.21075123650397146,
        0.21075123650397146,
        0.21075123650397146,
        0.16508946471420352,
        0.16508946471420352,
        0.16508946471420352,
        0.15768918043499539,
        0.15072430308369997,
        0.14751206241860337,
        0.1236619144208109,
        0.1236619144208109,
        0.1236619144208109,
        0.1216546890694201,
        0.10662247452330366,
        0.08857546524296868,
        0.0802357226281732,
        0.0802357226281732,
        0.0802357226281732,
        0.07209709543325284,
        0.07209709543325284,
        0.07209709543325284,
        0.07005651769479171,
        0.06944856860684123,
        0.06418068107711382,
        0.06418068107711382,
        0.05644074283541234,
        0.0487013861389663,
        0.0487013861389663,
        0.0487013861389663,
        0.04072559893143988,
        0.04072559893143988,
        0.038035547154915104,
        0.03503051215977209,
        0.02925311748787033,
        0.02758785892286539,
        0.02758785892286539,
        0.026937116263637616,
        0.026937116263637616,
        0.026018435167208028,
        0.026018435167208028,
        0.02589478072516294,
        0.024445373067085573,
        0.02345828308353636,
        0.020988865795097945,
        0.02042238843880648,
        0.02042238843880648,
        0.01875211058058742,
        0.01875211058058742,
        0.01865885807870604,
        0.017386016864973423,
        0.01579978149997895,
        0.01579978149997895,
        0.01579978149997895,
        0.014600415116767082,
        0.01380330293358873,
        0.01380330293358873,
        0.01323499378175573,
        0.01323499378175573,
        0.011992230477200381,
        0.011933176364569654,
        0.011514810836604921,
        0.010337443611463302,
        0.008925252140544382,
        0.007638790327591762,
        0.0069184665741417635,
        0.0069184665741417635,
        0.006879487646831057,
        0.006879487646831057,
        0.006879487646831057,
        0.006274204043751616,
        0.006274204043751616,
        0.006274204043751616,
        0.005908987303416227,
        0.005051102612508256,
        0.00441672737695637,
        0.004017328056926002,
        0.004017328056926002,
        0.004017328056926002,
        0.003956532666439714,
        0.003956532666439714,
        0.003946230044885727,
        0.0037540139348773765,
        0.003663167126964659,
        0.003046031016222789,
        0.002934324448656914,
        0.002724451388438557,
        0.002620162563324554,
        0.002620162563324554,
        0.002620162563324554,
        0.0024057597502003055,
        0.0024057597502003055,
        0.002371040919615242,
        0.0019944706304836917,
        0.001980190909822463,
        0.0015531660171691694,
        0.001537561551438933,
        0.0014358188631938427,
        0.0014144236221494526,
        0.0012962490742147784,
        0.001148360943433487,
        0.0010168369501093598,
        0.0010168369501093598,
        0.0010168369501093598,
        0.0010168369501093598,
        0.0009577727554162991,
        0.0009577727554162991,
        0.0008796437629680587,
        0.0008796437629680587,
        0.0008613158450250779,
        0.0007495477735637764,
        0.0007495477735637764,
        0.0007083939905963861,
        0.0006613394036808144,
        0.0006613394036808144,
        0.0005436871250945101,
        0.0005436871250945101,
        0.0005436871250945101,
        0.0005436871250945101,
        0.00046594163284843754,
        0.0003906951911481657,
        0.00033412077904882207,
        0.00033412077904882207,
        0.00033412077904882207,
        0.0003266424951034526,
        0.0003266424951034526,
        0.00021247750610734826,
