{
    "objective": "sphere",
    "evaluation_mode": null,
    "best_value": 0.48721631533217785,
    "best_position": [
        0.20339164834023957,
        0.09327057430116627,
        0.05114097546399923,
        0.09563379698531992,
        -0.08998726685565281,
        0.031917808810516764,
        0.010830154476127618,
        -0.050316987670324234,
        -0.02827144015435256,
        0.1298950155066712,
        -0.26376463375334647,
        -0.010841889199545204,
        0.12047037940236414,
        -0.12256408871771662,
        -0.09587488832094083,
        0.001814069836709075,
        -0.04183634802495102,
        0.11738238288442072,
        0.009640958882777207,
        0.07475576596539672,
        0.13375793445837944,
        0.053629451417675104,
        0.06799296339269523,
        -0.016222164714314896,
        0.08410312153953939,
        0.11760497675063045,
        0.4298868066230738,
        -0.07803729643750806,
        0.08936464374476699,
        0.14451207647452252
    ],
    "elapsed_time_s": 0.23987320001469925,
    "iterations_completed": 100,
    "best_value_history": [
        136.42316284996517,
        136.42316284996517,
        136.42316284996517,
        127.12845551239843,
        119.02817168500253,
        119.02817168500253,
        119.02817168500253,
        102.86362366099051,
        95.14222324223297,
        95.14222324223297,
        93.46147407746933,
        76.43643041609333,
        76.43643041609333,
        75.49782406881303,
        66.41804673836506,
        51.40376513911851,
        47.44058827931975,
        43.835670387816045,
        41.21471832241842,
        37.04055154292234,
        37.04055154292234,
        37.04055154292234,
        37.04055154292234,
        29.581111525866472,
        26.51953240364429,
        26.51953240364429,
        26.51953240364429,
        22.66644178644405,
        22.66644178644405,
        21.60743624932778,
        21.60743624932778,
        21.60743624932778,
        18.150529606485964,
        16.753806678085628,
        16.348454325277725,
        16.348454325277725,
        15.425989032192899,
        13.087071559143247,
        13.023428274872261,
        13.023428274872261,
        11.968234255252261,
        11.968234255252261,
        10.905587269515575,
        10.86097678198598,
        10.394664854031257,
        8.385752737481313,
        8.385752737481313,
        8.385752737481313,
        7.769385915113782,
        7.6109260055034405,
        6.974326640067204,
        6.844713305739141,
        6.620500861804882,
        6.33205145073054,
        5.867055067366688,
        5.727525819712819,
        5.506403487304931,
        5.002435289873301,
        4.76005444846032,
        4.407496055079127,
        4.210368453515191,
        3.8679351481568056,
        2.9662951761441745,
        2.9371043730500377,
        2.7458259165480685,
        2.6930531343500523,
        2.163068062415596,
        2.0677700109877892,
        1.8888958309122956,
        1.8265938796101098,
        1.5996385770871577,
        1.5996385770871577,
        1.502520515883091,
        1.502520515883091,
        1.502520515883091,
        1.4292143926978627,
        1.3414414140470374,
        1.2345937694563724,
        1.2345937694563724,
        1.2345937694563724,
        1.2081219080831265,
        1.1236633591185772,
        1.0476344908615354,
        0.9793652542340914,
        0.9355609127560423,
        0.8547038742834531,
        0.8547038742834531,
        0.7660333788367182,
        0.7517080996471043,
        0.7339423372740804,
        0.6830359913767499,
        0.6709228100612642,
        0.6190089985340702,
        0.6190089985340702,
        0.6058819888768607,
        0.6058819888768607,
        0.5810601249426067,
        0.5615456759678076,
        0.5122056195047469,
        0.48721631533217785
    ],
    "config": {
        "num_particles": 30,
        "dimensions": 30,
        "max_iterations": 100,
        "inertia_weight": 0.7,
        "cognitive_coefficient": 1.5,
        "social_coefficient": 1.5,
        "seed": 2,
        "tolerance": 0.0,
        "stagnation_patience": null,
        "track_history": true
    }
}