{
    "objective": "sphere",
    "evaluation_mode": null,
    "best_value": 2.4663171996539066e-08,
    "best_position": [
        -7.634649283037937e-06,
        -1.7222042003698383e-05,
        -1.3606752216331415e-05,
        3.442197346978195e-05,
        3.709153329452188e-06,
        -7.478744091482552e-08,
        -3.6379849047884564e-06,
        1.4337593819045468e-05,
        -1.5614113043491658e-05,
        2.0159791714458916e-05,
        6.652169216531817e-07,
        -2.0841195886435015e-05,
        -8.277706758176879e-05,
        1.1890906786614122e-05,
        -3.6630491196564564e-06,
        8.829817604481017e-06,
        -7.591621428458154e-05,
        3.060166519920784e-05,
        7.790990211399737e-06,
        -4.108344979123184e-05,
        -1.1633227728314906e-05,
        1.6092532311971963e-06,
        1.3253787836454855e-05,
        1.3998049529762918e-07,
        -3.03337712623135e-06,
        7.002488581167253e-05,
        1.287680377264818e-05,
        2.3438253803377193e-06,
        2.5865293010702172e-05,
        -4.580019527396346e-06
    ],
    "elapsed_time_s": 0.5893765999935567,
    "iterations_completed": 500,
    "best_value_history": [
        95.87012336305918,
        95.87012336305918,
        95.87012336305918,
        95.87012336305918,
        95.87012336305918,
        82.80622058348422,
        75.82611230798979,
        75.60992273475065,
        75.60992273475065,
        71.96437842888713,
        71.5595293450159,
        68.04679523903924,
        62.57835996474169,
        62.57835996474169,
        51.21508946659986,
        51.21508946659986,
        45.765382781268755,
        45.765382781268755,
        42.240865627437614,
        40.403534118345256,
        35.387139008013456,
        34.323792297950085,
        34.323792297950085,
        32.69246103650044,
        32.188937215209215,
        30.167912371027633,
        30.167912371027633,
        28.878880858222754,
        26.28853901166252,
        23.279158046993526,
        22.608112907977556,
        21.34863202226876,
        19.864988688322345,
        19.864988688322345,
        19.85294637342523,
        19.85294637342523,
        19.715997659193473,
        19.28831957355124,
        16.02984646016667,
        15.949002259600103,
        14.520888047672942,
        14.100436702959934,
        13.285615780707015,
        12.154258058899604,
        11.049160390024673,
        10.609457752139457,
        10.570334925262856,
        10.570334925262856,
        10.570334925262856,
        10.570334925262856,
        10.498377221217808,
        9.832212349796627,
        9.332487995732741,
        7.73831465569501,
        7.73831465569501,
        6.862190415430141,
        5.994523959519989,
        5.961907733991477,
        5.961907733991477,
        5.961907733991477,
        5.611883332105032,
        5.166252544616374,
        4.267724883154554,
        2.730022710322561,
        2.730022710322561,
        2.730022710322561,
        2.730022710322561,
        2.488498999070374,
        2.488498999070374,
        2.488498999070374,
        2.488498999070374,
        2.2820276847823227,
        2.2820276847823227,
        2.0324864806572744,
        2.0324864806572744,
        2.0213276046747337,
        1.7391846215310058,
        1.7391846215310058,
        1.7228107579471095,
        1.7228107579471095,
        1.7228107579471095,
        1.7011044364395655,
        1.7011044364395655,
        1.6363214284606067,
        1.4498716113525563,
        1.2326702410845423,
        1.2211690550078649,
        1.2211690550078649,
        1.1811395680675836,
        1.150801771712682,
        1.0704971606159328,
        1.0555912973784767,
        0.895186492853388,
        0.6896836702708555,
        0.6896836702708555,
        0.5945966921884362,
        0.5945966921884362,
        0.5945966921884362,
        0.5945966921884362,
        0.5592206112095416,
        0.44188749389752585,
        0.44188749389752585,
        0.42673692404487423,
        0.42673692404487423,
        0.42673692404487423,
        0.38870724951952623,
        0.38870724951952623,
        0.3414536350898161,
        0.306472544552475,
        0.306472544552475,
        0.24872378847834326,
        0.24872378847834326,
        0.24872378847834326,
        0.24872378847834326,
        0.24872378847834326,
        0.24872378847834326,
        0.2421378821957134,
        0.23112855649654163,
        0.22561234351537163,
        0.22406806497791582,
        0.2192186448747352,
        0.21794699463275125,
        0.2177839779562243,
        0.21185631868954943,
        0.21185631868954943,
        0.21170026522064211,
        0.20306234268948317,
        0.18507845266665426,
        0.18082091343002885,
        0.16350814848553652,
        0.16350814848553652,
        0.16350814848553652,
        0.14938453207612112,
        0.1471785131146321,
        0.13874319623754636,
        0.12536648539781786,
        0.11543162392016582,
        0.10896083278786808,
        0.10078241222165152,
        0.09105235687845598,
        0.07602681956056628,
        0.07602681956056628,
        0.06325838165095841,
        0.05382303773012838,
        0.04798878746758824,
        0.04316092904234947,
        0.04316092904234947,
        0.03941511663538135,
        0.03584144891528942,
        0.032809236551858335,
        0.032809236551858335,
        0.032809236551858335,
        0.0293265239338573,
        0.027905371292554625,
        0.02745909121825706,
        0.026122179721442408,
        0.026122179721442408,
        0.026122179721442408,
        0.02488673870918131,
        0.021340991072474308,
        0.02105554850215264,
        0.02105554850215264,
        0.01982281741841614,
        0.0191663980737436,
        0.017786971477450984,
        0.017786971477450984,
        0.017786971477450984,
        0.017638281612708615,
        0.017222946433260396,
        0.016340019497075736,
        0.016340019497075736,
        0.016204047497329586,
        0.0161059399198567,
        0.0161059399198567,
        0.015753731271230097,
        0.015451911626887327,
        0.014171968215862972,
        0.014171968215862972,
        0.014171968215862972,
        0.014171968215862972,
        0.014171968215862972,
        0.013807199556390324,
        0.013807199556390324,
        0.013136389114262579,
        0.012747648915922637,
        0.012052325239299309,
        0.012052325239299309,
        0.011943307015676,
        0.011475400995574413,
        0.011177959985864317,
        0.011177959985864317,
        0.010972473677142961,
        0.010972473677142961,
        0.010972473677142961,
        0.01081759055696881,
        0.01058914885665933,
        0.01058914885665933,
        0.010492095211355563,
        0.010492095211355563,
        0.010342883784793403,
        0.010135232633704671,
        0.009787758021679189,
        0.009612381859209915,
        0.009454466543054764,
        0.009240121369407986,
        0.008842660664470672,
        0.008364622783532278,
        0.008130507654157418,
        0.007774766951798312,
        0.007237414161053839,
        0.0070717295095571,
        0.006493575896745462,
        0.006154585471376471,
        0.005726834410841981,
        0.0049982821301920504,
        0.004489326080426056,
        0.00349984733339252,
        0.002831436870128312,
        0.0025733052850682443,
        0.002468663194813359,
        0.002425624324345288,
        0.002389953342313632,
        0.0022379695631178434,
        0.0021034569014986375,
        0.0019637530738989407,
        0.0019637530738989407,
        0.0019637530738989407,
        0.0018557034147783532,
        0.0017464752803507603,
        0.0016426759488186217,
        0.0014411165737497772,
        0.001430700170470174,
        0.0014223639342801633,
        0.0012796950915784653,
        0.0011883477706516679,
        0.0011577510372233742,
        0.0010272642924353196,
