{
    "objective_name": "rosenbrock",
    "num_runs": 5,
    "mean_best_value": 365.08846826300487,
    "std_best_value": 62.00027687266341,
    "min_best_value": 271.13633908503476,
    "max_best_value": 442.0971949902525,
    "mean_elapsed_time_s": 0.013798700028564781,
    "std_elapsed_time_s": 0.00041124619058992973,
    "mean_iterations": 100.0,
    "min_iterations": 100,
    "max_iterations": 100
}