{
    "objective_name": "rosenbrock",
    "num_runs": 5,
    "mean_best_value": 1379.5013817855672,
    "std_best_value": 645.2012238186289,
    "min_best_value": 909.2171373093096,
    "max_best_value": 2645.3286182723596,
    "mean_elapsed_time_s": 0.01359167997725308,
    "std_elapsed_time_s": 0.0001849856185761429,
    "mean_iterations": 100.0,
    "min_iterations": 100,
    "max_iterations": 100
}