{
    "objective_name": "rosenbrock",
    "num_runs": 5,
    "mean_best_value": 458.732014560923,
    "std_best_value": 339.11036307315976,
    "min_best_value": 218.11624976863303,
    "max_best_value": 1129.7755528799437,
    "mean_elapsed_time_s": 0.013470659987069667,
    "std_elapsed_time_s": 4.2685493869617154e-05,
    "mean_iterations": 100.0,
    "min_iterations": 100,
    "max_iterations": 100
}