{
    "objective_name": "rosenbrock",
    "num_runs": 5,
    "mean_best_value": 3124.6328724999107,
    "std_best_value": 430.95834276371755,
    "min_best_value": 2583.2731911518113,
    "max_best_value": 3737.929558103366,
    "mean_elapsed_time_s": 0.013488280004821718,
    "std_elapsed_time_s": 8.88515297918775e-05,
    "mean_iterations": 100.0,
    "min_iterations": 100,
    "max_iterations": 100
}