{
    "objective_name": "rosenbrock",
    "num_runs": 5,
    "mean_best_value": 223.53572037545092,
    "std_best_value": 71.02151588174782,
    "min_best_value": 147.09570047999702,
    "max_best_value": 358.38763582235254,
    "mean_elapsed_time_s": 0.013591660000383855,
    "std_elapsed_time_s": 0.00014056570306035258,
    "mean_iterations": 100.0,
    "min_iterations": 100,
    "max_iterations": 100
}