{
    "objective_name": "rosenbrock",
    "num_runs": 5,
    "mean_best_value": 392.66602423234724,
    "std_best_value": 392.5496997892094,
    "min_best_value": 175.89793061197363,
    "max_best_value": 1176.47344417417,
    "mean_elapsed_time_s": 0.013504739990457893,
    "std_elapsed_time_s": 0.00010568304900707196,
    "mean_iterations": 100.0,
    "min_iterations": 100,
    "max_iterations": 100
}