{
    "objective_name": "rosenbrock",
    "num_runs": 5,
    "mean_best_value": 501.43906819994606,
    "std_best_value": 153.6638531836072,
    "min_best_value": 311.48549344667987,
    "max_best_value": 729.8942259843533,
    "mean_elapsed_time_s": 0.013406319997739048,
    "std_elapsed_time_s": 1.5877952439956494e-05,
    "mean_iterations": 100.0,
    "min_iterations": 100,
    "max_iterations": 100
}