{
    "objective_name": "rosenbrock",
    "num_runs": 5,
    "mean_best_value": 255.21732899343937,
    "std_best_value": 172.71324965066282,
    "min_best_value": 110.08944115645613,
    "max_best_value": 589.186817709309,
    "mean_elapsed_time_s": 0.01346804000204429,
    "std_elapsed_time_s": 5.0670122757803984e-05,
    "mean_iterations": 100.0,
    "min_iterations": 100,
    "max_iterations": 100
}