{
    "objective_name": "rosenbrock",
    "num_runs": 5,
    "mean_best_value": 4869.328937277127,
    "std_best_value": 1275.0512782232888,
    "min_best_value": 3441.1518099795535,
    "max_best_value": 7146.675260995657,
    "mean_elapsed_time_s": 0.013473679986782372,
    "std_elapsed_time_s": 0.00018025917426559788,
    "mean_iterations": 100.0,
    "min_iterations": 100,
    "max_iterations": 100
}