{
    "objective_name": "rosenbrock",
    "num_runs": 5,
    "mean_best_value": 448.62169172557316,
    "std_best_value": 137.81675322129428,
    "min_best_value": 247.4355163879515,
    "max_best_value": 595.639534006413,
    "mean_elapsed_time_s": 0.013600619987118989,
    "std_elapsed_time_s": 4.5238262528893084e-05,
    "mean_iterations": 100.0,
    "min_iterations": 100,
    "max_iterations": 100
}