{
    "objective_name": "rosenbrock",
    "num_runs": 5,
    "mean_best_value": 278.08165633392156,
    "std_best_value": 72.08220624452336,
    "min_best_value": 200.7095623630795,
    "max_best_value": 399.9907226631125,
    "mean_elapsed_time_s": 0.013803219969850034,
    "std_elapsed_time_s": 0.00043128345396200636,
    "mean_iterations": 100.0,
    "min_iterations": 100,
    "max_iterations": 100
}