{
    "objective": "rastrigin",
    "evaluation_mode": null,
    "best_value": 4.278177812011563e-11,
    "best_position": [
        -6.802952485323998e-08,
        4.5934718521686876e-07
    ],
    "elapsed_time_s": 0.025115099997492507,
    "iterations_completed": 100,
    "best_value_history": [
        1.4144118672594033,
        1.225741753348224,
        1.225741753348224,
        1.225741753348224,
        0.9492339080492584,
        0.8448431184348486,
        0.8448431184348486,
        0.8448431184348486,
        0.1024032988517547,
        0.1024032988517547,
        0.1024032988517547,
        0.01703087601887532,
        0.01703087601887532,
        0.01703087601887532,
        0.006671185782067823,
        0.006671185782067823,
        0.006671185782067823,
        0.006671185782067823,
        0.006671185782067823,
        0.006671185782067823,
        0.006671185782067823,
        0.006671185782067823,
        0.006671185782067823,
        0.006671185782067823,
        0.006671185782067823,
        0.006671185782067823,
        0.006671185782067823,
        0.006671185782067823,
        0.006671185782067823,
        0.006671185782067823,
        0.0022751124367133,
        0.000105304131814421,
        0.000105304131814421,
        0.000105304131814421,
        0.000105304131814421,
        0.000105304131814421,
        0.000105304131814421,
        0.000105304131814421,
        0.000105304131814421,
        0.000105304131814421,
        0.000105304131814421,
        0.000105304131814421,
        0.000105304131814421,
        0.000105304131814421,
        4.161961236093248e-06,
        4.161961236093248e-06,
        4.161961236093248e-06,
        4.161961236093248e-06,
        4.161961236093248e-06,
        4.161961236093248e-06,
        4.161961236093248e-06,
        4.161961236093248e-06,
        4.161961236093248e-06,
        4.161961236093248e-06,
        4.161961236093248e-06,
        4.161961236093248e-06,
        4.161961236093248e-06,
        4.161961236093248e-06,
        4.161961236093248e-06,
        4.161961236093248e-06,
        4.161961236093248e-06,
        4.161961236093248e-06,
        4.161961236093248e-06,
        4.161961236093248e-06,
        1.6742131130342841e-06,
        1.6742131130342841e-06,
        1.485706771831019e-06,
        1.485706771831019e-06,
        6.711078448518037e-07,
        2.465318260647109e-08,
        2.465318260647109e-08,
        2.465318260647109e-08,
        2.465318260647109e-08,
        7.695817316744069e-09,
        7.695817316744069e-09,
        6.332889768145833e-10,
        6.332889768145833e-10,
        6.332889768145833e-10,
        6.332889768145833e-10,
        6.332889768145833e-10,
        6.332889768145833e-10,
        6.332889768145833e-10,
        6.332889768145833e-10,
        6.332889768145833e-10,
        6.332889768145833e-10,
        6.332889768145833e-10,
        6.332889768145833e-10,
        4.278177812011563e-11,
        4.278177812011563e-11,
        4.278177812011563e-11,
        4.278177812011563e-11,
        4.278177812011563e-11,
        4.278177812011563e-11,
        4.278177812011563e-11,
        4.278177812011563e-11,
        4.278177812011563e-11,
        4.278177812011563e-11,
        4.278177812011563e-11,
        4.278177812011563e-11,
        4.278177812011563e-11
    ],
    "config": {
        "num_particles": 30,
        "dimensions": 2,
        "max_iterations": 100,
        "inertia_weight": 0.7,
        "cognitive_coefficient": 1.5,
        "social_coefficient": 1.5,
        "seed": 2,
        "tolerance": 0.0,
        "stagnation_patience": null,
        "track_history": true
    }
}