{
    "objective": "ackley",
    "evaluation_mode": null,
    "best_value": 4.440892098500626e-16,
    "best_position": [
        -1.1652398811184233e-16,
        -7.245840987293175e-18
    ],
    "elapsed_time_s": 0.2348437000764534,
    "iterations_completed": 500,
    "best_value_history": [
        9.907119597103314,
        6.481988450350293,
        3.6116644986155007,
        3.093264547275734,
        2.8695269388384834,
        2.8695269388384834,
        2.8695269388384834,
        2.8695269388384834,
        2.8695269388384834,
        2.8695269388384834,
        2.8695269388384834,
        2.084042377006853,
        2.084042377006853,
        2.084042377006853,
        1.9316834669745515,
        0.6045717821944234,
        0.6045717821944234,
        0.6045717821944234,
        0.6045717821944234,
        0.27617831161181927,
        0.27617831161181927,
        0.2586034235407877,
        0.09174610099635006,
        0.09174610099635006,
        0.06786617295474118,
        0.06786617295474118,
        0.06786617295474118,
        0.029768919535716254,
        0.029768919535716254,
        0.029768919535716254,
        0.029768919535716254,
        0.029768919535716254,
        0.016440625168290257,
        0.016440625168290257,
        0.016440625168290257,
        0.016440625168290257,
        0.016440625168290257,
        0.016440625168290257,
        0.01571746495414006,
        0.002698209249456074,
        0.002698209249456074,
        0.002698209249456074,
        0.001639127771146054,
        0.001639127771146054,
        0.001639127771146054,
        0.001639127771146054,
        0.001639127771146054,
        0.001639127771146054,
        0.001639127771146054,
        0.001454517644223774,
        0.001454517644223774,
        0.001454517644223774,
        0.001454517644223774,
        0.001454517644223774,
        0.001454517644223774,
        0.001454517644223774,
        0.001454517644223774,
        0.001454517644223774,
        0.001454517644223774,
        0.0012372012874668492,
        0.0012372012874668492,
        0.0007745335235616047,
        0.0007745335235616047,
        0.0007634727713541345,
        0.0007634727713541345,
        0.0007137633432532375,
        0.0005558676446644206,
        0.0005558676446644206,
        0.0002953737880351248,
        0.0002953737880351248,
        4.339383724571988e-05,
        4.339383724571988e-05,
        4.339383724571988e-05,
        4.339383724571988e-05,
        4.339383724571988e-05,
        4.339383724571988e-05,
        4.339383724571988e-05,
        4.339383724571988e-05,
        4.339383724571988e-05,
        4.339383724571988e-05,
        4.339383724571988e-05,
        4.339383724571988e-05,
        4.339383724571988e-05,
        4.339383724571988e-05,
        4.339383724571988e-05,
        4.339383724571988e-05,
        4.339383724571988e-05,
        4.339383724571988e-05,
        2.951352155067255e-05,
        2.951352155067255e-05,
        2.0336393181441537e-05,
        2.0336393181441537e-05,
        2.0336393181441537e-05,
        2.0336393181441537e-05,
        2.0336393181441537e-05,
        2.0336393181441537e-05,
        2.0336393181441537e-05,
        1.3701144205402471e-05,
        1.3701144205402471e-05,
        1.3701144205402471e-05,
        6.899728451248421e-06,
        6.899728451248421e-06,
        6.899728451248421e-06,
        6.899728451248421e-06,
        6.899728451248421e-06,
        4.649177349325129e-06,
        4.219884165213017e-06,
        4.219884165213017e-06,
        4.219884165213017e-06,
        1.6784967802330186e-06,
        1.6784967802330186e-06,
        1.6784967802330186e-06,
        9.90976101622465e-07,
        9.90976101622465e-07,
        9.90976101622465e-07,
        9.90976101622465e-07,
        9.90976101622465e-07,
        9.90976101622465e-07,
        9.90976101622465e-07,
        9.90976101622465e-07,
        9.90976101622465e-07,
        9.90976101622465e-07,
        9.90976101622465e-07,
        8.595421765456024e-07,
        8.595421765456024e-07,
        8.214566240560828e-07,
        4.369501529488673e-07,
        4.369501529488673e-07,
        1.9185597510684715e-07,
        1.9185597510684715e-07,
        1.9185597510684715e-07,
        1.9185597510684715e-07,
        1.9185597510684715e-07,
        1.0898404001480344e-07,
        1.0898404001480344e-07,
        1.0898404001480344e-07,
        6.173901967443385e-08,
        6.173901967443385e-08,
        2.6450682089063093e-08,
        2.6450682089063093e-08,
        2.6450682089063093e-08,
        2.6450682089063093e-08,
        1.2360704904068598e-08,
        1.2360704904068598e-08,
        1.2360704904068598e-08,
        1.2360704904068598e-08,
        1.2360704904068598e-08,
        1.2360704904068598e-08,
        1.2360704904068598e-08,
        1.2360704904068598e-08,
        1.2360704904068598e-08,
        1.2360704904068598e-08,
        1.2360704904068598e-08,
        1.2360704904068598e-08,
        8.139786178418262e-09,
        8.139786178418262e-09,
        5.77924241795813e-09,
        5.77924241795813e-09,
        5.77924241795813e-09,
        5.77924241795813e-09,
        5.77924241795813e-09,
        5.77924241795813e-09,
        4.3399812632571866e-09,
        4.3399812632571866e-09,
        2.9024538328314975e-09,
        1.4134440284863103e-09,
        1.4134440284863103e-09,
        1.4134440284863103e-09,
        1.4134440284863103e-09,
        1.4134440284863103e-09,
        7.961138415168989e-10,
        7.961138415168989e-10,
        7.961138415168989e-10,
        7.961138415168989e-10,
        7.961138415168989e-10,
        6.482783199146525e-10,
        6.482783199146525e-10,
        6.482783199146525e-10,
        6.482783199146525e-10,
        6.482783199146525e-10,
        2.385935893300939e-10,
        2.385935893300939e-10,
        2.385935893300939e-10,
        2.385935893300939e-10,
        2.385935893300939e-10,
        2.385935893300939e-10,
        6.63118449040212e-11,
        6.63118449040212e-11,
        6.63118449040212e-11,
        6.63118449040212e-11,
        2.4769963857806943e-11,
        2.4769963857806943e-11,
        2.4769963857806943e-11,
        2.4769963857806943e-11,
        2.4769963857806943e-11,
        2.4769963857806943e-11,
        2.4769963857806943e-11,
        2.4769963857806943e-11,
        2.4769963857806943e-11,
        2.4769963857806943e-11,
        2.4769963857806943e-11,
        2.4769963857806943e-11,
        2.4769963857806943e-11,
        2.4769963857806943e-11,
        2.4769963857806943e-11,
        1.6545431691383783e-11,
        1.6545431691383783e-11,
        1.6545431691383783e-11,
        1.6545431691383783e-11,
        1.6545431691383783e-11,
        1.6545431691383783e-11,
        1.6545431691383783e-11,
        1.6545431691383783e-11,
        1.6545431691383783e-11,
        1.4545253890219101e-11,
        4.988454094245753e-12,
        4.988454094245753e-12,
        4.988454094245753e-12,
        4.988454094245753e-12,
        4.988454094245753e-12,
        3.6703973194107675e-12,
        3.6703973194107675e-12,
        3.6703973194107675e-12,
        3.6703973194107675e-12,
        3.6703973194107675e-12,
        2.5299762285158067e-12,
        2.5299762285158067e-12,
        1.602717958348876e-12,
        5.728750807065808e-14,
        5.728750807065808e-14,
        5.728750807065808e-14,
        5.728750807065808e-14,
        5.728750807065808e-14,
        5.728750807065808e-14,
        5.728750807065808e-14,
        5.728750807065808e-14,
        5.728750807065808e-14,
        5.728750807065808e-14,
        5.728750807065808e-14,
        5.728750807065808e-14,
        5.728750807065808e-14,
        5.728750807065808e-14,
        5.728750807065808e-14,
        5.728750807065808e-14,
        5.728750807065808e-14,
        5.728750807065808e-14,
        5.728750807065808e-14,
        5.728750807065808e-14,
        5.728750807065808e-14,
        5.728750807065808e-14,
