{
    "objective": "ackley",
    "evaluation_mode": null,
    "best_value": 4.440892098500626e-16,
    "best_position": [
        1.8675190451719171e-16,
        -8.611935199583863e-17
    ],
    "elapsed_time_s": 0.24237260001245886,
    "iterations_completed": 500,
    "best_value_history": [
        7.53182249144203,
        7.53182249144203,
        7.53182249144203,
        6.345249123441366,
        3.092916286668594,
        3.092916286668594,
        3.092916286668594,
        3.092916286668594,
        3.000381833863124,
        3.000381833863124,
        2.832063281999688,
        2.6036594461546128,
        2.6036594461546128,
        2.6036594461546128,
        2.5702630258406747,
        2.5702630258406747,
        1.6817187900260255,
        1.2805258813817777,
        1.2805258813817777,
        1.2805258813817777,
        0.8353009991231883,
        0.8353009991231883,
        0.8353009991231883,
        0.8353009991231883,
        0.2676011744340454,
        0.2676011744340454,
        0.2676011744340454,
        0.20499578476967928,
        0.19322945792066948,
        0.10671338114611872,
        0.09475501863924807,
        0.09475501863924807,
        0.09475501863924807,
        0.030039604159473487,
        0.030039604159473487,
        0.030039604159473487,
        0.030039604159473487,
        0.030039604159473487,
        0.030039604159473487,
        0.017793529433845823,
        0.017793529433845823,
        0.017793529433845823,
        0.017793529433845823,
        0.017793529433845823,
        0.01321715203877405,
        0.007653260824018293,
        0.007653260824018293,
        0.007653260824018293,
        0.007653260824018293,
        0.007653260824018293,
        0.002924386167685089,
        0.002924386167685089,
        0.0016455049538568467,
        0.0016455049538568467,
        0.0016455049538568467,
        0.0016455049538568467,
        0.0016455049538568467,
        0.0016455049538568467,
        0.0016455049538568467,
        0.0016455049538568467,
        0.0016455049538568467,
        0.0016455049538568467,
        0.0015101320730441792,
        0.0010541461373496652,
        0.0010541461373496652,
        0.0010541461373496652,
        0.0010541461373496652,
        0.0010541461373496652,
        0.0006439423029687141,
        0.0006439423029687141,
        0.0006439423029687141,
        0.0006439423029687141,
        0.00047565547878436476,
        0.00047565547878436476,
        0.00047565547878436476,
        0.00047565547878436476,
        0.00047565547878436476,
        0.00047565547878436476,
        0.00047565547878436476,
        0.00047565547878436476,
        0.00016559618251266173,
        0.00016559618251266173,
        0.00015234829812316164,
        0.00015234829812316164,
        0.00015234829812316164,
        0.00015234829812316164,
        0.00015234829812316164,
        0.00015234829812316164,
        0.00015234829812316164,
        0.00015234829812316164,
        9.430506734320332e-05,
        9.430506734320332e-05,
        7.164434180895185e-05,
        7.164434180895185e-05,
        7.164434180895185e-05,
        2.9799818019871083e-05,
        2.9799818019871083e-05,
        2.9799818019871083e-05,
        2.9799818019871083e-05,
        2.9799818019871083e-05,
        2.1117097500411575e-05,
        2.1117097500411575e-05,
        2.1117097500411575e-05,
        2.1117097500411575e-05,
        1.0304605787769816e-05,
        1.0304605787769816e-05,
        1.0304605787769816e-05,
        3.347352869997877e-06,
        3.347352869997877e-06,
        3.347352869997877e-06,
        3.347352869997877e-06,
        3.347352869997877e-06,
        7.497799399125427e-07,
        7.497799399125427e-07,
        7.497799399125427e-07,
        7.497799399125427e-07,
        7.497799399125427e-07,
        7.497799399125427e-07,
        7.497799399125427e-07,
        7.497799399125427e-07,
        7.497799399125427e-07,
        7.497799399125427e-07,
        7.497799399125427e-07,
        7.497799399125427e-07,
        7.497799399125427e-07,
        3.462084525729381e-07,
        3.462084525729381e-07,
        1.499059085752208e-07,
        1.499059085752208e-07,
        1.499059085752208e-07,
        1.499059085752208e-07,
        1.499059085752208e-07,
        1.499059085752208e-07,
        1.499059085752208e-07,
        1.499059085752208e-07,
        6.01408385314528e-08,
        6.01408385314528e-08,
        6.01408385314528e-08,
        6.01408385314528e-08,
        6.01408385314528e-08,
        2.8234734106291626e-08,
        2.8234734106291626e-08,
        2.8234734106291626e-08,
        2.8234734106291626e-08,
        2.8234734106291626e-08,
        2.8234734106291626e-08,
        2.8234734106291626e-08,
        2.8234734106291626e-08,
        2.8234734106291626e-08,
        1.5522151119995442e-08,
        1.5522151119995442e-08,
        8.5665345928021e-09,
        8.5665345928021e-09,
        8.5665345928021e-09,
        5.74835157252096e-09,
        9.779594911663025e-10,
        9.779594911663025e-10,
        9.779594911663025e-10,
        9.779594911663025e-10,
        9.779594911663025e-10,
        9.779594911663025e-10,
        9.779594911663025e-10,
        9.779594911663025e-10,
        9.779594911663025e-10,
        9.779594911663025e-10,
        9.779594911663025e-10,
        7.384710620783608e-10,
        5.434164229711769e-10,
        5.434164229711769e-10,
        5.434164229711769e-10,
        5.434164229711769e-10,
        5.434164229711769e-10,
        5.434164229711769e-10,
        5.434164229711769e-10,
        5.434164229711769e-10,
        5.434164229711769e-10,
        5.434164229711769e-10,
        5.205831321575261e-10,
        5.205831321575261e-10,
        4.682800813782251e-10,
        4.682800813782251e-10,
        4.682800813782251e-10,
        2.6663871111054505e-10,
        2.6663871111054505e-10,
        2.6663871111054505e-10,
        2.6663871111054505e-10,
        2.6663871111054505e-10,
        2.6663871111054505e-10,
        2.6663871111054505e-10,
        2.4956081645655104e-10,
        1.9600010503495469e-10,
        1.5332135561152427e-10,
        1.5332135561152427e-10,
        1.0297585006924237e-10,
        1.0297585006924237e-10,
        9.389511390622829e-11,
        9.389511390622829e-11,
        2.3796520309815605e-11,
        2.3796520309815605e-11,
        2.3796520309815605e-11,
        2.3796520309815605e-11,
        1.8776535881670497e-11,
        1.3284040534244923e-11,
        1.3284040534244923e-11,
        7.294165271787278e-12,
        7.294165271787278e-12,
        7.294165271787278e-12,
        7.294165271787278e-12,
        7.294165271787278e-12,
        5.7771565309394646e-12,
        5.7771565309394646e-12,
        5.7771565309394646e-12,
        3.062883280335882e-12,
        3.062883280335882e-12,
        2.871036741680655e-12,
        2.7928770407470438e-12,
        2.2954971257149737e-12,
        2.2954971257149737e-12,
        2.2954971257149737e-12,
        2.1747048606357566e-12,
        2.1747048606357566e-12,
        1.3149481503660354e-12,
        1.3149481503660354e-12,
        1.2474465904688259e-12,
        1.2474465904688259e-12,
        1.2474465904688259e-12,
        1.2474465904688259e-12,
        1.2012613126444194e-12,
        1.2012613126444194e-12,
        1.1906031716080179e-12,
        1.1906031716080179e-12,
        1.1906031716080179e-12,
        2.9176661087149114e-13,
        2.9176661087149114e-13,
        2.9176661087149114e-13,
        2.9176661087149114e-13,
        2.9176661087149114e-13,
        2.9176661087149114e-13,
        2.9176661087149114e-13,
        2.4558133304708463e-13,
        2.4558133304708463e-13,
        2.4558133304708463e-13,
        2.4558133304708463e-13,
        2.4558133304708463e-13,
        2.349231920106831e-13,
        1.709743457922741e-13,
        1.709743457922741e-13,
        1.709743457922741e-13,
        1.709743457922741e-13,
        1.709743457922741e-13,
