{
    "objective": "ackley",
    "evaluation_mode": null,
    "best_value": 1.3701144205402471e-05,
    "best_position": [
        1.1274676561973885e-06,
        -4.710822193917793e-06
    ],
    "elapsed_time_s": 0.035119300009682775,
    "iterations_completed": 100,
    "best_value_history": [
        9.907119597103314,
        6.481988450350293,
        3.6116644986155007,
        3.093264547275734,
        2.8695269388384834,
        2.8695269388384834,
        2.8695269388384834,
        2.8695269388384834,
        2.8695269388384834,
        2.8695269388384834,
        2.8695269388384834,
        2.084042377006853,
        2.084042377006853,
        2.084042377006853,
        1.9316834669745515,
        0.6045717821944234,
        0.6045717821944234,
        0.6045717821944234,
        0.6045717821944234,
        0.27617831161181927,
        0.27617831161181927,
        0.2586034235407877,
        0.09174610099635006,
        0.09174610099635006,
        0.06786617295474118,
        0.06786617295474118,
        0.06786617295474118,
        0.029768919535716254,
        0.029768919535716254,
        0.029768919535716254,
        0.029768919535716254,
        0.029768919535716254,
        0.016440625168290257,
        0.016440625168290257,
        0.016440625168290257,
        0.016440625168290257,
        0.016440625168290257,
        0.016440625168290257,
        0.01571746495414006,
        0.002698209249456074,
        0.002698209249456074,
        0.002698209249456074,
        0.001639127771146054,
        0.001639127771146054,
        0.001639127771146054,
        0.001639127771146054,
        0.001639127771146054,
        0.001639127771146054,
        0.001639127771146054,
        0.001454517644223774,
        0.001454517644223774,
        0.001454517644223774,
        0.001454517644223774,
        0.001454517644223774,
        0.001454517644223774,
        0.001454517644223774,
        0.001454517644223774,
        0.001454517644223774,
        0.001454517644223774,
        0.0012372012874668492,
        0.0012372012874668492,
        0.0007745335235616047,
        0.0007745335235616047,
        0.0007634727713541345,
        0.0007634727713541345,
        0.0007137633432532375,
        0.0005558676446644206,
        0.0005558676446644206,
        0.0002953737880351248,
        0.0002953737880351248,
        4.339383724571988e-05,
        4.339383724571988e-05,
        4.339383724571988e-05,
        4.339383724571988e-05,
        4.339383724571988e-05,
        4.339383724571988e-05,
        4.339383724571988e-05,
        4.339383724571988e-05,
        4.339383724571988e-05,
        4.339383724571988e-05,
        4.339383724571988e-05,
        4.339383724571988e-05,
        4.339383724571988e-05,
        4.339383724571988e-05,
        4.339383724571988e-05,
        4.339383724571988e-05,
        4.339383724571988e-05,
        4.339383724571988e-05,
        2.951352155067255e-05,
        2.951352155067255e-05,
        2.0336393181441537e-05,
        2.0336393181441537e-05,
        2.0336393181441537e-05,
        2.0336393181441537e-05,
        2.0336393181441537e-05,
        2.0336393181441537e-05,
        2.0336393181441537e-05,
        1.3701144205402471e-05,
        1.3701144205402471e-05,
        1.3701144205402471e-05
    ],
    "timing_stats": {
        "total_time_s": 0.03511440003057942,
        "fitness_time_s": 0.032764899951871485,
        "velocity_update_time_s": 0.000826600065920502,
        "position_update_time_s": 0.00045870005851611495
    },
    "config": {
        "num_particles": 30,
        "dimensions": 2,
        "max_iterations": 100,
        "inertia_weight": 0.7,
        "cognitive_coefficient": 1.5,
        "social_coefficient": 1.5,
        "seed": 2,
        "tolerance": 0.0,
        "stagnation_patience": null,
        "track_history": true
    }
}