{
    "objective": "ackley",
    "evaluation_mode": null,
    "best_value": 4.440892098500626e-16,
    "best_position": [
        -2.858235201331858e-16,
        -1.5008017426578056e-16
    ],
    "elapsed_time_s": 0.22698120004497468,
    "iterations_completed": 500,
    "best_value_history": [
        2.6620707874096223,
        2.6620707874096223,
        2.6620707874096223,
        2.6620707874096223,
        2.6620707874096223,
        2.6620707874096223,
        2.660024887031892,
        2.660024887031892,
        2.660024887031892,
        2.660024887031892,
        2.660024887031892,
        1.0542580733343603,
        0.9885321580362789,
        0.9885321580362789,
        0.5595282896893754,
        0.5595282896893754,
        0.5595282896893754,
        0.3874947786316487,
        0.3874947786316487,
        0.3874947786316487,
        0.3525289413539494,
        0.3525289413539494,
        0.3525289413539494,
        0.16887389953194942,
        0.16887389953194942,
        0.16887389953194942,
        0.16887389953194942,
        0.16887389953194942,
        0.16887389953194942,
        0.1345995920810208,
        0.1345995920810208,
        0.08774804058396812,
        0.08774804058396812,
        0.07020387822577634,
        0.05501903551924814,
        0.03156330580419864,
        0.010842123687247796,
        0.010842123687247796,
        0.010842123687247796,
        0.010842123687247796,
        0.010750413222393451,
        0.010750413222393451,
        0.008721727776251686,
        0.008721727776251686,
        0.008721727776251686,
        0.008721727776251686,
        0.008721727776251686,
        0.008422953909296371,
        0.008146641609748873,
        0.008146641609748873,
        0.008146641609748873,
        0.004919465214378693,
        0.004919465214378693,
        0.004919465214378693,
        0.0036117987957244857,
        0.0036117987957244857,
        0.002265823930855948,
        0.002265823930855948,
        0.002265823930855948,
        0.002265823930855948,
        0.0008506505506216122,
        0.0008506505506216122,
        0.0008506505506216122,
        0.0008506505506216122,
        0.0008506505506216122,
        0.0005194832883366196,
        0.0005194832883366196,
        0.0005194832883366196,
        0.0005194832883366196,
        0.0005194832883366196,
        0.0005194832883366196,
        0.0005194832883366196,
        0.00022087640961432342,
        0.00022087640961432342,
        0.00014086211490793588,
        0.00014086211490793588,
        0.00014086211490793588,
        0.000114966214415535,
        0.00010836658751545158,
        0.00010836658751545158,
        0.00010836658751545158,
        0.00010836658751545158,
        0.00010836658751545158,
        0.00010836658751545158,
        0.00010836658751545158,
        3.3045871103087876e-05,
        3.3045871103087876e-05,
        3.3045871103087876e-05,
        3.177824266886731e-05,
        3.177824266886731e-05,
        3.177824266886731e-05,
        3.177824266886731e-05,
        3.177824266886731e-05,
        1.5896662138192852e-05,
        1.5896662138192852e-05,
        1.5896662138192852e-05,
        1.5896662138192852e-05,
        1.5896662138192852e-05,
        1.5896662138192852e-05,
        1.5896662138192852e-05,
        1.5896662138192852e-05,
        9.869300353404498e-06,
        9.869300353404498e-06,
        8.850342514410414e-06,
        8.850342514410414e-06,
        8.850342514410414e-06,
        2.259303145013547e-06,
        2.259303145013547e-06,
        2.259303145013547e-06,
        2.259303145013547e-06,
        2.259303145013547e-06,
        2.259303145013547e-06,
        2.259303145013547e-06,
        2.259303145013547e-06,
        2.259303145013547e-06,
        2.259303145013547e-06,
        6.687224218815402e-07,
        6.687224218815402e-07,
        2.2341818040061412e-07,
        2.2341818040061412e-07,
        2.2341818040061412e-07,
        2.2341818040061412e-07,
        2.2341818040061412e-07,
        1.8610480312375444e-07,
        1.8610480312375444e-07,
        1.8610480312375444e-07,
        1.8610480312375444e-07,
        1.8610480312375444e-07,
        1.8610480312375444e-07,
        1.8610480312375444e-07,
        9.826286673231266e-08,
        9.826286673231266e-08,
        9.826286673231266e-08,
        9.826286673231266e-08,
        9.826286673231266e-08,
        9.826286673231266e-08,
        9.826286673231266e-08,
        9.826286673231266e-08,
        9.826286673231266e-08,
        9.826286673231266e-08,
        9.826286673231266e-08,
        8.60239244282468e-08,
        6.938132246503415e-08,
        2.9511519006319986e-08,
        2.9511519006319986e-08,
        1.7246606365262096e-08,
        1.7246606365262096e-08,
        1.7246606365262096e-08,
        1.3643987717415484e-08,
        1.3643987717415484e-08,
        8.763504144582157e-09,
        8.763504144582157e-09,
        8.763504144582157e-09,
        8.763504144582157e-09,
        8.763504144582157e-09,
        7.0729488932386175e-09,
        7.0729488932386175e-09,
        2.353879313687912e-09,
        2.353879313687912e-09,
        2.353879313687912e-09,
        2.353879313687912e-09,
        2.353879313687912e-09,
        2.353879313687912e-09,
        2.353879313687912e-09,
        2.353879313687912e-09,
        1.1841980729343504e-09,
        1.1841980729343504e-09,
        1.1841980729343504e-09,
        1.1338845418151777e-09,
        1.1338845418151777e-09,
        4.187019619905641e-10,
        4.187019619905641e-10,
        4.187019619905641e-10,
        4.187019619905641e-10,
        4.0924108546391835e-10,
        4.0924108546391835e-10,
        4.0924108546391835e-10,
        4.0924108546391835e-10,
        4.0924108546391835e-10,
        6.782530093119021e-11,
        6.782530093119021e-11,
        6.782530093119021e-11,
        6.782530093119021e-11,
        6.782530093119021e-11,
        6.782530093119021e-11,
        6.782530093119021e-11,
        6.782530093119021e-11,
        6.782530093119021e-11,
        6.782530093119021e-11,
        6.782530093119021e-11,
        1.687228134983343e-11,
        1.687228134983343e-11,
        9.21618337201835e-12,
        9.21618337201835e-12,
        9.21618337201835e-12,
        9.21618337201835e-12,
        9.21618337201835e-12,
        9.21618337201835e-12,
        8.274714247136217e-12,
        8.274714247136217e-12,
        8.274714247136217e-12,
        8.274714247136217e-12,
        8.274714247136217e-12,
        7.493117237800107e-12,
        6.601386104421181e-12,
        6.601386104421181e-12,
        6.445066702553959e-12,
        5.127009927718973e-12,
        4.427125332995274e-12,
        4.427125332995274e-12,
        4.427125332995274e-12,
        3.8693492854235956e-12,
        3.8693492854235956e-12,
        1.922462189440921e-12,
        1.922462189440921e-12,
        1.744826505500896e-12,
        1.744826505500896e-12,
        1.524558257415265e-12,
        6.861178292183467e-13,
        4.836131495267182e-13,
        4.836131495267182e-13,
        4.836131495267182e-13,
        4.836131495267182e-13,
        4.3076653355456074e-14,
        4.3076653355456074e-14,
        4.3076653355456074e-14,
        4.3076653355456074e-14,
        4.3076653355456074e-14,
        4.3076653355456074e-14,
        4.3076653355456074e-14,
        4.3076653355456074e-14,
        4.3076653355456074e-14,
        4.3076653355456074e-14,
        4.3076653355456074e-14,
        4.3076653355456074e-14,
        4.3076653355456074e-14,
        4.3076653355456074e-14,
        4.3076653355456074e-14,
        4.3076653355456074e-14,
        3.597122599785507e-14,
        1.8207657603852567e-14,
        1.8207657603852567e-14,
        1.8207657603852567e-14,
        1.8207657603852567e-14,
        1.8207657603852567e-14,
        1.4654943925052066e-14,
        1.4654943925052066e-14,
        1.4654943925052066e-14,
        1.4654943925052066e-14,
        1.4654943925052066e-14,
