{
    "objective": "rastrigin",
    "num_runs": 5,
    "mean_best_value": 1.4588273700155697e-09,
    "std_best_value": 9.391949274375448e-10,
    "min_best_value": 1.3020695632803836e-11,
    "max_best_value": 2.6495072802390496e-09
}