{
    "objective": "sphere",
    "best_value": 3.594583412344841e-09,
    "best_position": [
        -1.713796157227197e-05,
        5.7453230418246895e-05
    ],
    "elapsed_time_s": 0.01675470000191126,
    "iterations_completed": 61,
    "best_value_history": [
        0.18084168874918682,
        0.18084168874918682,
        0.0018860385532753856,
        0.0018860385532753856,
        0.0018860385532753856,
        0.0018860385532753856,
        0.0018860385532753856,
        0.0018860385532753856,
        0.0018860385532753856,
        0.0018860385532753856,
        0.0018860385532753856,
        0.0018860385532753856,
        0.0018860385532753856,
        0.0018860385532753856,
        0.0018860385532753856,
        0.0010311170852982164,
        0.000828269911507554,
        0.000828269911507554,
        0.0002522861656914561,
        3.217393204634041e-05,
        3.217393204634041e-05,
        3.217393204634041e-05,
        3.217393204634041e-05,
        3.155407569720424e-05,
        1.6501689497059684e-05,
        5.240300634307076e-06,
        5.240300634307076e-06,
        5.240300634307076e-06,
        3.6002431039694387e-07,
        3.6002431039694387e-07,
        3.6002431039694387e-07,
        3.6002431039694387e-07,
        3.6002431039694387e-07,
        3.6002431039694387e-07,
        3.6002431039694387e-07,
        3.6002431039694387e-07,
        3.6002431039694387e-07,
        3.6002431039694387e-07,
        3.6002431039694387e-07,
        3.6002431039694387e-07,
        3.6002431039694387e-07,
        7.517178175678638e-08,
        7.517178175678638e-08,
        1.5307868407174817e-08,
        1.5307868407174817e-08,
        1.5307868407174817e-08,
        1.5307868407174817e-08,
        1.5307868407174817e-08,
        1.5307868407174817e-08,
        1.5307868407174817e-08,
        1.5307868407174817e-08,
        1.5307868407174817e-08,
        1.5307868407174817e-08,
        1.5307868407174817e-08,
        1.5307868407174817e-08,
        1.5307868407174817e-08,
        1.5307868407174817e-08,
        1.5307868407174817e-08,
        1.5307868407174817e-08,
        1.5307868407174817e-08,
        3.594583412344841e-09
    ],
    "config": {
        "num_particles": 30,
        "dimensions": 2,
        "max_iterations": 100,
        "inertia_weight": 0.7,
        "cognitive_coefficient": 1.5,
        "social_coefficient": 1.5,
        "seed": 42,
        "tolerance": 1e-08,
        "stagnation_patience": null,
        "track_history": true
    }
}