{
    "objective": "rastrigin",
    "evaluation_mode": null,
    "best_value": 169.21343950019212,
    "best_position": [
        -3.9797700380225227,
        2.9847138748627517,
        1.9899728681325684,
        1.98981804392935,
        0.9950475338452449,
        -1.9899036824779572,
        1.9899244381846726,
        0.9950776275125086,
        2.984822517994554,
        0.9949933553766555,
        6.048250709002139e-05,
        1.990036671854942,
        3.979715561179351,
        4.36335334902316e-05,
        1.9901530346032563,
        -0.9947650618805713,
        -0.00011427981623644731,
        -2.984844150282173,
        1.1250276553202189e-05,
        -3.9797303241095676,
        -1.9899509614316593,
        -0.9945928441644275,
        3.9797935849739345,
        -0.00012806723490168848,
        -1.9899280029923079,
        2.872043658433819e-05,
        -3.597245380762817e-05,
        2.98487363073189,
        -1.9899587641591343,
        -5.12
    ],
    "elapsed_time_s": 0.5992888000328094,
    "iterations_completed": 500,
    "best_value_history": [
        356.93376978340774,
        356.93376978340774,
        356.93376978340774,
        356.93376978340774,
        356.93376978340774,
        356.93376978340774,
        356.93376978340774,
        356.93376978340774,
        356.93376978340774,
        336.35724072782426,
        336.35724072782426,
        336.35724072782426,
        324.5509760096312,
        324.5509760096312,
        324.5509760096312,
        324.5509760096312,
        324.5509760096312,
        324.5509760096312,
        324.5509760096312,
        324.5509760096312,
        324.5509760096312,
        324.5509760096312,
        322.978802383528,
        310.87012980836386,
        310.87012980836386,
        298.44202769279434,
        298.44202769279434,
        298.44202769279434,
        298.44202769279434,
        298.44202769279434,
        298.44202769279434,
        298.44202769279434,
        298.44202769279434,
        298.44202769279434,
        298.44202769279434,
        293.3896509945188,
        273.1479445732733,
        266.54919165386985,
        266.54919165386985,
        266.54919165386985,
        266.54919165386985,
        266.54919165386985,
        266.54919165386985,
        266.54919165386985,
        256.7425981828508,
        256.7425981828508,
        256.7425981828508,
        256.7425981828508,
        255.04334931672537,
        238.70758377483435,
        238.70758377483435,
        238.70758377483435,
        238.70758377483435,
        238.70758377483435,
        238.70758377483435,
        225.60610654299117,
        225.60610654299117,
        225.60610654299117,
        225.60610654299117,
        225.60610654299117,
        225.60610654299117,
        225.60610654299117,
        225.60610654299117,
        225.51354822250624,
        225.51354822250624,
        223.84544294103642,
        222.54138038347992,
        222.54138038347992,
        222.54138038347992,
        221.95965792804117,
        221.95965792804117,
        221.95965792804117,
        217.07144028178922,
        217.07144028178922,
        217.07144028178922,
        217.07144028178922,
        217.07144028178922,
        217.07144028178922,
        217.07144028178922,
        217.07144028178922,
        212.24146061842364,
        212.24146061842364,
        212.24146061842364,
        212.24146061842364,
        211.1519153495126,
        210.22141784846423,
        210.22141784846423,
        210.22141784846423,
        210.22141784846423,
        210.22141784846423,
        210.22141784846423,
        210.22141784846423,
        209.56553466254823,
        209.56553466254823,
        209.56553466254823,
        209.56553466254823,
        208.1695908044282,
        208.1695908044282,
        208.1695908044282,
        207.27569198586,
        203.97621513851928,
        203.97621513851928,
        203.97621513851928,
        203.3813186721057,
        202.53646263855194,
        202.44540608334526,
        202.44540608334526,
        202.44540608334526,
        202.44540608334526,
        199.62703825503104,
        199.60740424765297,
        199.42172883203168,
        197.6945365012109,
        195.8368998274555,
        193.09169494232052,
        189.94041756447655,
        189.94041756447655,
        189.94041756447655,
        189.94041756447655,
        189.94041756447655,
        189.94041756447655,
        189.94041756447655,
        189.34940813727673,
        189.34940813727673,
        189.34940813727673,
        189.34940813727673,
        188.9312333865336,
        188.59393676055933,
        188.59393676055933,
        188.59393676055933,
        188.59393676055933,
        187.32397249055632,
        187.32397249055632,
        187.2895829123079,
        187.2895829123079,
        187.2895829123079,
        185.21287111120577,
        185.21287111120577,
        185.21287111120577,
        184.8589003139546,
        184.8589003139546,
        184.8589003139546,
        184.8589003139546,
        184.6518737001508,
        184.6518737001508,
        184.18674765218574,
        184.1647565585536,
        184.1647565585536,
        184.06783525965193,
        184.06783525965193,
        184.00606103355315,
        183.64040736009449,
        183.64040736009449,
        183.5991297129029,
        183.54234192747205,
        183.54234192747205,
        183.54234192747205,
        183.1712292376002,
        182.81147077992202,
        182.64637597477022,
        182.09880543676445,
        182.09880543676445,
        182.09880543676445,
        182.095187654095,
        181.73721429878506,
        181.73721429878506,
        181.73721429878506,
        181.5625155089007,
        181.46457573016605,
        181.2251156032065,
        181.09629790850357,
        180.93700062033565,
        180.8829683645101,
        180.62284316966918,
        180.50981215052653,
        180.4900493900902,
        180.39020748896027,
        180.39020748896027,
        180.34243567462713,
        180.20306935730915,
        180.1113083115973,
        179.85340522693704,
        179.85340522693704,
        179.62292901363622,
        179.40899720829273,
        179.40899720829273,
        179.25275762758076,
        179.17325803356172,
        179.17325803356172,
        179.08047898309383,
        179.08047898309383,
        179.0545296056903,
        179.0545296056903,
        178.99637896885602,
        178.96650840294936,
        178.96650840294936,
        178.96650840294936,
        178.92926986269686,
        178.85683155558021,
        178.85683155558021,
        178.83524289484617,
        178.83249328838602,
        178.78951297801805,
        178.78951297801805,
        178.78951297801805,
        178.77715856325256,
        178.7766784956407,
        178.74119003947365,
        178.68172357768296,
        178.66382346966273,
        178.63438971924447,
        178.60479749390376,
        178.58334096947297,
        178.55581789058144,
        178.5235859381049,
        178.5070698186325,
        178.48767097652083,
        178.47785103730982,
        178.45516691970113,
        178.45516691970113,
        178.42653544748126,
        178.39944947678654,
        178.39944947678654,
        178.37491612683704,
        178.33295637111777,
        178.33295637111777,
        178.32040817935942,
        178.32040817935942,
        178.31919566616045,
        178.31456256348602,
        178.2988155829512,
        178.2975212775082,
        178.2880602096817,
        178.2855836905716,
        178.2855836905716,
        178.2855836905716,
        178.2855836905716,
        178.28346179492982,
        178.28275520467497,
        178.2811399378977,
        178.27475236145108,
        178.2732026308299,
        178.2732026308299,
        178.2655940330491,
        178.26353594278456,
        178.25511300085324,
        178.25511300085324,
        178.25511300085324,
        178.25511300085324,
