{
    "objective": "rastrigin",
    "evaluation_mode": null,
    "best_value": 138.88819690364483,
    "best_position": [
        -1.9642041510072896,
        -2.966763495285832,
        -1.928646690333304,
        -1.018594589181567,
        2.0218263507641567,
        -0.022614018792454598,
        0.015053352989805,
        1.9883268397899816,
        -0.01719579212900807,
        1.908079007179941,
        -2.9831448357634485,
        -0.9753793541372089,
        0.9380773464582263,
        -2.0062512890796134,
        3.065851678644594,
        0.015717535395501886,
        0.9769736890686738,
        1.984973647368565,
        -2.9089219161780226,
        -1.9365704730979554,
        -3.024243440654004,
        0.05537780061821258,
        5.081105085840976,
        -1.0135982083959671,
        1.9733051951535703,
        -1.9774383604847134,
        -2.949844205641597,
        0.025060334097701864,
        -0.08313059263193355,
        -1.995155054566144
    ],
    "elapsed_time_s": 0.28386829991359264,
    "iterations_completed": 100,
    "best_value_history": [
        351.2075266452211,
        351.2075266452211,
        351.2075266452211,
        351.2075266452211,
        351.2075266452211,
        351.2075266452211,
        351.2075266452211,
        351.2075266452211,
        315.4090384034537,
        315.4090384034537,
        315.4090384034537,
        315.4090384034537,
        315.4090384034537,
        315.4090384034537,
        310.53137779849334,
        310.53137779849334,
        310.53137779849334,
        310.53137779849334,
        310.53137779849334,
        310.53137779849334,
        310.53137779849334,
        303.56181267881306,
        303.56181267881306,
        303.56181267881306,
        293.8679464780381,
        293.8679464780381,
        293.8679464780381,
        293.8679464780381,
        286.87880424953164,
        286.87880424953164,
        260.75950724884876,
        260.75950724884876,
        260.75950724884876,
        260.75950724884876,
        260.75950724884876,
        259.38993294072327,
        248.2377869133108,
        248.2377869133108,
        248.2377869133108,
        248.2377869133108,
        247.41608321140123,
        231.65974106227887,
        231.65974106227887,
        231.65974106227887,
        231.65974106227887,
        219.1434118520613,
        219.1434118520613,
        219.1434118520613,
        219.1434118520613,
        219.1434118520613,
        219.1434118520613,
        219.1434118520613,
        219.1434118520613,
        209.92087122734708,
        191.67822975031928,
        191.67822975031928,
        191.67822975031928,
        189.61531140395104,
        189.5094970368524,
        173.63792038244148,
        173.63792038244148,
        173.63792038244148,
        173.63792038244148,
        173.63792038244148,
        173.63792038244148,
        173.63792038244148,
        173.63792038244148,
        173.63792038244148,
        172.8387100361148,
        172.8387100361148,
        172.8387100361148,
        172.8387100361148,
        172.8387100361148,
        167.47292143823117,
        162.82445863320422,
        155.08196153992216,
        150.51224025508674,
        150.51224025508674,
        150.51224025508674,
        150.51224025508674,
        150.47253852613028,
        147.82115988800288,
        147.82115988800288,
        147.82115988800288,
        147.82115988800288,
        146.2415012884005,
        146.2415012884005,
        146.2415012884005,
        145.3879646522004,
        145.3879646522004,
        144.78459911201418,
        142.4705392231776,
        142.4705392231776,
        142.4705392231776,
        142.4342326031696,
        141.02688375794608,
        140.3947288066656,
        139.55049250020588,
        138.88819690364483,
        138.88819690364483
    ],
    "swarm_position_history": null,
    "timing_stats": {
        "total_time_s": 0.28386219998355955,
        "fitness_time_s": 0.2774257998680696,
        "velocity_update_time_s": 0.0026145996525883675,
        "position_update_time_s": 0.0010797004215419292
    },
    "config": {
        "num_particles": 30,
        "dimensions": 30,
        "max_iterations": 100,
        "inertia_weight": 0.7,
        "cognitive_coefficient": 1.5,
        "social_coefficient": 1.5,
        "seed": 4,
        "tolerance": 0.0,
        "stagnation_patience": null,
        "track_history": true,
        "track_swarm_history": false
    }
}