{
    "objective": "ackley",
    "evaluation_mode": "threading",
    "best_value": 1.5896662138192852e-05,
    "best_position": [
        -1.8649305251625772e-07,
        -5.616926326705488e-06
    ],
    "elapsed_time_s": 0.04365649993997067,
    "iterations_completed": 100,
    "best_value_history": [
        2.6620707874096223,
        2.6620707874096223,
        2.6620707874096223,
        2.6620707874096223,
        2.6620707874096223,
        2.6620707874096223,
        2.660024887031892,
        2.660024887031892,
        2.660024887031892,
        2.660024887031892,
        2.660024887031892,
        1.0542580733343603,
        0.9885321580362789,
        0.9885321580362789,
        0.5595282896893754,
        0.5595282896893754,
        0.5595282896893754,
        0.3874947786316487,
        0.3874947786316487,
        0.3874947786316487,
        0.3525289413539494,
        0.3525289413539494,
        0.3525289413539494,
        0.16887389953194942,
        0.16887389953194942,
        0.16887389953194942,
        0.16887389953194942,
        0.16887389953194942,
        0.16887389953194942,
        0.1345995920810208,
        0.1345995920810208,
        0.08774804058396812,
        0.08774804058396812,
        0.07020387822577634,
        0.05501903551924814,
        0.03156330580419864,
        0.010842123687247796,
        0.010842123687247796,
        0.010842123687247796,
        0.010842123687247796,
        0.010750413222393451,
        0.010750413222393451,
        0.008721727776251686,
        0.008721727776251686,
        0.008721727776251686,
        0.008721727776251686,
        0.008721727776251686,
        0.008422953909296371,
        0.008146641609748873,
        0.008146641609748873,
        0.008146641609748873,
        0.004919465214378693,
        0.004919465214378693,
        0.004919465214378693,
        0.0036117987957244857,
        0.0036117987957244857,
        0.002265823930855948,
        0.002265823930855948,
        0.002265823930855948,
        0.002265823930855948,
        0.0008506505506216122,
        0.0008506505506216122,
        0.0008506505506216122,
        0.0008506505506216122,
        0.0008506505506216122,
        0.0005194832883366196,
        0.0005194832883366196,
        0.0005194832883366196,
        0.0005194832883366196,
        0.0005194832883366196,
        0.0005194832883366196,
        0.0005194832883366196,
        0.00022087640961432342,
        0.00022087640961432342,
        0.00014086211490793588,
        0.00014086211490793588,
        0.00014086211490793588,
        0.000114966214415535,
        0.00010836658751545158,
        0.00010836658751545158,
        0.00010836658751545158,
        0.00010836658751545158,
        0.00010836658751545158,
        0.00010836658751545158,
        0.00010836658751545158,
        3.3045871103087876e-05,
        3.3045871103087876e-05,
        3.3045871103087876e-05,
        3.177824266886731e-05,
        3.177824266886731e-05,
        3.177824266886731e-05,
        3.177824266886731e-05,
        3.177824266886731e-05,
        1.5896662138192852e-05,
        1.5896662138192852e-05,
        1.5896662138192852e-05,
        1.5896662138192852e-05,
        1.5896662138192852e-05,
        1.5896662138192852e-05,
        1.5896662138192852e-05
    ],
    "swarm_position_history": null,
    "timing_stats": {
        "total_time_s": 0.04365029989276081,
        "fitness_time_s": 0.03989390004426241,
        "velocity_update_time_s": 0.0012371002230793238,
        "position_update_time_s": 0.0006144996732473373
    },
    "config": {
        "num_particles": 30,
        "dimensions": 2,
        "max_iterations": 100,
        "inertia_weight": 0.7,
        "cognitive_coefficient": 1.5,
        "social_coefficient": 1.5,
        "seed": 4,
        "tolerance": 0.0,
        "stagnation_patience": null,
        "track_history": true,
        "track_swarm_history": false
    }
}