{
    "objective_name": "rosenbrock",
    "num_runs": 5,
    "mean_best_value": 111.67235875359083,
    "std_best_value": 28.039305126527207,
    "min_best_value": 83.91527625551143,
    "max_best_value": 152.76052468196093,
    "mean_elapsed_time_s": 0.013011820008978247,
    "std_elapsed_time_s": 0.00015630359146137561,
    "mean_iterations": 100.0,
    "min_iterations": 100,
    "max_iterations": 100
}