{
    "objective_name": "rosenbrock",
    "num_runs": 5,
    "mean_best_value": 17.267609097319927,
    "std_best_value": 8.084482068341263,
    "min_best_value": 5.9460571681138115,
    "max_best_value": 26.66806327228874,
    "mean_elapsed_time_s": 0.013042880001012235,
    "std_elapsed_time_s": 0.0001439252003389057,
    "mean_iterations": 100.0,
    "min_iterations": 100,
    "max_iterations": 100
}