{
    "objective_name": "rosenbrock",
    "num_runs": 5,
    "mean_best_value": 25.653675529702962,
    "std_best_value": 19.79793898718503,
    "min_best_value": 6.569991543995519,
    "max_best_value": 62.98954856872146,
    "mean_elapsed_time_s": 0.01323500000871718,
    "std_elapsed_time_s": 0.0003791149879662269,
    "mean_iterations": 100.0,
    "min_iterations": 100,
    "max_iterations": 100
}