{
    "objective_name": "rosenbrock",
    "num_runs": 5,
    "mean_best_value": 6.402126149499942,
    "std_best_value": 1.688380951033346,
    "min_best_value": 3.979491506824191,
    "max_best_value": 8.346281964488234,
    "mean_elapsed_time_s": 0.013081740017514675,
    "std_elapsed_time_s": 0.00017163878276301616,
    "mean_iterations": 100.0,
    "min_iterations": 100,
    "max_iterations": 100
}