{
    "objective_name": "rosenbrock",
    "num_runs": 5,
    "mean_best_value": 7.824865420079239,
    "std_best_value": 2.3049659094521293,
    "min_best_value": 5.04250499396608,
    "max_best_value": 11.59281552948657,
    "mean_elapsed_time_s": 0.013244599988684057,
    "std_elapsed_time_s": 9.999454131618921e-05,
    "mean_iterations": 100.0,
    "min_iterations": 100,
    "max_iterations": 100
}