{
    "objective_name": "rosenbrock",
    "num_runs": 5,
    "mean_best_value": 73.17715677899976,
    "std_best_value": 28.510382667937183,
    "min_best_value": 31.259335865420464,
    "max_best_value": 102.90179435245747,
    "mean_elapsed_time_s": 0.013009820005390794,
    "std_elapsed_time_s": 8.46792144802075e-05,
    "mean_iterations": 100.0,
    "min_iterations": 100,
    "max_iterations": 100
}