{
    "objective_name": "rosenbrock",
    "num_runs": 5,
    "mean_best_value": 7.919763855789748,
    "std_best_value": 0.5385314640956103,
    "min_best_value": 7.2658084427293135,
    "max_best_value": 8.500774007843875,
    "mean_elapsed_time_s": 0.013098259991966187,
    "std_elapsed_time_s": 1.841700864874049e-05,
    "mean_iterations": 100.0,
    "min_iterations": 100,
    "max_iterations": 100
}