{
    "objective_name": "rosenbrock",
    "num_runs": 5,
    "mean_best_value": 12.428458890450965,
    "std_best_value": 9.922611689836975,
    "min_best_value": 3.3437267999078175,
    "max_best_value": 31.764435214629074,
    "mean_elapsed_time_s": 0.013559719990007579,
    "std_elapsed_time_s": 0.00048490877743733417,
    "mean_iterations": 100.0,
    "min_iterations": 100,
    "max_iterations": 100
}