{
    "objective_name": "rosenbrock",
    "num_runs": 5,
    "mean_best_value": 112.26394609736903,
    "std_best_value": 17.205159443620275,
    "min_best_value": 92.21655808556278,
    "max_best_value": 135.0678751724597,
    "mean_elapsed_time_s": 0.013021959993056952,
    "std_elapsed_time_s": 0.00011718363005229328,
    "mean_iterations": 100.0,
    "min_iterations": 100,
    "max_iterations": 100
}