{
    "objective_name": "rosenbrock",
    "num_runs": 5,
    "mean_best_value": 10.359610983008183,
    "std_best_value": 3.062417806728103,
    "min_best_value": 4.857024541381319,
    "max_best_value": 13.997583748094927,
    "mean_elapsed_time_s": 0.013162420014850795,
    "std_elapsed_time_s": 0.00032487188848217115,
    "mean_iterations": 100.0,
    "min_iterations": 100,
    "max_iterations": 100
}