{
    "objective_name": "rosenbrock",
    "num_runs": 5,
    "mean_best_value": 11.223395484951743,
    "std_best_value": 7.099428715141182,
    "min_best_value": 5.3660536596549795,
    "max_best_value": 25.174378857967675,
    "mean_elapsed_time_s": 0.013070720015093684,
    "std_elapsed_time_s": 0.00012912266958446103,
    "mean_iterations": 100.0,
    "min_iterations": 100,
    "max_iterations": 100
}