{
    "objective_name": "rosenbrock",
    "num_runs": 5,
    "mean_best_value": 13.685669471090335,
    "std_best_value": 6.437593605712203,
    "min_best_value": 8.148576556527107,
    "max_best_value": 25.971320105321265,
    "mean_elapsed_time_s": 0.013316660013515502,
    "std_elapsed_time_s": 0.0007149930478289393,
    "mean_iterations": 100.0,
    "min_iterations": 100,
    "max_iterations": 100
}