{
    "objective_name": "rosenbrock",
    "num_runs": 5,
    "mean_best_value": 17.364803557341276,
    "std_best_value": 2.1039419348767128,
    "min_best_value": 14.546507456055922,
    "max_best_value": 20.181124152914073,
    "mean_elapsed_time_s": 0.01303360000019893,
    "std_elapsed_time_s": 8.506921971356575e-05,
    "mean_iterations": 100.0,
    "min_iterations": 100,
    "max_iterations": 100
}