{
    "objective_name": "rosenbrock",
    "num_runs": 5,
    "mean_best_value": 5.847888686954294,
    "std_best_value": 0.8215754418563288,
    "min_best_value": 4.57340239163673,
    "max_best_value": 6.995402297763572,
    "mean_elapsed_time_s": 0.01329818000085652,
    "std_elapsed_time_s": 0.00018930743089706897,
    "mean_iterations": 100.0,
    "min_iterations": 100,
    "max_iterations": 100
}