{
    "objective": "rastrigin",
    "evaluation_mode": "multiprocessing",
    "best_value": 12.629445921782487,
    "best_position": [
        -0.9262778431768792,
        0.008775604955097348,
        -0.06820239029321118,
        -1.9651716747753847,
        -0.9401352770419669,
        -0.9780623060315679,
        1.0618536039314388,
        0.027484035418760162,
        -1.0091110865189072,
        -0.0025507898006777788
    ],
    "elapsed_time_s": 0.2671404000138864,
    "iterations_completed": 100,
    "best_value_history": [
        107.95451954604201,
        107.95451954604201,
        107.95451954604201,
        107.95451954604201,
        107.20516170434558,
        107.20516170434558,
        89.06944876378847,
        89.06944876378847,
        85.77726613884164,
        76.20750970492304,
        76.20750970492304,
        76.20750970492304,
        76.20750970492304,
        73.27549514472025,
        73.27549514472025,
        59.868802820829856,
        59.868802820829856,
        59.45121790382916,
        59.45121790382916,
        59.45121790382916,
        59.45121790382916,
        59.45121790382916,
        59.45121790382916,
        59.45121790382916,
        59.45121790382916,
        52.307248467672494,
        52.307248467672494,
        52.307248467672494,
        52.307248467672494,
        52.307248467672494,
        52.307248467672494,
        52.307248467672494,
        52.307248467672494,
        52.307248467672494,
        52.307248467672494,
        52.307248467672494,
        50.96985417426277,
        50.96985417426277,
        50.96985417426277,
        50.96985417426277,
        45.30621970625349,
        45.30621970625349,
        45.30621970625349,
        45.30621970625349,
        45.30621970625349,
        45.30621970625349,
        45.30621970625349,
        45.30621970625349,
        45.30621970625349,
        45.032710825657276,
        45.032710825657276,
        42.57774000881608,
        42.57774000881608,
        42.57774000881608,
        42.57774000881608,
        42.418956915909604,
        42.418956915909604,
        42.418956915909604,
        42.418956915909604,
        42.418956915909604,
        42.418956915909604,
        42.418956915909604,
        42.418956915909604,
        35.092394092024705,
        35.092394092024705,
        35.092394092024705,
        35.092394092024705,
        26.202490955495144,
        26.202490955495144,
        26.202490955495144,
        26.202490955495144,
        17.652957348632498,
        17.652957348632498,
        17.652957348632498,
        17.652957348632498,
        16.162894090612493,
        16.162894090612493,
        15.918048138396289,
        15.918048138396289,
        15.918048138396289,
        14.769138565979585,
        14.732027912347554,
        14.732027912347554,
        14.119564988873485,
        14.119564988873485,
        14.107589684806163,
        14.107589684806163,
        14.107395214599089,
        14.107395214599089,
        14.107395214599089,
        14.077464937001949,
        14.027215486236907,
        13.581804932916489,
        12.629445921782487,
        12.629445921782487,
        12.629445921782487,
        12.629445921782487,
        12.629445921782487,
        12.629445921782487,
        12.629445921782487
    ],
    "swarm_position_history": null,
    "timing_stats": {
        "total_time_s": 0.26713419996667653,
        "fitness_time_s": 0.26185530005022883,
        "velocity_update_time_s": 0.001913800137117505,
        "position_update_time_s": 0.000815899227745831
    },
    "config": {
        "num_particles": 30,
        "dimensions": 10,
        "max_iterations": 100,
        "inertia_weight": 0.7,
        "cognitive_coefficient": 1.5,
        "social_coefficient": 1.5,
        "seed": 0,
        "tolerance": 0.0,
        "stagnation_patience": null,
        "track_history": true,
        "track_swarm_history": false
    }
}