{
    "objective": "rosenbrock",
    "evaluation_mode": "pyswarm",
    "best_value": 6.766751382954039,
    "best_position": [
        0.7238823708499299,
        0.5130465893985459,
        0.2583604101634987,
        0.0646894750285488,
        0.01115904512291215,
        0.00684221064456359,
        0.012935319673237567,
        0.02102295492848054,
        0.0075555654408554435,
        -0.023902611155618685
    ],
    "elapsed_time_s": 0.036695399903692305,
    "iterations_completed": 100,
    "best_value_history": [
        1333.5783745324381,
        1333.5783745324381,
        1016.0478210418805,
        805.1066941741079,
        274.9658978859168,
        274.9658978859168,
        155.5866651046191,
        155.5866651046191,
        155.5866651046191,
        134.4513089911843,
        107.68043766453064,
        107.68043766453064,
        107.68043766453064,
        73.36821609187231,
        62.376501059041935,
        61.32112563354575,
        46.530269409165406,
        46.530269409165406,
        46.530269409165406,
        39.481920830011376,
        33.307671885465396,
        23.184232142609087,
        23.184232142609087,
        20.390215217415836,
        20.390215217415836,
        17.698833441171704,
        17.698833441171704,
        17.698833441171704,
        17.698833441171704,
        17.698833441171704,
        17.137183579688454,
        14.717381103330545,
        13.654178136757366,
        10.918384003240638,
        10.240716110167273,
        9.659740487691867,
        9.659740487691867,
        9.659740487691867,
        9.659740487691867,
        8.618127106145593,
        8.612313292762838,
        8.612313292762838,
        8.355298746326428,
        8.138275648881677,
        8.138275648881677,
        8.022275724928711,
        7.92771193625403,
        7.92771193625403,
        7.92771193625403,
        7.895572380296128,
        7.795744056672921,
        7.795744056672921,
        7.782107232570356,
        7.729059992457735,
        7.72066989649845,
        7.709245084598325,
        7.709245084598325,
        7.699728246257193,
        7.697472771419356,
        7.684035928186458,
        7.684035928186458,
        7.684035928186458,
        7.684035928186458,
        7.673502111323578,
        7.634072947164198,
        7.625395127997569,
        7.620843255572055,
        7.590654137370794,
        7.567001568438377,
        7.487344133533208,
        7.481422690216687,
        7.481422690216687,
        7.481422690216687,
        7.477616313482974,
        7.477616313482974,
        7.466216748478647,
        7.386774771664247,
        7.386488837574311,
        7.386488837574311,
        7.29136632526655,
        7.244282017334608,
        7.244282017334608,
        7.243214776048855,
        7.205068550880876,
        7.180723524876354,
        7.144629772423121,
        7.144629772423121,
        7.144629772423121,
        7.134845668094933,
        7.100579522298316,
        6.987918740655137,
        6.987918740655137,
        6.904675388653437,
        6.904675388653437,
        6.858029114935039,
        6.8277137036001845,
        6.8260022997080165,
        6.78372396762318,
        6.766751382954039,
        6.766751382954039
    ],
    "swarm_position_history": null,
    "timing_stats": {
        "total_time_s": 0.036695399903692305,
        "fitness_time_s": null,
        "velocity_update_time_s": null,
        "position_update_time_s": null,
        "solver": "pyswarm",
        "solver_messages": [
            "Stopping search: maximum iterations reached --> 100"
        ]
    },
    "config": {
        "num_particles": 30,
        "dimensions": 10,
        "max_iterations": 100,
        "inertia_weight": 0.7,
        "cognitive_coefficient": 1.5,
        "social_coefficient": 1.5,
        "seed": 3,
        "tolerance": 0.0,
        "stagnation_patience": null,
        "track_history": true,
        "track_swarm_history": false
    }
}