{
    "objective": "rosenbrock",
    "evaluation_mode": "pyswarm",
    "best_value": 6.308078423764487,
    "best_position": [
        0.7696662040708084,
        0.6029631321688883,
        0.3621762042378412,
        0.13607974218499513,
        0.02399322574694189,
        0.005153416792963715,
        0.006388448297504365,
        0.008382375254383779,
        0.012496507204843434,
        0.010566733276569366
    ],
    "elapsed_time_s": 0.039686799980700016,
    "iterations_completed": 100,
    "best_value_history": [
        1594.7862254101992,
        1594.7862254101992,
        1594.7862254101992,
        1464.125855979179,
        1464.125855979179,
        570.4730648773824,
        317.1131079554499,
        125.39361166356025,
        115.84230741970717,
        107.19112338902313,
        107.19112338902313,
        107.19112338902313,
        77.82231229663363,
        77.82231229663363,
        77.82231229663363,
        77.82231229663363,
        59.81256117715188,
        26.51286153018406,
        26.51286153018406,
        26.51286153018406,
        26.51286153018406,
        24.762685391234154,
        15.379854296968588,
        15.379854296968588,
        15.379854296968588,
        15.379854296968588,
        15.379854296968588,
        15.379854296968588,
        10.593950806433433,
        10.593950806433433,
        10.593950806433433,
        10.142882682792129,
        10.142882682792129,
        9.777271273185287,
        9.777271273185287,
        9.585354545623339,
        9.585354545623339,
        9.071943936304097,
        9.071943936304097,
        8.76559381783338,
        8.76559381783338,
        8.552934493221624,
        8.527746033498277,
        8.412937732551752,
        8.31617763463762,
        8.31617763463762,
        8.263485215529089,
        8.165100254144564,
        7.97008402745387,
        7.950455778252474,
        7.950455778252474,
        7.893619221593032,
        7.887344801270011,
        7.887344801270011,
        7.811349168069339,
        7.694602873827756,
        7.654303664440158,
        7.556777101161167,
        7.549623693972506,
        7.476284820215954,
        7.420042430432635,
        7.420042430432635,
        7.420042430432635,
        7.40781653139762,
        7.212598038223445,
        7.212598038223445,
        7.212598038223445,
        7.212598038223445,
        7.058643747900757,
        7.058643747900757,
        7.026957508237899,
        7.026957508237899,
        7.026957508237899,
        7.026957508237899,
        7.020075198969197,
        6.98679705621036,
        6.923540982962613,
        6.883954489295016,
        6.794786713336283,
        6.794786713336283,
        6.770220147479923,
        6.770220147479923,
        6.769484989052026,
        6.719347848914411,
        6.686713213487261,
        6.645593345885414,
        6.584186094473155,
        6.584186094473155,
        6.528169773622152,
        6.4223060625570545,
        6.4223060625570545,
        6.4223060625570545,
        6.4223060625570545,
        6.4223060625570545,
        6.405279387382958,
        6.344446058630309,
        6.308078423764487,
        6.308078423764487,
        6.308078423764487,
        6.308078423764487
    ],
    "swarm_position_history": null,
    "timing_stats": {
        "total_time_s": 0.039686799980700016,
        "fitness_time_s": null,
        "velocity_update_time_s": null,
        "position_update_time_s": null,
        "solver": "pyswarm",
        "solver_messages": [
            "Stopping search: maximum iterations reached --> 100"
        ]
    },
    "config": {
        "num_particles": 30,
        "dimensions": 10,
        "max_iterations": 100,
        "inertia_weight": 0.7,
        "cognitive_coefficient": 1.5,
        "social_coefficient": 1.5,
        "seed": 4,
        "tolerance": 0.0,
        "stagnation_patience": null,
        "track_history": true,
        "track_swarm_history": false
    }
}