{
    "objective": "rosenbrock",
    "evaluation_mode": "pyswarm",
    "best_value": 6.611285810781809,
    "best_position": [
        0.7753400820937205,
        0.6035501308326621,
        0.379686466541707,
        0.101215290963907,
        0.02898876146712359,
        0.015152203956043768,
        0.016422269466678054,
        -0.005260363026438959,
        0.028682899603749784,
        -0.0023993518912843476
    ],
    "elapsed_time_s": 0.037178799975663424,
    "iterations_completed": 100,
    "best_value_history": [
        1328.9757045008366,
        691.2360989172016,
        691.2360989172016,
        691.2360989172016,
        691.2360989172016,
        691.2360989172016,
        126.75535416662068,
        126.75535416662068,
        125.45911469969342,
        125.45911469969342,
        113.54382263559721,
        113.54382263559721,
        113.54382263559721,
        60.568310048690535,
        60.568310048690535,
        60.568310048690535,
        60.568310048690535,
        60.568310048690535,
        49.617763800387614,
        36.15170028900666,
        31.516800912296944,
        31.516800912296944,
        26.724004339386198,
        26.724004339386198,
        26.724004339386198,
        26.724004339386198,
        26.294957533396392,
        25.04764984883073,
        20.38306280875437,
        16.639967643018924,
        16.1916606972649,
        15.316217284513867,
        15.316217284513867,
        13.18064303799697,
        13.18064303799697,
        13.18064303799697,
        13.18064303799697,
        12.54955035835355,
        11.02330662780897,
        11.02330662780897,
        11.02330662780897,
        11.02330662780897,
        10.732864335996515,
        10.72718359429194,
        10.72718359429194,
        9.500683243934457,
        9.500683243934457,
        9.500683243934457,
        9.500683243934457,
        9.265360240739927,
        9.265360240739927,
        9.152272693808603,
        9.152272693808603,
        8.761181198799923,
        8.761181198799923,
        8.761181198799923,
        8.712153006235251,
        8.712153006235251,
        8.636455779239302,
        8.363410777832247,
        8.363410777832247,
        8.363410777832247,
        8.284833928494733,
        8.071729479556833,
        7.975397144144079,
        7.87000092497702,
        7.87000092497702,
        7.727861222470285,
        7.727861222470285,
        7.724902044245359,
        7.724902044245359,
        7.680021680224463,
        7.67543283291036,
        7.619808364567565,
        7.619808364567565,
        7.55597340540096,
        7.509146581936596,
        7.50819774264559,
        7.459376668419563,
        7.459376668419563,
        7.459376668419563,
        7.415120775919144,
        7.350737675296788,
        7.288012828088334,
        7.250735301465587,
        7.159112810277802,
        7.103131202374207,
        6.901139688163403,
        6.868741599997552,
        6.676078307693475,
        6.676078307693475,
        6.676078307693475,
        6.676078307693475,
        6.641883156824659,
        6.615022574686995,
        6.615022574686995,
        6.615022574686995,
        6.615022574686995,
        6.615022574686995,
        6.611285810781809
    ],
    "swarm_position_history": null,
    "timing_stats": {
        "total_time_s": 0.037178799975663424,
        "fitness_time_s": null,
        "velocity_update_time_s": null,
        "position_update_time_s": null,
        "solver": "pyswarm",
        "solver_messages": [
            "Stopping search: maximum iterations reached --> 100"
        ]
    },
    "config": {
        "num_particles": 30,
        "dimensions": 10,
        "max_iterations": 100,
        "inertia_weight": 0.7,
        "cognitive_coefficient": 1.5,
        "social_coefficient": 1.5,
        "seed": 0,
        "tolerance": 0.0,
        "stagnation_patience": null,
        "track_history": true,
        "track_swarm_history": false
    }
}