{
    "objective": "rosenbrock",
    "evaluation_mode": "pyswarm",
    "best_value": 6.339565992879155,
    "best_position": [
        0.7736808933337913,
        0.598484542461405,
        0.3779969980855899,
        0.14791871963903097,
        0.02665576410742565,
        -0.00741838071371624,
        0.00911214229607127,
        -0.0051513616991632726,
        0.007149395349744058,
        0.008577410384204164
    ],
    "elapsed_time_s": 0.037126700044609606,
    "iterations_completed": 100,
    "best_value_history": [
        1212.4533606184023,
        824.6985567747671,
        824.6985567747671,
        620.6371104775603,
        620.6371104775603,
        577.5505749252284,
        329.91790595116044,
        293.4691963465934,
        293.4691963465934,
        269.397330105968,
        239.13971207032444,
        141.62935063120074,
        74.0503811464513,
        74.0503811464513,
        74.0503811464513,
        40.94828391197253,
        40.94828391197253,
        36.25739988011941,
        36.25739988011941,
        26.440559247531795,
        24.395686183669493,
        20.969189227021644,
        15.252920364903293,
        15.252920364903293,
        15.252920364903293,
        15.070757868841424,
        15.070757868841424,
        15.070757868841424,
        14.500078253083416,
        14.500078253083416,
        12.970262565103198,
        11.199226096004299,
        10.341984120744447,
        10.265084817163121,
        10.265084817163121,
        9.119946409282562,
        8.314476939550191,
        8.314476939550191,
        8.252239948867304,
        8.252239948867304,
        8.252239948867304,
        8.252239948867304,
        8.252239948867304,
        8.178919393779346,
        8.178919393779346,
        8.178919393779346,
        8.178919393779346,
        8.169969515024093,
        8.169969515024093,
        7.763145779793562,
        7.763145779793562,
        7.697303656285015,
        7.697303656285015,
        7.697303656285015,
        7.695088835945258,
        7.680113626630863,
        7.680113626630863,
        7.658844282160825,
        7.559742968731363,
        7.559742968731363,
        7.559742968731363,
        7.549966864537453,
        7.52139263121479,
        7.52139263121479,
        7.417283073942596,
        7.417283073942596,
        7.417283073942596,
        7.417283073942596,
        7.414957320988604,
        7.319668133133215,
        7.288320769619638,
        7.186437444917262,
        7.055696294687616,
        7.046912373275612,
        6.981307879718185,
        6.981119805978897,
        6.981119805978897,
        6.978710890966382,
        6.948839830542322,
        6.917815050847069,
        6.860439722044219,
        6.851410490703771,
        6.851410490703771,
        6.848797059871737,
        6.848797059871737,
        6.779122732185023,
        6.779122732185023,
        6.747001456342762,
        6.709277732062985,
        6.688228686120547,
        6.688228686120547,
        6.563431012995263,
        6.563431012995263,
        6.507569417052,
        6.507569417052,
        6.436909956004283,
        6.425461068232854,
        6.414253361901464,
        6.379621372963666,
        6.339565992879155
    ],
    "swarm_position_history": null,
    "timing_stats": {
        "total_time_s": 0.037126700044609606,
        "fitness_time_s": null,
        "velocity_update_time_s": null,
        "position_update_time_s": null,
        "solver": "pyswarm",
        "solver_messages": [
            "Stopping search: maximum iterations reached --> 100"
        ]
    },
    "config": {
        "num_particles": 30,
        "dimensions": 10,
        "max_iterations": 100,
        "inertia_weight": 0.7,
        "cognitive_coefficient": 1.5,
        "social_coefficient": 1.5,
        "seed": 1,
        "tolerance": 0.0,
        "stagnation_patience": null,
        "track_history": true,
        "track_swarm_history": false
    }
}