{
    "objective": "rosenbrock",
    "evaluation_mode": "pyswarm",
    "best_value": 6.911589756532592,
    "best_position": [
        0.716748148776444,
        0.5089040369809561,
        0.23872954533693758,
        0.07374071355540367,
        0.00871562376663178,
        -0.020643479354343578,
        0.01808363385365793,
        0.018143043355011053,
        -0.0012848640680880666,
        0.01377717267293911
    ],
    "elapsed_time_s": 0.03715749992989004,
    "iterations_completed": 100,
    "best_value_history": [
        856.0870954682787,
        856.0870954682787,
        529.5477149318822,
        529.5477149318822,
        529.5477149318822,
        529.5477149318822,
        529.5477149318822,
        330.3832934807555,
        330.3832934807555,
        330.3832934807555,
        213.68383594243733,
        213.68383594243733,
        213.68383594243733,
        213.68383594243733,
        108.82348661466588,
        108.82348661466588,
        108.82348661466588,
        102.27262454850157,
        63.96589459267617,
        49.86601092068725,
        47.583063671074775,
        38.96180573930962,
        28.33067544368347,
        28.33067544368347,
        20.79494517711864,
        18.570858116045464,
        18.570858116045464,
        18.570858116045464,
        18.570858116045464,
        16.128307474944236,
        15.07305014645855,
        15.07305014645855,
        14.690047845439574,
        14.690047845439574,
        14.690047845439574,
        14.201288426862059,
        12.878355890975982,
        12.878355890975982,
        12.225506423528211,
        12.225506423528211,
        11.04215307158983,
        10.125014185209924,
        9.997635568597538,
        9.997635568597538,
        9.997635568597538,
        9.634828881053814,
        9.634828881053814,
        9.634828881053814,
        9.634828881053814,
        9.634828881053814,
        9.553123757904194,
        9.390740636895726,
        9.390740636895726,
        9.364695793722655,
        9.364695793722655,
        9.307897846018408,
        9.307897846018408,
        9.282388072416905,
        9.281695148893407,
        9.126143930401929,
        9.126143930401929,
        9.051563849567664,
        9.051563849567664,
        9.050414494530667,
        9.046017328269103,
        8.95104105807927,
        8.95104105807927,
        8.396830933194352,
        8.396830933194352,
        8.173745437907547,
        8.11187569549055,
        8.11187569549055,
        8.11187569549055,
        8.11187569549055,
        8.104954383977608,
        7.913430927765264,
        7.913430927765264,
        7.911415395790771,
        7.733636721460688,
        7.733636721460688,
        7.548884836812306,
        7.548884836812306,
        7.548884836812306,
        7.548884836812306,
        7.548884836812306,
        7.486966827629053,
        7.458819435261034,
        7.384329723854496,
        7.231316830167167,
        7.143001650934621,
        7.143001650934621,
        7.113667128252297,
        7.113667128252297,
        7.113667128252297,
        7.113667128252297,
        7.019330341619852,
        7.019330341619852,
        7.019330341619852,
        6.911589756532592,
        6.911589756532592
    ],
    "swarm_position_history": null,
    "timing_stats": {
        "total_time_s": 0.03715749992989004,
        "fitness_time_s": null,
        "velocity_update_time_s": null,
        "position_update_time_s": null,
        "solver": "pyswarm",
        "solver_messages": [
            "Stopping search: maximum iterations reached --> 100"
        ]
    },
    "config": {
        "num_particles": 30,
        "dimensions": 10,
        "max_iterations": 100,
        "inertia_weight": 0.7,
        "cognitive_coefficient": 1.5,
        "social_coefficient": 1.5,
        "seed": 2,
        "tolerance": 0.0,
        "stagnation_patience": null,
        "track_history": true,
        "track_swarm_history": false
    }
}