{
    "objective": "rastrigin",
    "evaluation_mode": null,
    "best_value": 231.06342066413467,
    "best_position": [
        1.2596916953798352,
        -0.05720878246987083,
        0.8680406657481845,
        1.0216342260089526,
        0.859920454389711,
        2.9643200819246136,
        0.09427481400967026,
        -0.9900066552388868,
        -5.0298169847049365,
        -0.8426301478432658,
        0.8601081062811108,
        -0.8859915891869143,
        -1.0737597024404277,
        -0.2885678849669949,
        0.1453600741967052,
        1.0666968590201509,
        1.1111948633520206,
        -2.3765536584118783,
        0.04352951338187294,
        1.822120499110987,
        1.1403627770802378,
        1.8687949697139106,
        -1.9271370512894674,
        -4.052496577009163,
        1.7590881837541124,
        1.924995484929601,
        1.0107238047688818,
        4.210182896390323,
        -2.772461194622245,
        -3.016455775309021
    ],
    "elapsed_time_s": 0.01634779991582036,
    "iterations_completed": 100,
    "best_value_history": [
        412.29260413421366,
        412.29260413421366,
        412.29260413421366,
        408.46587750866917,
        399.67537145424603,
        399.67537145424603,
        399.67537145424603,
        399.67537145424603,
        377.14595492368625,
        377.14595492368625,
        377.14595492368625,
        376.36974795940677,
        356.4451212742476,
        356.4451212742476,
        348.07669983854134,
        318.3129782944755,
        318.3129782944755,
        318.3129782944755,
        318.3129782944755,
        318.3129782944755,
        318.3129782944755,
        318.3129782944755,
        318.3129782944755,
        318.3129782944755,
        318.3129782944755,
        318.3129782944755,
        318.3129782944755,
        316.9574087258435,
        316.9574087258435,
        316.9574087258435,
        316.9574087258435,
        316.9574087258435,
        309.8634998637629,
        309.8634998637629,
        309.8634998637629,
        309.8634998637629,
        309.8634998637629,
        309.8634998637629,
        299.16063824464834,
        299.16063824464834,
        299.16063824464834,
        299.16063824464834,
        299.16063824464834,
        299.16063824464834,
        299.16063824464834,
        299.16063824464834,
        299.16063824464834,
        299.16063824464834,
        299.16063824464834,
        299.16063824464834,
        299.16063824464834,
        299.16063824464834,
        299.16063824464834,
        299.16063824464834,
        299.16063824464834,
        299.16063824464834,
        299.16063824464834,
        299.16063824464834,
        291.93732818202227,
        291.93732818202227,
        291.93732818202227,
        291.93732818202227,
        280.5160232161626,
        280.5160232161626,
        280.5160232161626,
        277.95586293937515,
        277.95586293937515,
        277.95586293937515,
        274.0907557465642,
        274.0907557465642,
        261.29344147856426,
        261.29344147856426,
        261.29344147856426,
        261.29344147856426,
        261.29344147856426,
        261.29344147856426,
        261.29344147856426,
        261.29344147856426,
        261.29344147856426,
        261.29344147856426,
        261.29344147856426,
        261.29344147856426,
        261.29344147856426,
        261.29344147856426,
        261.29344147856426,
        253.65961514659054,
        253.65961514659054,
        253.65961514659054,
        253.65961514659054,
        253.65961514659054,
        253.65961514659054,
        244.74188940183953,
        244.74188940183953,
        244.74188940183953,
        244.74188940183953,
        244.74188940183953,
        237.28564170187374,
        237.28564170187374,
        231.06342066413467,
        231.06342066413467
    ],
    "swarm_position_history": null,
    "timing_stats": {
        "total_time_s": 0.01634059997741133,
        "fitness_time_s": 0.014024699572473764,
        "velocity_update_time_s": 0.00109999964479357,
        "position_update_time_s": 0.0006076004356145859
    },
    "config": {
        "num_particles": 30,
        "dimensions": 30,
        "max_iterations": 100,
        "inertia_weight": 0.7,
        "cognitive_coefficient": 1.5,
        "social_coefficient": 1.5,
        "seed": 1,
        "tolerance": 0.0,
        "stagnation_patience": null,
        "track_history": true,
        "track_swarm_history": false
    }
}