{
    "objective": "rastrigin",
    "evaluation_mode": null,
    "best_value": 83.57637489296623,
    "best_position": [
        -1.1450865774843272e-05,
        -0.9949348274614841,
        -2.031191946179735e-06,
        1.9899109629310243,
        2.984889522386585,
        -1.9899041112909903,
        -0.9949634489922121,
        -2.984868780314971,
        -1.9899130920767816,
        -1.9899098182981372,
        -1.3119857424524751e-05,
        0.9949797272304501,
        0.9949596404200343,
        -1.989912971017169,
        -9.528441938599434e-06,
        -0.9949579232786236,
        2.9848627338598743,
        -2.9848560682315615,
        -0.9949529210217287,
        -0.9949618436199783,
        -0.9949448937002076,
        -1.9392995664177386e-06,
        0.9949564927722729,
        -2.984872308265683,
        1.9899184440525288,
        -0.994948556146766,
        -2.605630267567899e-06,
        -1.9899016948483248,
        0.9949573168340818,
        -2.5225736823239023e-06
    ],
    "elapsed_time_s": 0.0654582999413833,
    "iterations_completed": 500,
    "best_value_history": [
        297.3506601017768,
        297.3506601017768,
        297.3506601017768,
        297.3506601017768,
        297.3506601017768,
        297.3506601017768,
        297.3506601017768,
        297.3506601017768,
        297.3506601017768,
        289.11804154107665,
        289.11804154107665,
        289.11804154107665,
        289.11804154107665,
        289.11804154107665,
        289.11804154107665,
        289.11804154107665,
        289.11804154107665,
        271.9470798213154,
        271.9470798213154,
        271.9470798213154,
        271.9470798213154,
        250.54165159302548,
        250.54165159302548,
        250.54165159302548,
        238.9458372948452,
        238.9458372948452,
        238.9458372948452,
        223.34278027267393,
        223.34278027267393,
        223.34278027267393,
        223.34278027267393,
        218.08117189904465,
        218.08117189904465,
        212.84193771651766,
        212.84193771651766,
        212.84193771651766,
        204.10194349032122,
        204.10194349032122,
        204.10194349032122,
        204.10194349032122,
        204.10194349032122,
        204.10194349032122,
        204.10194349032122,
        204.10194349032122,
        204.10194349032122,
        189.83406493813294,
        189.83406493813294,
        189.83406493813294,
        189.83406493813294,
        189.83406493813294,
        189.83406493813294,
        189.83406493813294,
        189.83406493813294,
        189.83406493813294,
        189.83406493813294,
        187.00823921132036,
        180.12514979655683,
        180.12514979655683,
        180.12514979655683,
        180.12514979655683,
        164.14630968239544,
        164.14630968239544,
        164.14630968239544,
        164.14630968239544,
        164.14630968239544,
        161.55842116637305,
        159.92827874922233,
        159.92827874922233,
        159.92827874922233,
        158.82212531214788,
        158.82212531214788,
        156.81103117581696,
        152.85932193002824,
        152.85932193002824,
        145.68590415448094,
        145.68590415448094,
        145.68590415448094,
        145.68590415448094,
        145.68590415448094,
        131.93474801814324,
        130.0071332866156,
        130.0071332866156,
        130.0071332866156,
        130.0071332866156,
        127.95834356785905,
        127.95834356785905,
        127.95834356785905,
        125.3583040795016,
        125.3583040795016,
        123.52594846098404,
        123.52594846098404,
        123.52594846098404,
        121.43572614426795,
        120.30567087815017,
        120.30567087815017,
        113.91593477627264,
        113.91593477627264,
        112.77304240043807,
        110.65841750442839,
        110.65841750442839,
        110.65841750442839,
        107.19974282683133,
        104.88028985174783,
        104.88028985174783,
        97.64165221297249,
        97.64165221297249,
        97.64165221297249,
        97.64165221297249,
        97.64165221297249,
        97.64165221297249,
        97.64165221297249,
        95.39621426434076,
        95.05924086238203,
        94.43211502921427,
        94.2893845326222,
        93.60609100948103,
        92.55683002722405,
        92.45948942221825,
        92.45948942221825,
        92.45948942221825,
        92.12389977593482,
        91.6877419209957,
        91.12673551332752,
        90.39476313868437,
        89.7279569058546,
        89.7279569058546,
        89.47580060778247,
        89.20495479085156,
        89.20495479085156,
        88.08584206408985,
        87.58062406320725,
        87.33386339793174,
        87.07428147725132,
        87.0558722978165,
        86.95907817476817,
        86.95907817476817,
        86.87609516446349,
        86.82281926114885,
        86.73322989864262,
        86.44203485555806,
        86.44203485555806,
        86.44203485555806,
        86.39380073494115,
        86.33202126701565,
        86.33202126701565,
        86.33202126701565,
        86.25282197590839,
        86.18103551930338,
        86.18103551930338,
        86.18103551930338,
        86.02789612245364,
        85.84018223835152,
        85.84018223835152,
        85.84018223835152,
        85.71942205990857,
        85.71942205990857,
        85.62944251302687,
        85.58256699930176,
        85.58256699930176,
        85.55795547523144,
        85.53394194373772,
        85.4871637456452,
        85.4871637456452,
        85.45876188530471,
        85.40943165786445,
        85.40829001461874,
        85.40829001461874,
        85.38889062926417,
        85.36667087337376,
        85.36667087337376,
        85.33611283515656,
        85.30998268497825,
        85.25095910607149,
        85.21260005715861,
        85.16233635647576,
        85.11887178544359,
        85.10041511538134,
        84.99329409462514,
        84.96125212317607,
        84.95184042179301,
        84.86586331483856,
        84.80925227906774,
        84.68265466118923,
        84.51930205083104,
        84.46251765155385,
        84.32508223494781,
        84.24933014153613,
        84.20323187647907,
        84.07793136634527,
        84.04824320505304,
        84.04356806573333,
        83.95492913593576,
        83.94012260936047,
        83.92302444427474,
        83.91019994623494,
        83.89813086274012,
        83.85833601621242,
        83.85833601621242,
        83.8360959604121,
        83.8360959604121,
        83.83347952297572,
        83.80370735069671,
        83.79882333657821,
        83.76758051017953,
        83.76758051017953,
        83.76605430477969,
        83.75987159820095,
        83.75140724561115,
        83.75140724561115,
        83.75140724561115,
        83.74810638900263,
        83.73485337736057,
        83.73485337736057,
        83.72942425504192,
        83.72468541861636,
        83.72468541861636,
        83.71139277002924,
        83.71139277002924,
        83.71139277002924,
        83.71139277002924,
        83.71139277002924,
        83.70976930495993,
        83.70561405386348,
        83.6957022030004,
        83.69467074608364,
        83.68787982772932,
        83.67870313356389,
        83.67870313356389,
        83.67601977715938,
        83.6738481543511,
        83.66787991341246,
        83.66787991341246,
        83.66529070678749,
        83.66482091692272,
        83.6632640027525,
        83.65716237615692,
        83.65716237615692,
        83.65654387572897,
        83.65468908990044,
        83.65097157617477,
        83.64718157123983,
        83.64444892600484,
        83.63971234737811,
        83.63855837192975,
        83.63657119074223,
        83.6296994445638,
        83.62656117229561,
        83.62593884617957,
        83.6191299540133,
        83.6191299540133,
        83.6191299540133,
        83.61741577554153,
