{
    "objective": "rastrigin",
    "evaluation_mode": null,
    "best_value": 127.42540514666172,
    "best_position": [
        0.9949457970252518,
        -0.994997937420342,
        0.9949932810632564,
        -3.9797552392952777,
        -2.9847441014561253,
        -0.9950125310528325,
        3.979800975208416,
        1.9898858784089486,
        -2.98491452017502,
        -0.9949849524835636,
        -2.9846711731157125,
        1.989800892891364,
        0.9949688085444065,
        9.160163219480193e-05,
        0.9950649845284525,
        0.9950114155283324,
        -0.9950039975681625,
        -1.9899667697373498,
        0.9949362558663349,
        -3.96820285339e-06,
        -0.9949150720234452,
        -5.12,
        1.9899743438873412,
        -4.3513374490349445e-05,
        0.9949791978537708,
        0.9949531650120541,
        -2.624835247405143e-05,
        -0.994920652400192,
        0.9955344041429516,
        2.9847868292701456
    ],
    "elapsed_time_s": 0.06548160000238568,
    "iterations_completed": 500,
    "best_value_history": [
        391.5697821857021,
        391.5697821857021,
        391.5697821857021,
        391.5697821857021,
        325.95127570864764,
        325.95127570864764,
        325.95127570864764,
        325.95127570864764,
        325.95127570864764,
        317.7982280967195,
        317.7982280967195,
        317.7982280967195,
        317.7982280967195,
        317.7982280967195,
        310.09472264061793,
        310.09472264061793,
        304.74772529618866,
        304.74772529618866,
        293.04772171672965,
        293.04772171672965,
        286.614830250959,
        286.614830250959,
        285.31117862629316,
        285.31117862629316,
        285.31117862629316,
        285.31117862629316,
        285.31117862629316,
        285.31117862629316,
        285.31117862629316,
        285.31117862629316,
        266.57557076659305,
        266.57557076659305,
        266.57557076659305,
        256.1450507930356,
        256.1450507930356,
        256.1450507930356,
        256.1450507930356,
        256.1450507930356,
        256.1450507930356,
        256.1450507930356,
        256.1450507930356,
        256.1450507930356,
        256.1450507930356,
        256.1450507930356,
        256.1450507930356,
        256.1450507930356,
        256.1450507930356,
        256.1450507930356,
        243.97044959353312,
        243.97044959353312,
        236.2114841391595,
        216.5681881997063,
        216.5681881997063,
        216.5681881997063,
        209.94602106141417,
        209.94602106141417,
        209.94602106141417,
        209.94602106141417,
        209.94602106141417,
        197.2137396033237,
        197.2137396033237,
        197.2137396033237,
        187.0839809317179,
        187.0839809317179,
        187.0839809317179,
        187.0839809317179,
        187.0839809317179,
        186.26975118099213,
        186.26975118099213,
        186.26975118099213,
        186.26975118099213,
        172.4677461091639,
        172.4677461091639,
        172.4677461091639,
        167.4813806300092,
        167.4813806300092,
        167.4813806300092,
        167.4813806300092,
        167.4813806300092,
        167.4813806300092,
        167.4813806300092,
        167.4813806300092,
        167.0671072530255,
        167.0671072530255,
        167.0671072530255,
        166.65438815101692,
        166.65438815101692,
        166.65438815101692,
        164.03991805618867,
        164.03991805618867,
        162.77608419640404,
        162.77608419640404,
        162.77608419640404,
        162.77608419640404,
        162.77608419640404,
        161.76653892408382,
        161.76653892408382,
        161.76653892408382,
        158.9544615845167,
        158.9544615845167,
        157.64711618819499,
        157.64711618819499,
        157.1099806804534,
        156.02147447067077,
        154.96158773292962,
        154.96158773292962,
        154.96158773292962,
        153.4158136734649,
        153.29529674428733,
        153.29529674428733,
        152.18353052221696,
        151.90821180141936,
        151.90821180141936,
        151.90821180141936,
        151.01276825698866,
        149.84929023911363,
        148.181570372131,
        147.8053238810207,
        147.8053238810207,
        147.34984102769252,
        147.34984102769252,
        147.34984102769252,
        146.60698226456088,
        144.99214505982223,
        144.99214505982223,
        144.99214505982223,
        144.74387266367899,
        144.74387266367899,
        144.00267739608574,
        144.00267739608574,
        143.99159373028945,
        143.56421256489668,
        143.15144646641733,
        142.1681702184434,
        141.92467849094712,
        141.92467849094712,
        141.92467849094712,
        141.24558872617507,
        139.91716708773563,
        139.43086526174696,
        139.1943986320635,
        139.1943986320635,
        138.37059017748015,
        136.53420192984856,
        136.53420192984856,
        136.53420192984856,
        135.96513534801798,
        135.96513534801798,
        135.70741689931532,
        135.2935478975224,
        135.27473667756198,
        135.07445916043352,
        134.4912324362349,
        134.24288683990716,
        134.23075263763843,
        134.1478357626142,
        134.05635398527005,
        133.92898592793122,
        133.53190067291172,
        133.36724639416366,
        133.33083866619714,
        132.946632380402,
        132.91290068993672,
        132.86116483852885,
        132.86082426439782,
        132.71588956454156,
        132.71028430573008,
        132.71028430573008,
        132.4924257273662,
        132.4731427260336,
        132.30606672429133,
        132.20399372219475,
        132.1869537615872,
        132.15742908188113,
        131.9440862526597,
        131.66139612636098,
        131.66139612636098,
        131.66108946532253,
        131.62856146346314,
        131.62856146346314,
        131.19659045593613,
        130.8569178042449,
        130.8112075291305,
        130.09592621167732,
        129.90965632557865,
        129.72793644221613,
        129.72793644221613,
        129.58692058804996,
        129.58692058804996,
        129.58692058804996,
        129.58692058804996,
        129.56262316024322,
        129.53771429968276,
        129.43527433628282,
        129.4050758853083,
        129.27598682673863,
        129.26541956906345,
        129.14453366499887,
        129.11420207546774,
        128.87933738954445,
        128.69799739383095,
        128.66138220553282,
        128.54570715873848,
        128.51093864520345,
        128.36664426382316,
        128.34043558234438,
        128.24012440698883,
        128.1883633441134,
        128.1883633441134,
        128.1803762520496,
        128.1803762520496,
        128.15602226509813,
        128.1232251779731,
        128.05010460705935,
        128.03091631337423,
        128.03091631337423,
        127.99527616868889,
        127.96548059511954,
        127.94851322870225,
        127.91290542026402,
        127.90049011583986,
        127.90049011583986,
        127.85594883442,
        127.85594883442,
        127.83897251465527,
        127.83897251465527,
        127.83897251465527,
        127.83358570225273,
        127.82368712088531,
        127.80449229370936,
        127.80449229370936,
        127.78742962451504,
        127.78485784233415,
        127.78465133403333,
        127.78465133403333,
        127.77770944995362,
        127.7614584835542,
        127.7431458616968,
        127.70091290096028,
        127.68288326857198,
        127.67473939645801,
        127.64449946230049,
        127.64449946230049,
        127.60130113615642,
        127.59887062847636,
        127.55778883900882,
        127.55172066102176,
        127.54009067745677,
        127.531959613262,
        127.53002266766343,
