{
    "objective": "rastrigin",
    "evaluation_mode": null,
    "best_value": 109.44515738937064,
    "best_position": [
        0.9946634786741017,
        -5.279862084213689e-05,
        0.9951136082556219,
        0.00015363669246734588,
        0.9947683647212043,
        2.9849328258943446,
        -3.794656244726318e-05,
        -0.9951760089980146,
        -4.974539845355214,
        -0.9948337413931938,
        0.9948788966691099,
        -0.9949098672689621,
        -0.9949703683938405,
        -6.327850732095762e-05,
        -0.9948207341563753,
        0.9952685222135611,
        0.995101392790881,
        -1.9898234975941866,
        0.9948334454044957,
        1.990120968694346,
        0.9950554976762999,
        1.9899488185571286,
        -0.00015421319152431184,
        -3.979704670597564,
        1.989783297161571,
        1.9901048533421313,
        0.9955993956368533,
        3.9796600795782697,
        -0.9950937299466919,
        -2.9848211672225937
    ],
    "elapsed_time_s": 0.06857840006705374,
    "iterations_completed": 500,
    "best_value_history": [
        412.29260413421366,
        412.29260413421366,
        412.29260413421366,
        408.46587750866917,
        399.67537145424603,
        399.67537145424603,
        399.67537145424603,
        399.67537145424603,
        377.14595492368625,
        377.14595492368625,
        377.14595492368625,
        376.36974795940677,
        356.4451212742476,
        356.4451212742476,
        348.07669983854134,
        318.3129782944755,
        318.3129782944755,
        318.3129782944755,
        318.3129782944755,
        318.3129782944755,
        318.3129782944755,
        318.3129782944755,
        318.3129782944755,
        318.3129782944755,
        318.3129782944755,
        318.3129782944755,
        318.3129782944755,
        316.9574087258435,
        316.9574087258435,
        316.9574087258435,
        316.9574087258435,
        316.9574087258435,
        309.8634998637629,
        309.8634998637629,
        309.8634998637629,
        309.8634998637629,
        309.8634998637629,
        309.8634998637629,
        299.16063824464834,
        299.16063824464834,
        299.16063824464834,
        299.16063824464834,
        299.16063824464834,
        299.16063824464834,
        299.16063824464834,
        299.16063824464834,
        299.16063824464834,
        299.16063824464834,
        299.16063824464834,
        299.16063824464834,
        299.16063824464834,
        299.16063824464834,
        299.16063824464834,
        299.16063824464834,
        299.16063824464834,
        299.16063824464834,
        299.16063824464834,
        299.16063824464834,
        291.93732818202227,
        291.93732818202227,
        291.93732818202227,
        291.93732818202227,
        280.5160232161626,
        280.5160232161626,
        280.5160232161626,
        277.95586293937515,
        277.95586293937515,
        277.95586293937515,
        274.0907557465642,
        274.0907557465642,
        261.29344147856426,
        261.29344147856426,
        261.29344147856426,
        261.29344147856426,
        261.29344147856426,
        261.29344147856426,
        261.29344147856426,
        261.29344147856426,
        261.29344147856426,
        261.29344147856426,
        261.29344147856426,
        261.29344147856426,
        261.29344147856426,
        261.29344147856426,
        261.29344147856426,
        253.65961514659054,
        253.65961514659054,
        253.65961514659054,
        253.65961514659054,
        253.65961514659054,
        253.65961514659054,
        244.74188940183953,
        244.74188940183953,
        244.74188940183953,
        244.74188940183953,
        244.74188940183953,
        237.28564170187374,
        237.28564170187374,
        231.06342066413467,
        231.06342066413467,
        231.06342066413467,
        224.67201247706444,
        224.67201247706444,
        216.10430708314163,
        216.10430708314163,
        216.10430708314163,
        216.10430708314163,
        216.10430708314163,
        187.0029203221627,
        187.0029203221627,
        187.0029203221627,
        187.0029203221627,
        187.0029203221627,
        187.0029203221627,
        187.0029203221627,
        183.54200842548047,
        183.54200842548047,
        171.48476997850642,
        171.48476997850642,
        170.32998963118885,
        170.32998963118885,
        170.32998963118885,
        156.10710361197224,
        156.10710361197224,
        153.54455962138502,
        153.54455962138502,
        153.54455962138502,
        153.54455962138502,
        147.9424735680353,
        145.64572852861875,
        145.64572852861875,
        138.3710992469471,
        138.3710992469471,
        138.3710992469471,
        138.3710992469471,
        138.3710992469471,
        138.29851419940942,
        138.29851419940942,
        135.85075422680256,
        133.96734376480237,
        133.96734376480237,
        131.52578730884267,
        131.52578730884267,
        131.52578730884267,
        131.52578730884267,
        131.52578730884267,
        131.52578730884267,
        131.52578730884267,
        131.52578730884267,
        129.25682052333167,
        129.08387963955587,
        129.08387963955587,
        129.08387963955587,
        128.93700093194465,
        128.93700093194465,
        128.93700093194465,
        126.92156586091036,
        126.92156586091036,
        126.92156586091036,
        126.92156586091036,
        126.92156586091036,
        126.92156586091036,
        126.42347852283277,
        125.2632213627053,
        125.2632213627053,
        124.9269673042376,
        124.27759785568055,
        124.27759785568055,
        124.27759785568055,
        124.27759785568055,
        123.20140040372716,
        122.81159410709643,
        122.02206366154215,
        121.80135913392807,
        121.09945288900596,
        120.93922729297249,
        120.93922729297249,
        120.78829008856528,
        120.78829008856528,
        120.64079224630561,
        120.24594562371828,
        120.24594562371828,
        119.95897639318991,
        119.85655884984547,
        118.40279833562903,
        118.40279833562903,
        117.36691974548879,
        117.36691974548879,
        117.36691974548879,
        117.36691974548879,
        117.36691974548879,
        117.36691974548879,
        117.36691974548879,
        117.36691974548879,
        116.8015535862533,
        116.31554558747077,
        116.31554558747077,
        116.31554558747077,
        116.31554558747077,
        116.31554558747077,
        115.75465202106786,
        115.06798545678485,
        115.06798545678485,
        115.06798545678485,
        115.06798545678485,
        115.01486885083696,
        114.70236942529277,
        114.66077343571646,
        114.64273487508832,
        114.46024036954806,
        114.46024036954806,
        114.46024036954806,
        114.23228997157013,
        114.04541162739513,
        113.75876148134464,
        113.75876148134464,
        113.69930711644496,
        113.65191519325357,
        113.53877154302779,
        113.36161052435237,
        113.2290646915877,
        113.06514596415455,
        113.06514596415455,
        113.02081360681714,
        113.02081360681714,
        113.02081360681714,
        112.97498452615908,
        112.94803513288632,
        112.77132106382028,
        112.66054918042781,
        112.63407675144279,
        112.63407675144279,
        112.54660861804216,
        112.39216674062314,
        112.32816238053645,
        112.29523858987547,
        112.29523858987547,
        112.25715585695283,
        112.25715585695283,
        112.25715585695283,
        112.25715585695283,
        112.23674708850315,
        112.21979715467785,
        112.21979715467785,
        112.21979715467785,
        112.18359824465693,
        112.06924051074202,
        112.06924051074202,
