{
    "objective": "ackley",
    "evaluation_mode": "sequential",
    "best_value": 16.540391111840343,
    "best_position": [
        4.282234239056477,
        -1.283558209765264,
        -6.9687845556372245,
        6.876732542617,
        2.128068089169678,
        6.024218419596344,
        32.768,
        4.764678419111665,
        -1.1459845894106575,
        -0.933725830127354,
        4.019399476933293,
        -4.475025605638707,
        -0.9384576136322724,
        -1.147567546473677,
        -0.3080053056563119,
        -1.0021017472358404,
        6.585005766368648,
        -0.23349485113386662,
        7.682463567781948,
        -8.022252773017984,
        3.137637779593503,
        -4.4972918858033175,
        0.9172966194542773,
        2.085028192458732,
        -6.102374270083659,
        -1.1169753273491345,
        4.015402910393846,
        -1.285951680438958,
        -3.807282902540905,
        -1.1013967522508472
    ],
    "elapsed_time_s": 0.015709899947978556,
    "iterations_completed": 100,
    "best_value_history": [
        20.620629348017726,
        20.620629348017726,
        20.6014437678315,
        20.421412376825398,
        20.421412376825398,
        20.408660945659232,
        20.408660945659232,
        20.408660945659232,
        20.312955266188904,
        20.312955266188904,
        20.224107221996356,
        19.82544150359369,
        19.411880061718254,
        19.411880061718254,
        19.411880061718254,
        19.411880061718254,
        19.411880061718254,
        19.411880061718254,
        19.411880061718254,
        19.253646826694226,
        19.154932370624955,
        19.154932370624955,
        19.154932370624955,
        19.154932370624955,
        19.154932370624955,
        19.010824561887574,
        19.010824561887574,
        18.990781055802124,
        18.990781055802124,
        18.990781055802124,
        18.80354702680556,
        18.49983319461389,
        18.49983319461389,
        17.9788901017967,
        17.9788901017967,
        17.9788901017967,
        17.9788901017967,
        17.9788901017967,
        17.9788901017967,
        17.9788901017967,
        17.9788901017967,
        17.9788901017967,
        17.9788901017967,
        17.9788901017967,
        17.9788901017967,
        17.9788901017967,
        17.9788901017967,
        17.9788901017967,
        17.9788901017967,
        17.9788901017967,
        17.9788901017967,
        17.9788901017967,
        17.9788901017967,
        17.893365442519187,
        17.893365442519187,
        17.69755684566256,
        17.69755684566256,
        17.69755684566256,
        17.69755684566256,
        17.69755684566256,
        17.69755684566256,
        17.69755684566256,
        17.69755684566256,
        17.69755684566256,
        17.618692471907618,
        17.618692471907618,
        17.530926998825635,
        17.530926998825635,
        17.530926998825635,
        17.530926998825635,
        17.530926998825635,
        17.530926998825635,
        17.530926998825635,
        17.530926998825635,
        17.530926998825635,
        17.530926998825635,
        17.530926998825635,
        17.530926998825635,
        17.5301812075857,
        17.5301812075857,
        17.400558579953476,
        17.399911215179724,
        17.399911215179724,
        17.399911215179724,
        17.39348711747014,
        17.39348711747014,
        17.39348711747014,
        17.341094960894182,
        17.341094960894182,
        17.341094960894182,
        17.341094960894182,
        17.226581250383397,
        16.975806917170942,
        16.728202776099522,
        16.685649273240593,
        16.540391111840343,
        16.540391111840343,
        16.540391111840343,
        16.540391111840343,
        16.540391111840343
    ],
    "swarm_position_history": null,
    "timing_stats": {
        "total_time_s": 0.01570479990914464,
        "fitness_time_s": 0.013846501475200057,
        "velocity_update_time_s": 0.0008880003588274121,
        "position_update_time_s": 0.0005071988562121987
    },
    "config": {
        "num_particles": 30,
        "dimensions": 30,
        "max_iterations": 100,
        "inertia_weight": 0.7,
        "cognitive_coefficient": 1.5,
        "social_coefficient": 1.5,
        "seed": 4,
        "tolerance": 0.0,
        "stagnation_patience": null,
        "track_history": true,
        "track_swarm_history": false
    }
}