{
    "objective": "sphere",
    "evaluation_mode": "pyswarm",
    "best_value": 0.735912956065228,
    "best_position": [
        0.1837297319621635,
        -0.0020600885567481075,
        -0.1028458139131154,
        0.05340697747997006,
        -0.05668575091684212,
        0.47779609251566263,
        -0.03124493625405339,
        -0.12730697846752004,
        -0.23696352142169336,
        -0.15884943362465012,
        -0.012358818334852181,
        0.06713578098314632,
        0.09247239426305877,
        0.09823404301162034,
        0.06495667189821412,
        -0.335212587261174,
        0.005758421723715129,
        0.06425067496422182,
        0.006725376048843577,
        0.008463591411698366,
        -0.03531315064862141,
        -0.13367941833741395,
        0.1337697521802595,
        0.2823520205428667,
        0.007796177850656179,
        -0.1104704932754278,
        -0.11832913280410112,
        -0.10308574880401444,
        0.19242748629974155,
        0.1557896728187646
    ],
    "elapsed_time_s": 0.03175239998381585,
    "iterations_completed": 100,
    "best_value_history": [
        152.30676051122018,
        152.30676051122018,
        152.30676051122018,
        152.30676051122018,
        152.30676051122018,
        130.38219708268642,
        120.91380430804361,
        120.91380430804361,
        120.91380430804361,
        117.23496025492321,
        105.69334632731109,
        104.78510279625779,
        104.78510279625779,
        92.88355495407299,
        90.60507014357236,
        68.7598484365977,
        68.7598484365977,
        59.63734074555149,
        52.73461969134281,
        43.5766650309204,
        26.54275587518073,
        26.54275587518073,
        26.54275587518073,
        26.54275587518073,
        26.54275587518073,
        26.54275587518073,
        23.377357950849166,
        23.377357950849166,
        21.016024700927048,
        20.12093717692594,
        19.4341074068815,
        17.148374680546777,
        16.606080370540422,
        13.1464660639344,
        13.1464660639344,
        10.323672046937936,
        10.323672046937936,
        10.323672046937936,
        9.78469595860971,
        9.372246537592867,
        9.372246537592867,
        9.372246537592867,
        9.372246537592867,
        9.036069908117213,
        8.625741490577624,
        7.452225985583077,
        6.946592595530306,
        6.946592595530306,
        6.894269294362016,
        6.894269294362016,
        6.148279374347833,
        6.067805812159945,
        5.703311212123508,
        5.703311212123508,
        5.465558552788247,
        5.465558552788247,
        5.2316471210337765,
        4.365110260546951,
        4.247446770539113,
        3.8746625296907466,
        3.8221354540242785,
        3.6049443400412677,
        3.517930159802148,
        3.517930159802148,
        3.517930159802148,
        2.9797401841418476,
        2.5988307019251917,
        2.3587216452562263,
        2.1184676101996422,
        2.1184676101996422,
        2.0924838194521587,
        1.8008351119605324,
        1.704630790695288,
        1.6177020321338604,
        1.6177020321338604,
        1.4893167607038245,
        1.487507797951085,
        1.4210975622971784,
        1.4210975622971784,
        1.3172493576781934,
        1.274817501463642,
        1.274817501463642,
        1.1203333858634439,
        1.1203333858634439,
        1.1203333858634439,
        1.1203333858634439,
        1.060802509236058,
        1.0122855917229387,
        1.0122855917229387,
        1.0122855917229387,
        0.905722028979804,
        0.905722028979804,
        0.892096783089926,
        0.892096783089926,
        0.8592663796898913,
        0.8372506420716432,
        0.8313839805188269,
        0.8253061257703209,
        0.735912956065228,
        0.735912956065228
    ],
    "swarm_position_history": null,
    "timing_stats": {
        "total_time_s": 0.03175239998381585,
        "fitness_time_s": null,
        "velocity_update_time_s": null,
        "position_update_time_s": null,
        "solver": "pyswarm",
        "solver_messages": [
            "Stopping search: maximum iterations reached --> 100"
        ]
    },
    "config": {
        "num_particles": 30,
        "dimensions": 30,
        "max_iterations": 100,
        "inertia_weight": 0.7,
        "cognitive_coefficient": 1.5,
        "social_coefficient": 1.5,
        "seed": 0,
        "tolerance": 0.0,
        "stagnation_patience": null,
        "track_history": true,
        "track_swarm_history": false
    }
}