{
    "objective": "sphere",
    "evaluation_mode": "pyswarm",
    "best_value": 0.6013461239445044,
    "best_position": [
        0.148521270157077,
        -0.07409996428715114,
        0.15729283247516834,
        -0.17595741153867991,
        0.2058847378273414,
        -0.045300167646964054,
        -0.04820255131579834,
        0.03503006694570727,
        0.04855237000088758,
        -0.04162750914521983,
        0.11228929661889711,
        0.12335176940345947,
        0.12759907437311996,
        0.09708810407480217,
        0.0731090304861903,
        0.16359557663279353,
        0.14117931747310664,
        0.03668216977444866,
        0.014315900113587673,
        0.07831242691685433,
        0.26703491463568313,
        -0.20683446883480397,
        0.060116923894282526,
        -0.010005644004962566,
        -0.058083823971656956,
        0.3413712730498133,
        0.18843377708740505,
        -0.23766722813779417,
        0.13019060061164572,
        0.07813294931358798
    ],
    "elapsed_time_s": 0.030622499994933605,
    "iterations_completed": 100,
    "best_value_history": [
        160.7222716936048,
        160.7222716936048,
        160.7222716936048,
        160.7222716936048,
        160.7222716936048,
        160.7222716936048,
        148.748907545149,
        148.748907545149,
        148.748907545149,
        130.34459871702333,
        110.84827751881213,
        93.63707339941787,
        93.63707339941787,
        93.63707339941787,
        76.51845974489366,
        62.07670313622997,
        62.07670313622997,
        58.83012714704118,
        48.61379033935468,
        48.61379033935468,
        46.480526467795244,
        36.33767824188588,
        36.33767824188588,
        36.298539393437885,
        32.88816937517692,
        32.88816937517692,
        27.92231121831328,
        27.753345968782227,
        27.753345968782227,
        22.33247072992364,
        22.33247072992364,
        22.33247072992364,
        22.33247072992364,
        15.81673381141161,
        15.81673381141161,
        14.852687035856261,
        13.625426925954605,
        13.567863286267816,
        10.331461892793978,
        8.375044366602461,
        8.375044366602461,
        7.70137133518806,
        7.70137133518806,
        7.70137133518806,
        7.567783856994592,
        7.566097801530919,
        6.969927147423701,
        6.842192285875243,
        5.9711648960896335,
        5.9711648960896335,
        5.793878879286598,
        5.672892760770904,
        5.672892760770904,
        5.3687204393318195,
        5.3687204393318195,
        5.062605343938596,
        5.062605343938596,
        5.062605343938596,
        4.993425085389565,
        4.993425085389565,
        4.749572046585481,
        4.749572046585481,
        4.586497910809739,
        4.586497910809739,
        3.8457265874993998,
        3.8457265874993998,
        2.7668539138094554,
        2.7668539138094554,
        2.7668539138094554,
        2.7668539138094554,
        2.6983665734427893,
        2.2322166894681614,
        2.2322166894681614,
        1.906937443154614,
        1.8987170487521212,
        1.7546748079541257,
        1.561009311771549,
        1.561009311771549,
        1.4117009091685977,
        1.2412075837998775,
        1.2412075837998775,
        1.2412075837998775,
        1.176945384073581,
        1.176945384073581,
        1.176945384073581,
        1.0645793789980238,
        0.9373741691953267,
        0.9373741691953267,
        0.8896878454243179,
        0.8896878454243179,
        0.8896878454243179,
        0.7077177350201893,
        0.6804045278408234,
        0.6804045278408234,
        0.6804045278408234,
        0.6594413704677516,
        0.6594413704677516,
        0.6594413704677516,
        0.6193504428668998,
        0.6013461239445044
    ],
    "swarm_position_history": null,
    "timing_stats": {
        "total_time_s": 0.030622499994933605,
        "fitness_time_s": null,
        "velocity_update_time_s": null,
        "position_update_time_s": null,
        "solver": "pyswarm",
        "solver_messages": [
            "Stopping search: maximum iterations reached --> 100"
        ]
    },
    "config": {
        "num_particles": 30,
        "dimensions": 30,
        "max_iterations": 100,
        "inertia_weight": 0.7,
        "cognitive_coefficient": 1.5,
        "social_coefficient": 1.5,
        "seed": 4,
        "tolerance": 0.0,
        "stagnation_patience": null,
        "track_history": true,
        "track_swarm_history": false
    }
}