{
    "objective": "sphere",
    "evaluation_mode": "pyswarm",
    "best_value": 0.5218011205952152,
    "best_position": [
        0.2527627979629168,
        -0.106970791787075,
        -0.02048678383610389,
        0.04165223972246282,
        0.0382737190733435,
        0.07536522526878599,
        -0.19576138126986783,
        -0.08981727825378308,
        0.021230536689089252,
        0.11297750208284606,
        0.08754604027281121,
        0.004821320402709828,
        0.1434075323257134,
        -0.04957975084636446,
        0.10718704788489598,
        -0.017910461754074125,
        -0.15226747698657714,
        -0.08401606678508738,
        0.1321794233151405,
        0.11067764485982215,
        0.10745506489876919,
        -0.02888684916051608,
        -0.018061257842814968,
        -0.12660816771493483,
        0.0037641840528341575,
        0.07483153489212722,
        -0.36432537701060597,
        -0.2051715239861577,
        0.12826267951036097,
        -0.2223709916342059
    ],
    "elapsed_time_s": 0.03129129996523261,
    "iterations_completed": 100,
    "best_value_history": [
        160.02764284477615,
        160.02764284477615,
        160.02764284477615,
        160.02764284477615,
        160.02764284477615,
        149.18370160503102,
        145.89601158442693,
        145.89601158442693,
        140.72721828473945,
        111.41016732901797,
        111.41016732901797,
        111.41016732901797,
        91.19900228629251,
        87.3078841351357,
        87.3078841351357,
        61.85943911807345,
        61.85943911807345,
        58.58740936692938,
        46.259740041873705,
        46.259740041873705,
        46.259740041873705,
        29.008541223823215,
        29.008541223823215,
        29.008541223823215,
        29.008541223823215,
        23.247546208200223,
        23.247546208200223,
        21.693705734409964,
        21.693705734409964,
        17.986018417109527,
        17.986018417109527,
        15.591826059665301,
        15.591826059665301,
        15.591826059665301,
        14.163803863082252,
        14.07502401857564,
        13.252842587410763,
        13.252842587410763,
        13.252842587410763,
        10.180688437101164,
        10.180688437101164,
        9.9566792916268,
        9.9566792916268,
        8.64428985062794,
        8.64428985062794,
        8.127338298126453,
        7.2633290402024,
        7.2633290402024,
        6.818631320400811,
        6.251877490452087,
        6.251877490452087,
        6.251877490452087,
        5.722226312996665,
        5.722226312996665,
        5.100621137667441,
        5.100621137667441,
        5.062106887540406,
        5.062106887540406,
        5.062106887540406,
        4.815269451283208,
        4.815269451283208,
        4.815269451283208,
        4.815269451283208,
        4.118335779251359,
        4.118335779251359,
        3.934130142638426,
        3.934130142638426,
        3.8692193036431233,
        3.704648352919644,
        3.657340836668892,
        3.657340836668892,
        3.150472928353526,
        2.9177030120437037,
        2.7763739368970444,
        2.6404035017144847,
        2.3691952366685456,
        2.2755150304801415,
        2.2755150304801415,
        1.9608498084487145,
        1.787503189081626,
        1.787503189081626,
        1.787503189081626,
        1.787503189081626,
        1.787503189081626,
        1.6905302499436186,
        1.666314764305755,
        1.666314764305755,
        1.4092907704997981,
        0.8626359596902311,
        0.8626359596902311,
        0.7838704302294025,
        0.7838704302294025,
        0.7522603604746301,
        0.7067626955782023,
        0.6192275767185506,
        0.6192275767185506,
        0.5434464112770228,
        0.5434464112770228,
        0.5434464112770228,
        0.5218011205952152
    ],
    "swarm_position_history": null,
    "timing_stats": {
        "total_time_s": 0.03129129996523261,
        "fitness_time_s": null,
        "velocity_update_time_s": null,
        "position_update_time_s": null,
        "solver": "pyswarm",
        "solver_messages": [
            "Stopping search: maximum iterations reached --> 100"
        ]
    },
    "config": {
        "num_particles": 30,
        "dimensions": 30,
        "max_iterations": 100,
        "inertia_weight": 0.7,
        "cognitive_coefficient": 1.5,
        "social_coefficient": 1.5,
        "seed": 2,
        "tolerance": 0.0,
        "stagnation_patience": null,
        "track_history": true,
        "track_swarm_history": false
    }
}