{
    "objective": "sphere",
    "evaluation_mode": "pyswarm",
    "best_value": 0.35385685708091147,
    "best_position": [
        0.11599205258191296,
        -0.267557314580058,
        0.12993670126509865,
        0.02265710983892314,
        0.037580063137333336,
        0.03297027014242368,
        0.1128591823497001,
        0.015160159369518499,
        0.11778367614620515,
        -0.07261071666787886,
        0.02383702959974701,
        0.005607726960378454,
        0.2027722337174592,
        0.194761577679388,
        0.2566349682956487,
        -0.058911057834381775,
        -0.028405369779417745,
        -0.023221461923256644,
        -0.055499884041770614,
        0.055350668880007114,
        -0.1393938332986936,
        0.09011419616332389,
        0.1531670996204082,
        0.05129118847053566,
        0.035962038063080216,
        0.057635685615001375,
        0.018062980352176405,
        -0.029805202518813002,
        -0.017186264632536058,
        0.023866633680084362
    ],
    "elapsed_time_s": 0.031178199918940663,
    "iterations_completed": 100,
    "best_value_history": [
        175.13234544682916,
        175.13234544682916,
        175.13234544682916,
        175.13234544682916,
        172.9112235015139,
        79.76587929562643,
        79.76587929562643,
        79.76587929562643,
        79.76587929562643,
        79.76587929562643,
        68.04599327867511,
        68.04599327867511,
        59.87392804563017,
        59.87392804563017,
        57.45967411128321,
        57.45967411128321,
        53.62120454582166,
        47.22825811365751,
        43.08886434270946,
        39.77576368435267,
        39.77576368435267,
        39.77576368435267,
        39.77576368435267,
        39.56114137883083,
        39.56114137883083,
        36.91337963320419,
        31.061328856150666,
        26.424174005691928,
        22.874592016780987,
        22.874592016780987,
        22.874592016780987,
        22.874592016780987,
        22.414755989874703,
        22.307420695337512,
        21.588110500409623,
        17.584342441152195,
        17.584342441152195,
        14.618218604757875,
        14.618218604757875,
        14.618218604757875,
        14.618218604757875,
        14.618218604757875,
        14.56941645623282,
        14.56941645623282,
        13.122746182728298,
        9.438283390383447,
        9.438283390383447,
        8.04935919368098,
        8.04935919368098,
        5.285349920626882,
        5.1128674825859175,
        5.1128674825859175,
        5.1128674825859175,
        4.666642658425914,
        4.247833189400108,
        3.7224936822210797,
        3.7224936822210797,
        3.7224936822210797,
        3.7224936822210797,
        3.3777828692694567,
        3.3777828692694567,
        3.3777828692694567,
        2.3161023331774198,
        2.3161023331774198,
        2.3161023331774198,
        2.2361635815963674,
        1.7386367378045686,
        1.7386367378045686,
        1.7386367378045686,
        1.5607109277125524,
        1.3721320555709184,
        1.16075052883651,
        1.16075052883651,
        1.16075052883651,
        1.16075052883651,
        0.9684457013063903,
        0.9684457013063903,
        0.9099400511387442,
        0.8841897399041934,
        0.8024728613641037,
        0.8024728613641037,
        0.7794138550027202,
        0.7794138550027202,
        0.6824639479653202,
        0.6824639479653202,
        0.6824639479653202,
        0.5526753684370437,
        0.5526753684370437,
        0.519239900302085,
        0.519239900302085,
        0.519239900302085,
        0.4873790640872424,
        0.46660300172602537,
        0.4510828926200361,
        0.4510828926200361,
        0.42757830709637246,
        0.410410389449312,
        0.410410389449312,
        0.410410389449312,
        0.35385685708091147
    ],
    "swarm_position_history": null,
    "timing_stats": {
        "total_time_s": 0.031178199918940663,
        "fitness_time_s": null,
        "velocity_update_time_s": null,
        "position_update_time_s": null,
        "solver": "pyswarm",
        "solver_messages": [
            "Stopping search: maximum iterations reached --> 100"
        ]
    },
    "config": {
        "num_particles": 30,
        "dimensions": 30,
        "max_iterations": 100,
        "inertia_weight": 0.7,
        "cognitive_coefficient": 1.5,
        "social_coefficient": 1.5,
        "seed": 3,
        "tolerance": 0.0,
        "stagnation_patience": null,
        "track_history": true,
        "track_swarm_history": false
    }
}