{
    "objective": "sphere",
    "evaluation_mode": "pyswarm",
    "best_value": 26.767584918370243,
    "best_position": [
        0.01498115678812939,
        -0.285519443413897,
        -0.10144413213427711,
        -0.15504842963762128,
        -0.0596006797468103,
        -0.0857380265314931,
        -0.08785934104788932,
        0.33005177905752053,
        0.024038598228120038,
        0.21667176464685964,
        -0.018037752346217177,
        0.021112966286501,
        0.07339485058374715,
        -0.1252838837910754,
        0.2898479790161696,
        0.018468306307841388,
        0.17331266122194205,
        -0.12087330073417277,
        0.08623735958731285,
        0.06415465794386396,
        0.014663731075118203,
        0.040649576639114546,
        -0.21167116754822665,
        -0.023294668842208363,
        -0.00011901120508676921,
        5.12,
        0.05400588651463971,
        -0.21411694757122854,
        0.04703750987634564,
        0.037812481389388926
    ],
    "elapsed_time_s": 0.03567160002421588,
    "iterations_completed": 100,
    "best_value_history": [
        199.56045888883273,
        171.42022871997557,
        171.42022871997557,
        171.42022871997557,
        171.42022871997557,
        171.42022871997557,
        171.42022871997557,
        166.30050490501455,
        144.31728225969815,
        144.31728225969815,
        144.31728225969815,
        132.42504958158247,
        132.09360402571116,
        132.09360402571116,
        129.4469405718697,
        118.63815818508246,
        111.38103543969329,
        99.68527237322506,
        99.68527237322506,
        94.8949657707402,
        93.4522603538108,
        82.03142889146768,
        74.14997407812206,
        71.34100683820782,
        71.34100683820782,
        71.34100683820782,
        71.14372597365045,
        71.14372597365045,
        71.14372597365045,
        65.77405006520819,
        65.45033391128997,
        65.45033391128997,
        60.26703294879181,
        60.26703294879181,
        59.23326706502308,
        59.23326706502308,
        57.9175647707706,
        53.38862313387537,
        53.340363491985,
        43.78242683622342,
        43.78242683622342,
        43.78242683622342,
        43.78242683622342,
        42.767170296831445,
        42.537548582660094,
        42.393695230959764,
        42.393695230959764,
        39.61796493294904,
        38.98052432943633,
        37.846437438136306,
        37.509079623065276,
        34.81329917752596,
        31.38113687028154,
        31.38113687028154,
        31.38113687028154,
        31.38113687028154,
        31.38113687028154,
        31.38113687028154,
        31.38113687028154,
        30.35955154196562,
        30.35955154196562,
        30.35955154196562,
        30.116134000883044,
        29.504581251935733,
        29.504581251935733,
        28.942573659547946,
        28.942573659547946,
        28.942573659547946,
        28.53725481957723,
        28.53725481957723,
        28.53725481957723,
        28.53725481957723,
        28.53725481957723,
        28.189741373828582,
        28.032384166886462,
        27.72718817469938,
        27.72718817469938,
        27.72718817469938,
        27.659035700136023,
        27.659035700136023,
        27.659035700136023,
        27.659035700136023,
        27.538311609719173,
        27.52939337134995,
        27.52939337134995,
        27.465581759218747,
        27.404036270045804,
        27.286311263177385,
        27.286311263177385,
        27.286311263177385,
        27.286311263177385,
        27.278391535958605,
        27.222560305283217,
        27.157836889369257,
        27.02288743644121,
        27.02288743644121,
        27.02288743644121,
        27.02288743644121,
        26.924176609198327,
        26.767584918370243
    ],
    "swarm_position_history": null,
    "timing_stats": {
        "total_time_s": 0.03567160002421588,
        "fitness_time_s": null,
        "velocity_update_time_s": null,
        "position_update_time_s": null,
        "solver": "pyswarm",
        "solver_messages": [
            "Stopping search: maximum iterations reached --> 100"
        ]
    },
    "config": {
        "num_particles": 30,
        "dimensions": 30,
        "max_iterations": 100,
        "inertia_weight": 0.7,
        "cognitive_coefficient": 1.5,
        "social_coefficient": 1.5,
        "seed": 1,
        "tolerance": 0.0,
        "stagnation_patience": null,
        "track_history": true,
        "track_swarm_history": false
    }
}