{
    "objective": "sphere",
    "evaluation_mode": null,
    "best_value": 1.5754410690183983e-13,
    "best_position": [
        2.291411091252129e-07,
        -3.2409637302923817e-07
    ],
    "elapsed_time_s": 0.03654469992034137,
    "iterations_completed": 100,
    "best_value_history": [
        0.004745189516921481,
        0.004745189516921481,
        0.004745189516921481,
        0.004745189516921481,
        0.004745189516921481,
        0.004745189516921481,
        0.004745189516921481,
        0.004745189516921481,
        0.004745189516921481,
        0.004745189516921481,
        0.004745189516921481,
        0.004745189516921481,
        0.0019870475430085804,
        0.000940699821662203,
        0.000940699821662203,
        0.0004908221840384746,
        0.0004908221840384746,
        0.0002075885041947666,
        8.589902882976243e-05,
        8.432949169411043e-05,
        8.432949169411043e-05,
        5.1268664570814745e-05,
        5.1268664570814745e-05,
        3.5089653462412696e-05,
        3.5089653462412696e-05,
        3.5089653462412696e-05,
        3.5089653462412696e-05,
        3.5089653462412696e-05,
        2.1682900408932567e-05,
        1.432553125374311e-05,
        1.432553125374311e-05,
        1.432553125374311e-05,
        1.432553125374311e-05,
        1.432553125374311e-05,
        1.432553125374311e-05,
        8.2429522433017e-06,
        8.2429522433017e-06,
        5.192958281466544e-06,
        2.2480170329935564e-06,
        2.2480170329935564e-06,
        2.2480170329935564e-06,
        1.579248489000487e-07,
        1.579248489000487e-07,
        1.579248489000487e-07,
        1.579248489000487e-07,
        1.579248489000487e-07,
        1.579248489000487e-07,
        1.579248489000487e-07,
        1.579248489000487e-07,
        1.579248489000487e-07,
        5.011714959695829e-08,
        5.011714959695829e-08,
        5.011714959695829e-08,
        3.267483357253505e-08,
        2.5471858888800753e-08,
        2.51663116814686e-09,
        2.51663116814686e-09,
        2.51663116814686e-09,
        2.51663116814686e-09,
        2.51663116814686e-09,
        2.51663116814686e-09,
        8.528786847897928e-10,
        8.528786847897928e-10,
        8.528786847897928e-10,
        8.528786847897928e-10,
        1.3705324374211825e-11,
        1.3705324374211825e-11,
        1.3705324374211825e-11,
        1.3705324374211825e-11,
        1.3705324374211825e-11,
        1.3705324374211825e-11,
        1.3705324374211825e-11,
        1.3705324374211825e-11,
        1.3705324374211825e-11,
        1.3705324374211825e-11,
        1.3705324374211825e-11,
        1.3705324374211825e-11,
        1.3705324374211825e-11,
        1.1898792887793115e-11,
        1.1898792887793115e-11,
        5.326579185303518e-12,
        5.326579185303518e-12,
        3.840685617732644e-12,
        3.840685617732644e-12,
        3.840685617732644e-12,
        3.840685617732644e-12,
        3.1992684872087172e-12,
        3.1992684872087172e-12,
        2.9549972621239453e-12,
        2.9549972621239453e-12,
        2.9549972621239453e-12,
        2.8709824649902427e-12,
        1.2137736284066735e-12,
        6.07123431848159e-13,
        6.07123431848159e-13,
        6.07123431848159e-13,
        6.07123431848159e-13,
        1.8726463905488433e-13,
        1.8726463905488433e-13,
        1.5754410690183983e-13
    ],
    "swarm_position_history": null,
    "timing_stats": {
        "total_time_s": 0.03653819998726249,
        "fitness_time_s": 0.032416199683211744,
        "velocity_update_time_s": 0.0013590995222330093,
        "position_update_time_s": 0.0006386999739333987
    },
    "config": {
        "num_particles": 30,
        "dimensions": 2,
        "max_iterations": 100,
        "inertia_weight": 0.7,
        "cognitive_coefficient": 1.5,
        "social_coefficient": 1.5,
        "seed": 4,
        "tolerance": 0.0,
        "stagnation_patience": null,
        "track_history": true,
        "track_swarm_history": false
    }
}