{
    "objective": "sphere",
    "evaluation_mode": null,
    "best_value": 1.8202679909497317e-52,
    "best_position": [
        -1.3362035764418604e-26,
        1.8662259577477028e-27
    ],
    "elapsed_time_s": 0.17200110002886504,
    "iterations_completed": 500,
    "best_value_history": [
        0.3144978241874854,
        0.3144978241874854,
        0.07626685899194405,
        0.07626685899194405,
        0.007062233686535757,
        0.007062233686535757,
        0.0023760159403315145,
        0.0023760159403315145,
        0.0023760159403315145,
        0.0023760159403315145,
        0.0023760159403315145,
        0.00026391511208331126,
        0.00026391511208331126,
        0.00026391511208331126,
        0.00026391511208331126,
        0.00026391511208331126,
        0.00026391511208331126,
        0.00026391511208331126,
        8.563793685354e-05,
        8.563793685354e-05,
        7.805063030161028e-05,
        7.805063030161028e-05,
        7.805063030161028e-05,
        5.969859301982293e-05,
        3.5289266379455176e-05,
        3.5289266379455176e-05,
        3.5289266379455176e-05,
        5.554912240857166e-06,
        5.554912240857166e-06,
        5.554912240857166e-06,
        5.554912240857166e-06,
        5.554912240857166e-06,
        5.554912240857166e-06,
        5.554912240857166e-06,
        5.554912240857166e-06,
        1.2591780743799212e-06,
        1.2591780743799212e-06,
        1.2591780743799212e-06,
        1.2591780743799212e-06,
        1.2591780743799212e-06,
        1.8230030079855875e-07,
        1.8230030079855875e-07,
        1.8230030079855875e-07,
        1.8230030079855875e-07,
        1.8230030079855875e-07,
        1.8230030079855875e-07,
        1.8230030079855875e-07,
        1.8230030079855875e-07,
        1.274269904582715e-07,
        1.274269904582715e-07,
        1.274269904582715e-07,
        1.274269904582715e-07,
        1.274269904582715e-07,
        1.274269904582715e-07,
        9.629588438621111e-08,
        6.015970010035447e-08,
        6.015970010035447e-08,
        2.159031138361798e-08,
        2.159031138361798e-08,
        7.810462829096631e-09,
        7.810462829096631e-09,
        7.810462829096631e-09,
        7.810462829096631e-09,
        7.810462829096631e-09,
        1.7297615041967975e-09,
        1.7297615041967975e-09,
        1.7297615041967975e-09,
        1.7297615041967975e-09,
        1.7297615041967975e-09,
        1.7297615041967975e-09,
        1.7168406865448695e-09,
        1.7168406865448695e-09,
        1.7168406865448695e-09,
        5.905555404837598e-10,
        5.905555404837598e-10,
        5.905555404837598e-10,
        2.73019035749158e-10,
        1.1503493842154109e-10,
        1.1503493842154109e-10,
        3.192334040899372e-11,
        3.192334040899372e-11,
        3.192334040899372e-11,
        3.192334040899372e-11,
        3.192334040899372e-11,
        3.192334040899372e-11,
        3.192334040899372e-11,
        3.192334040899372e-11,
        3.192334040899372e-11,
        3.192334040899372e-11,
        3.192334040899372e-11,
        3.192334040899372e-11,
        2.5832953793959157e-11,
        2.5832953793959157e-11,
        3.68916184502725e-12,
        3.68916184502725e-12,
        3.68916184502725e-12,
        2.648869499777608e-12,
        2.648869499777608e-12,
        2.648869499777608e-12,
        2.648869499777608e-12,
        2.648869499777608e-12,
        2.3483530164942216e-12,
        2.3483530164942216e-12,
        2.3483530164942216e-12,
        1.8422311238664994e-12,
        1.8422311238664994e-12,
        1.8422311238664994e-12,
        1.8553752963042012e-13,
        1.8553752963042012e-13,
        1.8553752963042012e-13,
        1.8553752963042012e-13,
        1.8553752963042012e-13,
        4.623110885747793e-14,
        4.623110885747793e-14,
        4.623110885747793e-14,
        3.3872354539035135e-14,
        1.7237751912349887e-14,
        1.648465324439627e-14,
        1.648465324439627e-14,
        1.6343154081834325e-14,
        1.5195042601050517e-14,
        1.5195042601050517e-14,
        5.559701137508415e-15,
        5.559701137508415e-15,
        5.559701137508415e-15,
        5.559701137508415e-15,
        1.2969374701279574e-15,
        1.2969374701279574e-15,
        1.2969374701279574e-15,
        8.370973373334285e-16,
        8.370973373334285e-16,
        1.4265563886717617e-16,
        1.4265563886717617e-16,
        1.4265563886717617e-16,
        1.4265563886717617e-16,
        1.4265563886717617e-16,
        1.4265563886717617e-16,
        1.4265563886717617e-16,
        1.4265563886717617e-16,
        1.4265563886717617e-16,
        9.285835074101733e-17,
        2.644165372188105e-18,
        2.644165372188105e-18,
        2.644165372188105e-18,
        2.644165372188105e-18,
        2.644165372188105e-18,
        2.644165372188105e-18,
        2.644165372188105e-18,
        2.644165372188105e-18,
        2.644165372188105e-18,
        2.644165372188105e-18,
        2.644165372188105e-18,
        2.644165372188105e-18,
        2.644165372188105e-18,
        2.644165372188105e-18,
        2.644165372188105e-18,
        2.644165372188105e-18,
        2.644165372188105e-18,
        2.644165372188105e-18,
        2.644165372188105e-18,
        2.644165372188105e-18,
        2.644165372188105e-18,
        2.1925060040631007e-18,
        2.1925060040631007e-18,
        1.971517428778936e-18,
        1.971517428778936e-18,
        1.971517428778936e-18,
        1.971517428778936e-18,
        8.121864070710342e-19,
        8.121864070710342e-19,
        4.1754786877680393e-19,
        1.3854794608262741e-19,
        9.316525586924343e-20,
        4.78931208907815e-20,
        4.78931208907815e-20,
        4.78931208907815e-20,
        4.78931208907815e-20,
        4.78931208907815e-20,
        2.4582131055078568e-20,
        2.4582131055078568e-20,
        5.6198399227838904e-21,
        5.6198399227838904e-21,
        5.6198399227838904e-21,
        5.6198399227838904e-21,
        2.5306337640349603e-21,
        2.5306337640349603e-21,
        2.5306337640349603e-21,
        2.5306337640349603e-21,
        2.5306337640349603e-21,
        2.5306337640349603e-21,
        2.5306337640349603e-21,
        2.5306337640349603e-21,
        8.969174173002159e-22,
        8.969174173002159e-22,
        1.4663280549642012e-22,
        1.4663280549642012e-22,
        1.4663280549642012e-22,
        1.4663280549642012e-22,
        1.213804604998486e-22,
        5.6417014329674496e-24,
        5.6417014329674496e-24,
        5.6417014329674496e-24,
        5.6417014329674496e-24,
        5.6417014329674496e-24,
        5.6417014329674496e-24,
        4.420628660331389e-24,
        4.420628660331389e-24,
        4.420628660331389e-24,
        4.420628660331389e-24,
        3.645937211337424e-24,
        3.645937211337424e-24,
        3.645937211337424e-24,
        3.645937211337424e-24,
        3.645937211337424e-24,
        3.645937211337424e-24,
        3.645937211337424e-24,
        3.645937211337424e-24,
        3.645937211337424e-24,
        4.839213824480426e-25,
        4.839213824480426e-25,
        4.839213824480426e-25,
        4.839213824480426e-25,
        4.839213824480426e-25,
        4.839213824480426e-25,
        4.839213824480426e-25,
        4.839213824480426e-25,
        4.839213824480426e-25,
        4.839213824480426e-25,
        4.839213824480426e-25,
        2.635697924200609e-25,
        2.635697924200609e-25,
        1.3807108866183143e-25,
        1.3807108866183143e-25,
        2.306467516609731e-26,
        2.306467516609731e-26,
        2.306467516609731e-26,
        2.306467516609731e-26,
        2.306467516609731e-26,
        2.306467516609731e-26,
        1.9445402238940856e-26,
        1.9445402238940856e-26,
        2.6209576088377685e-27,
        2.6209576088377685e-27,
        2.6209576088377685e-27,
        2.6209576088377685e-27,
        1.1218306647537387e-28,
