{
    "objective": "sphere",
    "evaluation_mode": null,
    "best_value": 1.2285845227732484e-57,
    "best_position": [
        -2.0297208725713185e-29,
        2.857635107423761e-29
    ],
    "elapsed_time_s": 0.1693865000270307,
    "iterations_completed": 500,
    "best_value_history": [
        1.5625586986727873,
        0.03059000001509261,
        0.0011247097553541555,
        0.0011247097553541555,
        0.0011247097553541555,
        0.0011247097553541555,
        0.0011247097553541555,
        0.0011247097553541555,
        0.0011247097553541555,
        0.0011247097553541555,
        0.0006033186647068124,
        0.0006033186647068124,
        0.0006033186647068124,
        0.00034219541727426803,
        0.00034219541727426803,
        0.00034219541727426803,
        0.00034219541727426803,
        0.00019076201359807197,
        0.00016789178566061681,
        0.00016789178566061681,
        0.00016789178566061681,
        0.00016789178566061681,
        0.00016789178566061681,
        8.571190273323325e-05,
        8.571190273323325e-05,
        8.571190273323325e-05,
        8.571190273323325e-05,
        2.4105602752021215e-05,
        2.4105602752021215e-05,
        2.4105602752021215e-05,
        2.4105602752021215e-05,
        2.4105602752021215e-05,
        2.2334816859465777e-05,
        2.2334816859465777e-05,
        7.972661962066622e-07,
        7.972661962066622e-07,
        7.972661962066622e-07,
        7.972661962066622e-07,
        7.972661962066622e-07,
        7.972661962066622e-07,
        7.972661962066622e-07,
        7.972661962066622e-07,
        7.972661962066622e-07,
        7.972661962066622e-07,
        7.972661962066622e-07,
        4.101786159591685e-07,
        4.101786159591685e-07,
        4.101786159591685e-07,
        3.9277856596752723e-07,
        9.272605670800228e-08,
        9.272605670800228e-08,
        9.272605670800228e-08,
        5.8859815804548894e-08,
        5.8859815804548894e-08,
        1.7384413686758268e-08,
        1.7384413686758268e-08,
        1.060084591621365e-08,
        1.060084591621365e-08,
        1.060084591621365e-08,
        1.060084591621365e-08,
        1.035144119743877e-08,
        9.314841356189348e-09,
        1.2622738844210338e-09,
        1.2622738844210338e-09,
        1.221172392096734e-10,
        1.221172392096734e-10,
        1.221172392096734e-10,
        1.221172392096734e-10,
        1.221172392096734e-10,
        1.221172392096734e-10,
        1.221172392096734e-10,
        1.221172392096734e-10,
        1.221172392096734e-10,
        1.221172392096734e-10,
        6.464744657522631e-11,
        6.464744657522631e-11,
        1.785495755825422e-11,
        3.6151243278083894e-12,
        3.6151243278083894e-12,
        3.6151243278083894e-12,
        3.6151243278083894e-12,
        3.6151243278083894e-12,
        3.6151243278083894e-12,
        3.2281600649020837e-13,
        3.2281600649020837e-13,
        3.2281600649020837e-13,
        3.2281600649020837e-13,
        2.0973393389388535e-13,
        2.0973393389388535e-13,
        2.0973393389388535e-13,
        2.0973393389388535e-13,
        2.0973393389388535e-13,
        1.3644362042522743e-13,
        1.3644362042522743e-13,
        1.3644362042522743e-13,
        1.3644362042522743e-13,
        8.350945351131282e-14,
        8.350945351131282e-14,
        8.350945351131282e-14,
        7.2221949537478e-15,
        7.2221949537478e-15,
        7.2221949537478e-15,
        7.2221949537478e-15,
        7.2221949537478e-15,
        7.2221949537478e-15,
        7.2221949537478e-15,
        7.2221949537478e-15,
        1.1090022907868352e-15,
        1.1090022907868352e-15,
        3.9504625619659694e-16,
        3.9504625619659694e-16,
        3.9504625619659694e-16,
        3.9504625619659694e-16,
        3.9504625619659694e-16,
        3.9504625619659694e-16,
        3.9504625619659694e-16,
        3.9504625619659694e-16,
        3.9504625619659694e-16,
        3.7826969600400224e-16,
        2.944101046676523e-17,
        2.944101046676523e-17,
        3.3112805989374222e-18,
        3.3112805989374222e-18,
        3.3112805989374222e-18,
        3.3112805989374222e-18,
        3.3112805989374222e-18,
        3.3112805989374222e-18,
        2.7572624540808803e-18,
        2.7572624540808803e-18,
        2.7572624540808803e-18,
        2.7572624540808803e-18,
        2.7572624540808803e-18,
        2.7572624540808803e-18,
        2.7572624540808803e-18,
        2.7572624540808803e-18,
        1.715581451563879e-18,
        1.715581451563879e-18,
        1.715581451563879e-18,
        1.715581451563879e-18,
        3.583742312637735e-20,
        3.583742312637735e-20,
        3.583742312637735e-20,
        3.583742312637735e-20,
        3.583742312637735e-20,
        3.583742312637735e-20,
        3.583742312637735e-20,
        3.583742312637735e-20,
        3.583742312637735e-20,
        3.583742312637735e-20,
        3.583742312637735e-20,
        3.583742312637735e-20,
        2.0370257072898268e-20,
        2.0370257072898268e-20,
        2.0370257072898268e-20,
        5.049840237895499e-21,
        5.049840237895499e-21,
        5.049840237895499e-21,
        5.049840237895499e-21,
        5.049840237895499e-21,
        5.049840237895499e-21,
        5.049840237895499e-21,
        1.3450814637094568e-21,
        1.3450814637094568e-21,
        1.3450814637094568e-21,
        1.3450814637094568e-21,
        1.3450814637094568e-21,
        1.3450814637094568e-21,
        1.3450814637094568e-21,
        1.3450814637094568e-21,
        1.3450814637094568e-21,
        1.3450814637094568e-21,
        9.53989681556649e-22,
        9.53989681556649e-22,
        3.6088577767031985e-22,
        2.130518509100409e-22,
        2.130518509100409e-22,
        2.130518509100409e-22,
        3.5242157606579947e-23,
        3.5242157606579947e-23,
        3.5242157606579947e-23,
        3.5242157606579947e-23,
        3.5242157606579947e-23,
        3.5242157606579947e-23,
        3.5242157606579947e-23,
        3.5242157606579947e-23,
        3.5242157606579947e-23,
        3.5242157606579947e-23,
        2.85217383070789e-25,
        2.85217383070789e-25,
        2.85217383070789e-25,
        2.85217383070789e-25,
        2.85217383070789e-25,
        2.85217383070789e-25,
        2.85217383070789e-25,
        2.85217383070789e-25,
        2.85217383070789e-25,
        2.85217383070789e-25,
        7.254565555217155e-26,
        7.254565555217155e-26,
        7.254565555217155e-26,
        7.254565555217155e-26,
        7.254565555217155e-26,
        7.254565555217155e-26,
        7.254565555217155e-26,
        7.254565555217155e-26,
        7.254565555217155e-26,
        7.254565555217155e-26,
        7.254565555217155e-26,
        7.254565555217155e-26,
        7.254565555217155e-26,
        6.233661484436476e-26,
        6.233661484436476e-26,
        6.233661484436476e-26,
        6.233661484436476e-26,
        6.233661484436476e-26,
        6.233661484436476e-26,
        6.233661484436476e-26,
        1.1755093263626118e-26,
        1.1755093263626118e-26,
        1.1755093263626118e-26,
        1.1755093263626118e-26,
        8.542887031931492e-27,
        8.542887031931492e-27,
        4.318001268316605e-27,
        4.318001268316605e-27,
        4.1144183594724596e-27,
        9.716150788473447e-28,
        1.4316976152110338e-29,
        1.4316976152110338e-29,
        1.4316976152110338e-29,
        1.4316976152110338e-29,
        1.4316976152110338e-29,
        1.4316976152110338e-29,
        1.4316976152110338e-29,
        1.4316976152110338e-29,
        1.4316976152110338e-29,
        1.4316976152110338e-29,
        1.4316976152110338e-29,
        1.4316976152110338e-29,
        1.4316976152110338e-29,
        1.4316976152110338e-29,
        1.1734739958816158e-29,
        1.1734739958816158e-29,
        7.909587862491872e-30,
        7.909587862491872e-30,
