{
    "objective": "sphere",
    "evaluation_mode": null,
    "best_value": 2.490841787726428e-13,
    "best_position": [
        1.3240563594115694e-08,
        4.989076730702315e-07
    ],
    "elapsed_time_s": 0.026408699981402606,
    "iterations_completed": 100,
    "best_value_history": [
        0.29155616114768723,
        0.09755769402398279,
        0.025787100798901817,
        0.017117393014963317,
        0.003763773675280922,
        0.003763773675280922,
        0.003763773675280922,
        0.003763773675280922,
        0.003763773675280922,
        0.003763773675280922,
        0.003763773675280922,
        0.002209116192938853,
        0.002209116192938853,
        0.002209116192938853,
        0.00157842745252605,
        0.00157842745252605,
        0.00157842745252605,
        0.00157842745252605,
        0.00157842745252605,
        0.00157842745252605,
        0.0007898116734429459,
        0.0004648658847795098,
        0.0004648658847795098,
        0.0003701653201603811,
        0.00017993093368089488,
        0.00017993093368089488,
        0.00017993093368089488,
        0.00017993093368089488,
        6.839929129495203e-05,
        3.9849148272922875e-05,
        2.2369933792679698e-05,
        2.2369933792679698e-05,
        1.9237022688326785e-05,
        1.6338104796347962e-05,
        1.6338104796347962e-05,
        4.44123660127761e-06,
        4.44123660127761e-06,
        4.44123660127761e-06,
        4.44123660127761e-06,
        4.44123660127761e-06,
        2.9961412812220206e-06,
        2.9961412812220206e-06,
        2.9961412812220206e-06,
        2.9961412812220206e-06,
        2.9961412812220206e-06,
        5.161467033092746e-07,
        5.161467033092746e-07,
        5.161467033092746e-07,
        1.0205362519740692e-07,
        1.0205362519740692e-07,
        9.716562087359176e-09,
        9.716562087359176e-09,
        9.716562087359176e-09,
        9.716562087359176e-09,
        9.716562087359176e-09,
        9.716562087359176e-09,
        9.716562087359176e-09,
        9.716562087359176e-09,
        9.716562087359176e-09,
        9.716562087359176e-09,
        4.093213427607546e-09,
        4.093213427607546e-09,
        3.152850837334548e-09,
        1.812405146666905e-09,
        1.812405146666905e-09,
        1.1424600459146325e-09,
        1.1424600459146325e-09,
        1.1424600459146325e-09,
        9.460499438534957e-10,
        9.460499438534957e-10,
        1.446085525010107e-11,
        1.446085525010107e-11,
        1.446085525010107e-11,
        1.446085525010107e-11,
        1.446085525010107e-11,
        1.446085525010107e-11,
        1.446085525010107e-11,
        1.446085525010107e-11,
        1.446085525010107e-11,
        1.446085525010107e-11,
        1.446085525010107e-11,
        1.446085525010107e-11,
        1.446085525010107e-11,
        1.446085525010107e-11,
        1.446085525010107e-11,
        1.4185276769731604e-11,
        9.323119913529412e-12,
        9.323119913529412e-12,
        9.323119913529412e-12,
        9.323119913529412e-12,
        9.323119913529412e-12,
        9.323119913529412e-12,
        9.323119913529412e-12,
        9.323119913529412e-12,
        6.154808082159017e-12,
        6.154808082159017e-12,
        6.154808082159017e-12,
        6.100217364967289e-12,
        2.490841787726428e-13,
        2.490841787726428e-13
    ],
    "timing_stats": {
        "total_time_s": 0.026404700009152293,
        "fitness_time_s": 0.024035400128923357,
        "velocity_update_time_s": 0.000826900009997189,
        "position_update_time_s": 0.00044069980503991246
    },
    "config": {
        "num_particles": 30,
        "dimensions": 2,
        "max_iterations": 100,
        "inertia_weight": 0.7,
        "cognitive_coefficient": 1.5,
        "social_coefficient": 1.5,
        "seed": 2,
        "tolerance": 0.0,
        "stagnation_patience": null,
        "track_history": true
    }
}