{
    "objective": "sphere",
    "evaluation_mode": null,
    "best_value": 3.2175712010063012e-53,
    "best_position": [
        -5.186235317575266e-27,
        -2.297536776810763e-27
    ],
    "elapsed_time_s": 0.12639680004213005,
    "iterations_completed": 500,
    "best_value_history": [
        0.29155616114768723,
        0.09755769402398279,
        0.025787100798901817,
        0.017117393014963317,
        0.003763773675280922,
        0.003763773675280922,
        0.003763773675280922,
        0.003763773675280922,
        0.003763773675280922,
        0.003763773675280922,
        0.003763773675280922,
        0.002209116192938853,
        0.002209116192938853,
        0.002209116192938853,
        0.00157842745252605,
        0.00157842745252605,
        0.00157842745252605,
        0.00157842745252605,
        0.00157842745252605,
        0.00157842745252605,
        0.0007898116734429459,
        0.0004648658847795098,
        0.0004648658847795098,
        0.0003701653201603811,
        0.00017993093368089488,
        0.00017993093368089488,
        0.00017993093368089488,
        0.00017993093368089488,
        6.839929129495203e-05,
        3.9849148272922875e-05,
        2.2369933792679698e-05,
        2.2369933792679698e-05,
        1.9237022688326785e-05,
        1.6338104796347962e-05,
        1.6338104796347962e-05,
        4.44123660127761e-06,
        4.44123660127761e-06,
        4.44123660127761e-06,
        4.44123660127761e-06,
        4.44123660127761e-06,
        2.9961412812220206e-06,
        2.9961412812220206e-06,
        2.9961412812220206e-06,
        2.9961412812220206e-06,
        2.9961412812220206e-06,
        5.161467033092746e-07,
        5.161467033092746e-07,
        5.161467033092746e-07,
        1.0205362519740692e-07,
        1.0205362519740692e-07,
        9.716562087359176e-09,
        9.716562087359176e-09,
        9.716562087359176e-09,
        9.716562087359176e-09,
        9.716562087359176e-09,
        9.716562087359176e-09,
        9.716562087359176e-09,
        9.716562087359176e-09,
        9.716562087359176e-09,
        9.716562087359176e-09,
        4.093213427607546e-09,
        4.093213427607546e-09,
        3.152850837334548e-09,
        1.812405146666905e-09,
        1.812405146666905e-09,
        1.1424600459146325e-09,
        1.1424600459146325e-09,
        1.1424600459146325e-09,
        9.460499438534957e-10,
        9.460499438534957e-10,
        1.446085525010107e-11,
        1.446085525010107e-11,
        1.446085525010107e-11,
        1.446085525010107e-11,
        1.446085525010107e-11,
        1.446085525010107e-11,
        1.446085525010107e-11,
        1.446085525010107e-11,
        1.446085525010107e-11,
        1.446085525010107e-11,
        1.446085525010107e-11,
        1.446085525010107e-11,
        1.446085525010107e-11,
        1.446085525010107e-11,
        1.446085525010107e-11,
        1.4185276769731604e-11,
        9.323119913529412e-12,
        9.323119913529412e-12,
        9.323119913529412e-12,
        9.323119913529412e-12,
        9.323119913529412e-12,
        9.323119913529412e-12,
        9.323119913529412e-12,
        9.323119913529412e-12,
        6.154808082159017e-12,
        6.154808082159017e-12,
        6.154808082159017e-12,
        6.100217364967289e-12,
        2.490841787726428e-13,
        2.490841787726428e-13,
        2.240446935978483e-13,
        2.240446935978483e-13,
        8.906481141420842e-14,
        8.906481141420842e-14,
        8.906481141420842e-14,
        8.906481141420842e-14,
        3.2452341273359967e-14,
        3.2452341273359967e-14,
        3.2452341273359967e-14,
        3.2452341273359967e-14,
        3.2452341273359967e-14,
        3.2452341273359967e-14,
        3.2452341273359967e-14,
        3.2452341273359967e-14,
        3.2452341273359967e-14,
        9.624903220613414e-15,
        9.624903220613414e-15,
        9.624903220613414e-15,
        9.624903220613414e-15,
        8.01468334767606e-15,
        2.9093012092522336e-15,
        2.470747692041179e-15,
        6.728666283082528e-16,
        6.728666283082528e-16,
        6.728666283082528e-16,
        6.728666283082528e-16,
        2.0211327618002668e-16,
        2.0211327618002668e-16,
        2.0211327618002668e-16,
        2.0211327618002668e-16,
        2.0211327618002668e-16,
        2.0211327618002668e-16,
        2.0211327618002668e-16,
        1.3901368892654597e-18,
        1.3901368892654597e-18,
        1.3901368892654597e-18,
        1.3901368892654597e-18,
        1.3901368892654597e-18,
        1.3901368892654597e-18,
        1.3901368892654597e-18,
        1.3901368892654597e-18,
        1.3901368892654597e-18,
        1.3901368892654597e-18,
        1.3901368892654597e-18,
        1.3901368892654597e-18,
        1.3901368892654597e-18,
        1.3901368892654597e-18,
        1.3901368892654597e-18,
        1.3901368892654597e-18,
        1.3901368892654597e-18,
        1.3901368892654597e-18,
        1.3901368892654597e-18,
        1.3901368892654597e-18,
        1.3901368892654597e-18,
        6.392969591788327e-19,
        6.392969591788327e-19,
        2.6806042270124584e-19,
        2.6806042270124584e-19,
        2.6806042270124584e-19,
        2.6806042270124584e-19,
        2.6806042270124584e-19,
        2.2854749923138427e-19,
        2.2854749923138427e-19,
        1.615714771427253e-19,
        1.615714771427253e-19,
        4.9912418063340496e-20,
        4.9912418063340496e-20,
        4.9912418063340496e-20,
        4.9912418063340496e-20,
        4.9912418063340496e-20,
        4.9912418063340496e-20,
        4.9912418063340496e-20,
        4.9912418063340496e-20,
        4.9912418063340496e-20,
        1.8108903778929713e-20,
        1.5887771203219115e-21,
        1.2540642595563258e-21,
        1.2540642595563258e-21,
        1.2540642595563258e-21,
        3.4498216152303063e-22,
        3.4498216152303063e-22,
        3.4498216152303063e-22,
        3.4498216152303063e-22,
        3.4498216152303063e-22,
        3.4498216152303063e-22,
        3.4498216152303063e-22,
        3.4498216152303063e-22,
        3.4498216152303063e-22,
        3.4498216152303063e-22,
        1.7067110243446715e-22,
        1.7067110243446715e-22,
        1.7067110243446715e-22,
        1.2400593662249576e-22,
        1.1577759746980103e-22,
        3.5134085843189744e-23,
        3.460211949207101e-23,
        9.455210350643712e-24,
        9.455210350643712e-24,
        5.8099956255596626e-24,
        5.8099956255596626e-24,
        5.8099956255596626e-24,
        5.8099956255596626e-24,
        5.8099956255596626e-24,
        5.8099956255596626e-24,
        4.0391998842795705e-24,
        4.0391998842795705e-24,
        4.0391998842795705e-24,
        4.0391998842795705e-24,
        4.0391998842795705e-24,
        3.989724020779263e-24,
        3.989724020779263e-24,
        3.989724020779263e-24,
        3.760449390875655e-24,
        3.760449390875655e-24,
        1.5249859314253042e-26,
        1.5249859314253042e-26,
        1.5249859314253042e-26,
        1.5249859314253042e-26,
        1.5249859314253042e-26,
        1.5249859314253042e-26,
        1.5249859314253042e-26,
        1.5249859314253042e-26,
        1.5249859314253042e-26,
        1.5249859314253042e-26,
        1.0215182168657217e-26,
        1.0215182168657217e-26,
        1.0215182168657217e-26,
        1.0215182168657217e-26,
        1.0215182168657217e-26,
        1.0215182168657217e-26,
        4.847133775941187e-27,
        4.7693623459625666e-27,
        4.7693623459625666e-27,
        3.508119395734564e-27,
        3.508119395734564e-27,
        2.6707938278150047e-28,
        2.6707938278150047e-28,
        2.6707938278150047e-28,
        2.6707938278150047e-28,
        2.6707938278150047e-28,
        2.6707938278150047e-28,
        2.6707938278150047e-28,
        2.6707938278150047e-28,
        2.6707938278150047e-28,
        2.1433798099591323e-28,
