{
    "objective": "rosenbrock",
    "evaluation_mode": null,
    "best_value": 28.89190778228304,
    "best_position": [
        -0.04641585045023247,
        0.013757269857941925,
        0.012815594833388108,
        0.010744421622888311,
        0.0016905308417031132,
        0.009096424834870411,
        0.02347419265826112,
        0.013954214921658558,
        0.012211222534922418,
        0.008284805721772601,
        0.010914799225734968,
        0.00959222243915141,
        0.012687213520006822,
        0.0064343889288601885,
        0.014409746844511578,
        0.0018330699381744796,
        0.008653072091232956,
        0.008535953698663931,
        0.011163680613666377,
        0.01076593890498253,
        0.010446189762726037,
        0.011433522346628847,
        0.006858440743088253,
        0.010345914364219475,
        0.006120142130243516,
        0.013448997512678692,
        0.029984989182745135,
        0.013985397508103585,
        0.013944292554229774,
        -8.879979398934945e-05
    ],
    "elapsed_time_s": 0.22019919997546822,
    "iterations_completed": 500,
    "best_value_history": [
        2908.257566404568,
        2583.2731911518113,
        2544.4760628862446,
        2544.4760628862446,
        2544.4760628862446,
        2544.4760628862446,
        2186.589141925885,
        2110.321426566594,
        2110.321426566594,
        2110.321426566594,
        2068.6841940153604,
        1924.8479438591226,
        1924.8479438591226,
        1924.8479438591226,
        1552.6650955047799,
        1391.0673673494691,
        1279.2698535202385,
        1279.2698535202385,
        1245.211092527682,
        1223.3596987489295,
        1151.4047577774436,
        1112.0844809102666,
        1112.0844809102666,
        810.1000256859081,
        784.7444363931368,
        784.7444363931368,
        784.7444363931368,
        660.8667608128218,
        655.2417939983823,
        655.2417939983823,
        590.5994902428492,
        537.9424369428766,
        487.2891240361367,
        487.2891240361367,
        446.4283065804784,
        446.4283065804784,
        433.4763896467559,
        433.4763896467559,
        422.72257364560676,
        422.72257364560676,
        388.2976058470357,
        388.2976058470357,
        357.05466774757275,
        357.05466774757275,
        324.33733428113277,
        321.37879992396176,
        295.45794262234773,
        295.45794262234773,
        295.45794262234773,
        285.99397224869716,
        267.3379842441866,
        248.47368726638703,
        225.01504711478725,
        224.65559971468912,
        201.86516486503348,
        197.17148228636785,
        188.0643688257973,
        187.80696315382366,
        177.5005294369256,
        171.29219695531398,
        166.6437801242485,
        162.02818714540132,
        156.4753792131519,
        153.53003332034996,
        153.53003332034996,
        153.53003332034996,
        150.42205411295683,
        148.40179826391736,
        148.40179826391736,
        148.40179826391736,
        144.72946363256244,
        144.22570066302166,
        142.79990782631205,
        142.79990782631205,
        141.49875040602038,
        141.49875040602038,
        140.57672775893658,
        138.56450616230345,
        133.8294418517389,
        133.8294418517389,
        132.87736206866896,
        132.60577311957238,
        132.60577311957238,
        132.60577311957238,
        130.04978428046934,
        130.04978428046934,
        126.20782525003628,
        125.22949719893815,
        125.22949719893815,
        120.65862018786584,
        118.4513969337951,
        118.4513969337951,
        118.29452072644304,
        114.94393897449879,
        114.94393897449879,
        114.13354427147027,
        112.68976297805995,
        111.61389293480093,
        111.61389293480093,
        111.61389293480093,
        110.64952875798554,
        110.61102522630077,
        110.10302671799262,
        109.20248233153491,
        107.9491239397577,
        106.43270456119708,
        103.75328361417645,
        102.28294245805418,
        100.35347796637375,
        98.8837328108048,
        97.55439034506227,
        95.49780047430832,
        94.8970990552193,
        94.8970990552193,
        93.72794860352177,
        92.1176652614023,
        90.81881872279429,
        90.81881872279429,
        90.81881872279429,
        90.4992978796365,
        90.4992978796365,
        90.34459343648736,
        90.34459343648736,
        90.34459343648736,
        90.01035599315128,
        89.8555762422844,
        89.8555762422844,
        89.8555762422844,
        89.8555762422844,
        89.81245643362021,
        89.81245643362021,
        89.81245643362021,
        89.68888709767356,
        89.62277001998059,
        89.6199688985653,
        89.6199688985653,
        89.33776090410349,
        89.11553512909697,
        88.9920233157919,
        88.70840154584899,
        88.61879315979448,
        88.50227874053,
        88.05233510777063,
        88.05233510777063,
        88.05233510777063,
        88.05233510777063,
        87.96626700598212,
        87.93651203682258,
        87.8513960686135,
        87.79716926332631,
        87.75163524618118,
        87.75163524618118,
        87.69404171798122,
        87.59054221188076,
        87.59054221188076,
        87.51745625347056,
        87.37601318239884,
        87.37601318239884,
        87.33165983205953,
        87.31019680550149,
        87.27182063432933,
        87.25521540876281,
        87.18333312861168,
        87.08363535434869,
        86.79626680965158,
        86.65528365288988,
        86.5600290341778,
        86.42791860778001,
        86.3282355749957,
        86.3220720366397,
        86.14903628426143,
        86.01002804232127,
        85.97785502821762,
        85.91810765682338,
        85.77375907602548,
        85.61340954745059,
        85.61340954745059,
        85.61340954745059,
        85.4879876377183,
        85.39164824215611,
        85.2968572239958,
        85.18966862012185,
        85.18966862012185,
        85.18966862012185,
        85.14913530780284,
        85.10856780649209,
        84.99826290662321,
        84.98062788346034,
        84.85064824532938,
        84.67629714644798,
        84.30056101869324,
        83.97131694156664,
        83.90906176188271,
        83.66835831965327,
        83.30738939132794,
        83.06455924051883,
        82.44665477912712,
        82.04651562788759,
        81.1724422453204,
        80.37538694278717,
        79.81906890995882,
        78.81382302343931,
        78.02197375995415,
        77.31708587699968,
        76.37670794918859,
        75.84567791912843,
        75.32048985288324,
        74.55148999209443,
        73.87984623684093,
        73.57676287461454,
        73.26190734838555,
        72.64783080008698,
        72.23548611122763,
        71.67326028435126,
        70.94316007234706,
        70.1826309814907,
        69.49381364213265,
        68.6714126084548,
        67.682010733292,
        66.92912202813456,
        65.92213655049537,
        65.09132141602603,
        64.36514975581359,
        63.50407015360157,
        62.61125194224723,
        61.75654373514342,
        60.92712747494849,
        59.715869493331745,
        58.32996977818583,
        56.451885926885645,
        54.51511358175009,
        52.59278961418842,
        50.68582878716402,
        48.31946510909053,
        46.16855302151363,
        44.46335964181582,
        42.62461009015158,
        40.64618927069711,
        39.44961457390891,
        38.120903583199365,
        37.212060609884915,
        36.5406391061784,
        36.26787161064229,
        36.16650040860005,
        36.12800299188899,
        35.8793959258043,
        35.6054892180393,
        35.369655640732574,
        35.23026964973164,
        35.17527020838904,
        35.084999714370035,
        34.878044307087066,
