{
    "objective": "rosenbrock",
    "evaluation_mode": null,
    "best_value": 1160.4815093513184,
    "best_position": [
        -0.3150849485945836,
        0.13372205185978142,
        0.03686343601278814,
        -1.2275039969987014,
        2.048,
        1.459807345927129,
        1.1894301103269422,
        1.0298365468470183,
        0.9861944815803416,
        0.9222744259523459,
        0.8442524848546822,
        0.707690400504531,
        0.44919930302105204,
        0.04908574117520696,
        -0.5111686363022947,
        0.7714133031038789,
        0.8115855353247405,
        0.7045724948192211,
        0.4224481847260559,
        0.14387167016078697,
        0.02985950826435911,
        -0.013329052485266484,
        0.05200365423621216,
        0.09265533830400936,
        0.006492311732431807,
        0.24076660283678586,
        0.42294098498162697,
        0.6725895420938739,
        0.602050802093431,
        0.4036670856509239
    ],
    "elapsed_time_s": 0.050618600100278854,
    "iterations_completed": 100,
    "best_value_history": [
        4389.314873947156,
        4389.314873947156,
        4389.314873947156,
        4389.314873947156,
        4389.314873947156,
        4129.224213089264,
        4129.224213089264,
        4129.224213089264,
        4102.950685880238,
        3543.849902139249,
        3543.849902139249,
        3137.134921466746,
        2763.80874077203,
        2763.80874077203,
        2744.3411838273155,
        2744.3411838273155,
        2317.3643644126423,
        2317.3643644126423,
        2190.5624481793643,
        2190.5624481793643,
        2149.274084139485,
        2038.9141501929282,
        2038.9141501929282,
        1785.5457507574326,
        1763.9739871696934,
        1578.6633438195822,
        1578.6633438195822,
        1578.6633438195822,
        1578.6633438195822,
        1578.6633438195822,
        1577.1971695459517,
        1514.9853756567677,
        1480.2736037099578,
        1414.2035615800478,
        1414.2035615800478,
        1414.2035615800478,
        1373.8017648456885,
        1356.432160542759,
        1326.0450236393788,
        1318.7355635898696,
        1315.2439875702498,
        1310.6735671440044,
        1310.6735671440044,
        1308.2021870764495,
        1308.2021870764495,
        1277.706580786941,
        1241.195586636347,
        1241.195586636347,
        1236.173137575757,
        1236.173137575757,
        1236.173137575757,
        1232.0475426128264,
        1232.0475426128264,
        1232.0475426128264,
        1232.0475426128264,
        1230.9555543360605,
        1230.9555543360605,
        1230.9555543360605,
        1230.9555543360605,
        1230.9555543360605,
        1228.8905191028477,
        1217.1516848617077,
        1211.3394002702728,
        1211.3394002702728,
        1203.6498938432453,
        1201.4217464052958,
        1201.2902553431495,
        1198.9700878253725,
        1198.9700878253725,
        1185.1234345921662,
        1185.1234345921662,
        1185.1234345921662,
        1185.1234345921662,
        1183.6391154748933,
        1183.6391154748933,
        1181.7537929690495,
        1181.7537929690495,
        1179.2177136038056,
        1177.615229779969,
        1177.445879376239,
        1176.2774782722265,
        1175.2260548437382,
        1173.5980553985107,
        1169.6696524506458,
        1168.8054593196923,
        1168.1820163044745,
        1168.1820163044745,
        1168.1820163044745,
        1168.1820163044745,
        1168.0896704802565,
        1168.0896704802565,
        1168.0896704802565,
        1167.4144349801143,
        1167.4144349801143,
        1165.8916131446308,
        1163.7673329539334,
        1162.7599172901566,
        1162.0213106599952,
        1161.7173383227062,
        1160.4815093513184
    ],
    "swarm_position_history": null,
    "timing_stats": {
        "total_time_s": 0.0506116000469774,
        "fitness_time_s": 0.04539680003654212,
        "velocity_update_time_s": 0.0019743003649637103,
        "position_update_time_s": 0.0009315996430814266
    },
    "config": {
        "num_particles": 30,
        "dimensions": 30,
        "max_iterations": 100,
        "inertia_weight": 0.7,
        "cognitive_coefficient": 1.5,
        "social_coefficient": 1.5,
        "seed": 2,
        "tolerance": 0.0,
        "stagnation_patience": null,
        "track_history": true,
        "track_swarm_history": false
    }
}