{
    "objective": "rosenbrock",
    "evaluation_mode": null,
    "best_value": 81.02894857432763,
    "best_position": [
        -0.8855716944744338,
        0.9441895119188969,
        0.9046108248541462,
        0.8779243604014455,
        0.891837969394107,
        0.9089947315028521,
        0.8429566912566511,
        0.7480062438627036,
        0.6484532987902014,
        0.6465891710932367,
        0.24326461472243643,
        0.028548912656785618,
        -0.36847521532172817,
        0.537555223461765,
        0.44430144682799383,
        0.22647270256095267,
        -0.00981666778745595,
        -0.13329838271348565,
        0.12826693158307856,
        0.2321613529423807,
        0.12072370099777036,
        0.1474126341914155,
        0.09083681826505044,
        -0.03598132181314345,
        -0.07944262148923674,
        -0.03116869715835483,
        -0.06482665143387904,
        0.030843021409950162,
        0.04128286671881104,
        -0.08482806903845704
    ],
    "elapsed_time_s": 0.03324680001242086,
    "iterations_completed": 100,
    "best_value_history": [
        3007.2440015705183,
        2773.0780879282934,
        2773.0780879282934,
        2773.0780879282934,
        2754.335496224547,
        2754.335496224547,
        2725.1399772600594,
        2537.003899516503,
        2277.6634146858437,
        2277.6634146858437,
        1968.5961650737058,
        1579.5876197738712,
        1579.5876197738712,
        1551.1126853837031,
        1532.6633294896276,
        1351.2698724032148,
        1283.010561202885,
        1163.2007240069636,
        1163.2007240069636,
        1163.2007240069636,
        853.110663369054,
        853.110663369054,
        853.110663369054,
        853.110663369054,
        853.110663369054,
        853.110663369054,
        853.110663369054,
        811.8253186387404,
        733.7068513597847,
        551.4926012160455,
        446.2488383778893,
        446.2488383778893,
        446.2488383778893,
        446.2488383778893,
        413.83122475781283,
        413.83122475781283,
        413.83122475781283,
        336.65686300059656,
        321.0662221695361,
        321.0662221695361,
        321.0662221695361,
        321.0662221695361,
        298.96441978326914,
        296.2590666730851,
        276.41172133950425,
        276.41172133950425,
        276.41172133950425,
        276.41172133950425,
        274.8868500645201,
        243.78583738802456,
        243.78583738802456,
        243.78583738802456,
        243.78583738802456,
        243.78583738802456,
        243.78583738802456,
        243.78583738802456,
        242.78276561716507,
        234.07931231919986,
        213.9750048337388,
        213.9750048337388,
        213.9750048337388,
        213.54066657643008,
        213.54066657643008,
        213.54066657643008,
        213.54066657643008,
        213.54066657643008,
        213.54066657643008,
        210.5053681547309,
        208.5242295057142,
        208.5242295057142,
        208.5242295057142,
        194.36721618269002,
        190.45457884990807,
        179.91220390814698,
        165.58767993688164,
        164.52765918809573,
        162.85452464468693,
        158.88026554505743,
        144.39062132395864,
        141.4997151152337,
        141.4997151152337,
        140.4579347746638,
        138.05651157180404,
        132.76673462194543,
        132.76673462194543,
        130.50650629518105,
        123.63999200866273,
        119.26914239105295,
        111.64302746488964,
        111.64302746488964,
        111.64302746488964,
        108.08376548899216,
        102.47350775639197,
        96.56999415736473,
        96.56999415736473,
        91.77419975443061,
        87.8448812012209,
        87.31053398118817,
        83.1822425843004,
        81.02894857432763
    ],
    "timing_stats": {
        "total_time_s": 0.03324299998348579,
        "fitness_time_s": 0.030326300009619445,
        "velocity_update_time_s": 0.0011763995862565935,
        "position_update_time_s": 0.0006664004758931696
    },
    "config": {
        "num_particles": 30,
        "dimensions": 30,
        "max_iterations": 100,
        "inertia_weight": 0.7,
        "cognitive_coefficient": 1.5,
        "social_coefficient": 1.5,
        "seed": 1,
        "tolerance": 0.0,
        "stagnation_patience": null,
        "track_history": true
    }
}