{
    "objective_name": "sphere",
    "num_runs": 5,
    "mean_best_value": 6.146199413764653e-13,
    "std_best_value": 1.0212486707673153e-12,
    "min_best_value": 7.2221949537478e-15,
    "max_best_value": 2.648869499777608e-12,
    "mean_elapsed_time_s": 0.03548469999805093,
    "std_elapsed_time_s": 0.003891788768337724,
    "mean_iterations": 100.0,
    "min_iterations": 100,
    "max_iterations": 100,
    "evaluation_mode": "threading"
}