{
    "objective": "sphere",
    "evaluation_mode": null,
    "best_value": 1.0379726476488753e-14,
    "best_position": [
        9.864347394304894e-08,
        2.5479237134101527e-08
    ],
    "elapsed_time_s": 0.013788800017209724,
    "iterations_completed": 100,
    "best_value_history": [
        0.2382613982287365,
        0.2382613982287365,
        0.14895539063568594,
        0.09340814236190509,
        0.05056407354248635,
        0.03608635526762622,
        0.02087150053756926,
        0.001382725311206904,
        0.001382725311206904,
        0.001382725311206904,
        0.001382725311206904,
        0.001382725311206904,
        0.001382725311206904,
        0.0012143129154329945,
        0.0007126630874436082,
        0.00040954409545338046,
        0.00040954409545338046,
        5.75719915692123e-05,
        5.75719915692123e-05,
        5.75719915692123e-05,
        5.75719915692123e-05,
        5.75719915692123e-05,
        2.5527170271393842e-05,
        2.5527170271393842e-05,
        2.5527170271393842e-05,
        3.0364464581715026e-06,
        3.0364464581715026e-06,
        3.0364464581715026e-06,
        3.0364464581715026e-06,
        3.0364464581715026e-06,
        1.5805682599341236e-07,
        1.5805682599341236e-07,
        1.5805682599341236e-07,
        1.5805682599341236e-07,
        1.5805682599341236e-07,
        1.5805682599341236e-07,
        1.5805682599341236e-07,
        3.4966413491238875e-08,
        3.4966413491238875e-08,
        3.4696336933972286e-08,
        3.4696336933972286e-08,
        3.4696336933972286e-08,
        3.4696336933972286e-08,
        3.4696336933972286e-08,
        3.4696336933972286e-08,
        3.4696336933972286e-08,
        3.4696336933972286e-08,
        2.970845593992075e-08,
        2.970845593992075e-08,
        2.807860419461415e-08,
        2.807860419461415e-08,
        2.807860419461415e-08,
        2.807860419461415e-08,
        2.807860419461415e-08,
        2.7761995861496586e-08,
        2.7437217742025934e-08,
        1.5428725235904294e-08,
        6.048173294825454e-09,
        6.048173294825454e-09,
        5.646991692353275e-09,
        5.646991692353275e-09,
        2.9706786568045448e-09,
        1.4843840072353156e-09,
        1.2866842389028e-10,
        1.2866842389028e-10,
        1.2866842389028e-10,
        1.2866842389028e-10,
        1.2866842389028e-10,
        6.88174284874586e-11,
        6.88174284874586e-11,
        6.502334834417617e-11,
        5.3068254061262235e-11,
        1.8952378987024593e-11,
        3.914865621766587e-12,
        3.914865621766587e-12,
        3.914865621766587e-12,
        3.914865621766587e-12,
        1.4041171863704548e-13,
        1.4041171863704548e-13,
        1.4041171863704548e-13,
        1.4041171863704548e-13,
        1.4041171863704548e-13,
        1.4041171863704548e-13,
        1.4041171863704548e-13,
        1.4041171863704548e-13,
        1.4041171863704548e-13,
        1.4041171863704548e-13,
        1.4041171863704548e-13,
        1.4041171863704548e-13,
        1.4041171863704548e-13,
        1.4041171863704548e-13,
        5.5741181236529245e-14,
        5.5741181236529245e-14,
        5.5741181236529245e-14,
        5.5741181236529245e-14,
        5.5741181236529245e-14,
        4.08658689989208e-14,
        1.624984016289975e-14,
        1.624984016289975e-14,
        1.0379726476488753e-14
    ],
    "config": {
        "num_particles": 30,
        "dimensions": 2,
        "max_iterations": 100,
        "inertia_weight": 0.7,
        "cognitive_coefficient": 1.5,
        "social_coefficient": 1.5,
        "seed": 3,
        "tolerance": 0.0,
        "stagnation_patience": null,
        "track_history": true
    }
}