{
    "objective": "rastrigin",
    "evaluation_mode": "pyswarm",
    "best_value": 13.993157614062493,
    "best_position": [
        -1.0523249165137645,
        1.0056240543805188,
        -0.0025356685307874275,
        0.0013085246778092603,
        0.975322359912003,
        -0.9821853855050671,
        -0.0169232945918952,
        0.02141788412865902,
        -0.024283946056739333,
        2.9931321281284724
    ],
    "elapsed_time_s": 0.03698670002631843,
    "iterations_completed": 100,
    "best_value_history": [
        117.95389894689575,
        103.47742061957268,
        103.47742061957268,
        103.47742061957268,
        103.47742061957268,
        102.44765194970884,
        102.44765194970884,
        98.42285336458131,
        98.42285336458131,
        98.42285336458131,
        98.42285336458131,
        98.42285336458131,
        98.42285336458131,
        98.42285336458131,
        98.42285336458131,
        84.41669049291957,
        84.41669049291957,
        77.58335739658357,
        77.58335739658357,
        77.58335739658357,
        77.58335739658357,
        77.58335739658357,
        66.04246470414193,
        66.04246470414193,
        66.04246470414193,
        66.04246470414193,
        66.04246470414193,
        66.04246470414193,
        66.04246470414193,
        65.69997430283064,
        59.71786809126749,
        59.71786809126749,
        52.19991917905324,
        52.19991917905324,
        43.9142740938362,
        43.9142740938362,
        32.32186931187917,
        32.32186931187917,
        32.32186931187917,
        32.32186931187917,
        32.32186931187917,
        32.32186931187917,
        32.32186931187917,
        32.32186931187917,
        32.32186931187917,
        32.32186931187917,
        32.32186931187917,
        32.32186931187917,
        32.32186931187917,
        32.32186931187917,
        32.32186931187917,
        32.32186931187917,
        32.32186931187917,
        32.32186931187917,
        32.32186931187917,
        24.418025334412825,
        24.418025334412825,
        24.418025334412825,
        24.418025334412825,
        24.418025334412825,
        24.418025334412825,
        24.418025334412825,
        24.418025334412825,
        24.418025334412825,
        24.418025334412825,
        24.079592901022604,
        24.079592901022604,
        23.96840524800744,
        23.532227410433034,
        23.532227410433034,
        23.532227410433034,
        23.02730814865955,
        22.62079684277881,
        22.01178723347594,
        21.904883793158312,
        21.870293461936264,
        17.688762216635162,
        17.688762216635162,
        17.688762216635162,
        17.112726468930646,
        17.112726468930646,
        17.112726468930646,
        17.112726468930646,
        15.679019398515814,
        15.679019398515814,
        15.679019398515814,
        15.679019398515814,
        15.679019398515814,
        15.679019398515814,
        14.972097828668762,
        14.85575667738217,
        14.85575667738217,
        14.85575667738217,
        14.689019859194037,
        14.689019859194037,
        14.689019859194037,
        14.087561486263525,
        14.087561486263525,
        14.087561486263525,
        13.993157614062493
    ],
    "swarm_position_history": null,
    "timing_stats": {
        "total_time_s": 0.03698670002631843,
        "fitness_time_s": null,
        "velocity_update_time_s": null,
        "position_update_time_s": null,
        "solver": "pyswarm",
        "solver_messages": [
            "Stopping search: maximum iterations reached --> 100"
        ]
    },
    "config": {
        "num_particles": 30,
        "dimensions": 10,
        "max_iterations": 100,
        "inertia_weight": 0.7,
        "cognitive_coefficient": 1.5,
        "social_coefficient": 1.5,
        "seed": 1,
        "tolerance": 0.0,
        "stagnation_patience": null,
        "track_history": true,
        "track_swarm_history": false
    }
}