{
    "objective": "rastrigin",
    "evaluation_mode": "pyswarm",
    "best_value": 10.875474939080398,
    "best_position": [
        0.009409659533788093,
        -1.9963989741169952,
        0.01639732854318607,
        -0.004065452513461788,
        -1.9778494779723945,
        -0.9892946375958132,
        0.010844284033297187,
        -0.9316926190190103,
        0.002853265578622019,
        0.004093474581656403
    ],
    "elapsed_time_s": 0.034969800035469234,
    "iterations_completed": 100,
    "best_value_history": [
        125.58084606224789,
        102.43354226356274,
        102.43354226356274,
        102.43354226356274,
        102.43354226356274,
        102.43354226356274,
        102.43354226356274,
        99.37485404599565,
        99.37485404599565,
        99.37485404599565,
        99.37485404599565,
        99.37485404599565,
        99.37485404599565,
        99.37485404599565,
        99.37485404599565,
        95.21602801386811,
        93.5907007180612,
        93.5907007180612,
        93.5907007180612,
        93.5907007180612,
        92.95775876329772,
        92.95775876329772,
        78.8824361786041,
        78.8824361786041,
        78.8824361786041,
        78.8824361786041,
        78.8824361786041,
        78.8824361786041,
        65.67170151066793,
        65.67170151066793,
        49.48381152580815,
        49.48381152580815,
        49.48381152580815,
        49.48381152580815,
        49.48381152580815,
        49.48381152580815,
        35.41970177651364,
        35.41970177651364,
        35.41970177651364,
        35.41970177651364,
        35.41970177651364,
        35.41970177651364,
        35.41970177651364,
        34.196487690363384,
        34.196487690363384,
        34.196487690363384,
        34.196487690363384,
        34.196487690363384,
        34.196487690363384,
        34.196487690363384,
        34.196487690363384,
        34.196487690363384,
        34.196487690363384,
        34.196487690363384,
        32.63695892734784,
        32.63695892734784,
        21.975642760843364,
        21.5853772954484,
        20.93214235280596,
        20.93214235280596,
        19.59326739721471,
        19.59326739721471,
        19.59326739721471,
        19.59326739721471,
        19.59326739721471,
        19.59326739721471,
        19.59326739721471,
        19.59326739721471,
        18.897257199600148,
        18.897257199600148,
        18.897257199600148,
        18.897257199600148,
        16.86239737989049,
        16.86239737989049,
        16.86239737989049,
        14.629415517743208,
        14.629415517743208,
        14.111822344559968,
        14.111822344559968,
        13.740389491714396,
        12.924447888077037,
        12.924447888077037,
        12.825262846122381,
        12.825262846122381,
        12.79073868925096,
        12.702161493709424,
        12.702161493709424,
        11.74283026146433,
        11.74283026146433,
        11.74283026146433,
        11.67998921517024,
        11.67998921517024,
        11.449212473575024,
        11.251660534228893,
        11.251660534228893,
        11.020215974944865,
        11.020215974944865,
        11.020215974944865,
        10.960799471879993,
        10.875474939080398
    ],
    "swarm_position_history": null,
    "timing_stats": {
        "total_time_s": 0.034969800035469234,
        "fitness_time_s": null,
        "velocity_update_time_s": null,
        "position_update_time_s": null,
        "solver": "pyswarm",
        "solver_messages": [
            "Stopping search: maximum iterations reached --> 100"
        ]
    },
    "config": {
        "num_particles": 30,
        "dimensions": 10,
        "max_iterations": 100,
        "inertia_weight": 0.7,
        "cognitive_coefficient": 1.5,
        "social_coefficient": 1.5,
        "seed": 0,
        "tolerance": 0.0,
        "stagnation_patience": null,
        "track_history": true,
        "track_swarm_history": false
    }
}