{
    "objective": "rastrigin",
    "evaluation_mode": "pyswarm",
    "best_value": 9.39092700041839,
    "best_position": [
        0.007706519715347479,
        -1.0055201055199658,
        0.039955591761277644,
        0.9994319189113244,
        -0.0037878308086195436,
        -0.9938539903502399,
        0.9915135183187854,
        -1.0081971429036252,
        0.013151405047855683,
        -1.9965976201566493
    ],
    "elapsed_time_s": 0.0355667999247089,
    "iterations_completed": 100,
    "best_value_history": [
        133.63904155801004,
        120.97088734061805,
        120.97088734061805,
        120.97088734061805,
        99.41115781927321,
        89.04655399408547,
        89.04655399408547,
        83.94662445018602,
        83.94662445018602,
        83.94662445018602,
        83.94662445018602,
        83.94662445018602,
        79.80223533449424,
        79.80223533449424,
        79.80223533449424,
        79.80223533449424,
        77.45700937800466,
        77.45700937800466,
        77.45700937800466,
        72.19588221713369,
        72.19588221713369,
        67.29472800350868,
        64.99055076118114,
        64.99055076118114,
        64.99055076118114,
        64.99055076118114,
        64.99055076118114,
        64.99055076118114,
        64.99055076118114,
        63.64292114635323,
        63.64292114635323,
        52.89729511936588,
        52.89729511936588,
        52.89729511936588,
        52.89729511936588,
        52.89729511936588,
        52.89729511936588,
        52.89729511936588,
        49.97751515632316,
        49.97751515632316,
        49.97751515632316,
        49.47332161662449,
        49.129698341872015,
        49.129698341872015,
        33.48637730816425,
        33.48637730816425,
        33.48637730816425,
        33.48637730816425,
        33.48637730816425,
        33.48637730816425,
        33.48637730816425,
        33.48637730816425,
        26.124504850432714,
        26.124504850432714,
        22.494271193167737,
        22.494271193167737,
        21.44354798172296,
        18.98061162130236,
        18.98061162130236,
        18.98061162130236,
        13.984208269464965,
        13.984208269464965,
        13.984208269464965,
        13.984208269464965,
        13.984208269464965,
        13.984208269464965,
        13.984208269464965,
        13.984208269464965,
        13.984208269464965,
        13.984208269464965,
        13.984208269464965,
        13.984208269464965,
        13.984208269464965,
        13.984208269464965,
        13.984208269464965,
        13.01158529298161,
        13.01158529298161,
        12.823466587318922,
        11.989748824533812,
        11.989748824533812,
        11.989748824533812,
        11.989748824533812,
        11.989748824533812,
        11.878617520304523,
        11.878617520304523,
        11.878617520304523,
        11.878617520304523,
        11.878617520304523,
        11.772238575684433,
        11.772238575684433,
        11.772238575684433,
        11.632760896803394,
        11.384129030613476,
        11.384129030613476,
        10.434394226514643,
        9.855166411263678,
        9.43929726690099,
        9.43929726690099,
        9.43929726690099,
        9.39092700041839
    ],
    "swarm_position_history": null,
    "timing_stats": {
        "total_time_s": 0.0355667999247089,
        "fitness_time_s": null,
        "velocity_update_time_s": null,
        "position_update_time_s": null,
        "solver": "pyswarm",
        "solver_messages": [
            "Stopping search: maximum iterations reached --> 100"
        ]
    },
    "config": {
        "num_particles": 30,
        "dimensions": 10,
        "max_iterations": 100,
        "inertia_weight": 0.7,
        "cognitive_coefficient": 1.5,
        "social_coefficient": 1.5,
        "seed": 4,
        "tolerance": 0.0,
        "stagnation_patience": null,
        "track_history": true,
        "track_swarm_history": false
    }
}