{
    "objective": "rastrigin",
    "evaluation_mode": "pyswarm",
    "best_value": 14.108176429683366,
    "best_position": [
        -2.0117167736628403,
        -0.004486568707670237,
        0.0027732487587184334,
        -0.005887945835979413,
        1.9924273357338926,
        -0.9868381100246174,
        0.9803929476411027,
        -0.006350124603617002,
        0.0050087705641944655,
        1.99368153890285
    ],
    "elapsed_time_s": 0.03649069997482002,
    "iterations_completed": 100,
    "best_value_history": [
        109.93691583542738,
        109.93691583542738,
        109.93691583542738,
        109.93691583542738,
        109.93691583542738,
        109.93691583542738,
        102.57082400128112,
        102.57082400128112,
        100.71759645974291,
        83.34231546022825,
        83.34231546022825,
        83.34231546022825,
        83.34231546022825,
        83.34231546022825,
        83.34231546022825,
        82.34418875170698,
        82.34418875170698,
        82.34418875170698,
        65.58716168320764,
        65.58716168320764,
        65.58716168320764,
        65.58716168320764,
        65.58716168320764,
        65.58716168320764,
        65.58716168320764,
        65.58716168320764,
        65.58716168320764,
        59.888739203597915,
        59.888739203597915,
        40.881659248028036,
        40.881659248028036,
        31.64016828919067,
        31.64016828919067,
        31.64016828919067,
        31.64016828919067,
        31.64016828919067,
        28.778394678064714,
        28.778394678064714,
        26.11163537357631,
        26.11163537357631,
        26.028465889337607,
        26.028465889337607,
        26.028465889337607,
        20.758616897275687,
        20.758616897275687,
        20.758616897275687,
        20.758616897275687,
        20.128669921091614,
        20.128669921091614,
        20.128669921091614,
        20.128669921091614,
        20.128669921091614,
        20.128669921091614,
        20.128669921091614,
        20.128669921091614,
        20.128669921091614,
        20.128669921091614,
        20.128669921091614,
        19.513224266017225,
        19.513224266017225,
        19.513224266017225,
        19.352248367909045,
        18.999807752178747,
        17.041872401492704,
        17.041872401492704,
        16.51086761656579,
        16.51086761656579,
        15.889600590960937,
        15.889600590960937,
        15.889600590960937,
        15.889600590960937,
        15.889600590960937,
        15.889600590960937,
        15.648685776028254,
        15.637165402673531,
        15.637165402673531,
        15.578474948968065,
        15.578474948968065,
        15.578474948968065,
        15.578474948968065,
        15.578474948968065,
        15.521286012092167,
        15.521286012092167,
        15.380855525961831,
        15.330210972978636,
        15.330210972978636,
        15.219686939240859,
        15.219686939240859,
        15.150580276277282,
        15.11766765285579,
        15.11766765285579,
        15.11766765285579,
        15.11766765285579,
        15.113024098809385,
        15.07061367071725,
        14.379005674329829,
        14.151760674534636,
        14.151760674534636,
        14.108176429683366,
        14.108176429683366
    ],
    "swarm_position_history": null,
    "timing_stats": {
        "total_time_s": 0.03649069997482002,
        "fitness_time_s": null,
        "velocity_update_time_s": null,
        "position_update_time_s": null,
        "solver": "pyswarm",
        "solver_messages": [
            "Stopping search: maximum iterations reached --> 100"
        ]
    },
    "config": {
        "num_particles": 30,
        "dimensions": 10,
        "max_iterations": 100,
        "inertia_weight": 0.7,
        "cognitive_coefficient": 1.5,
        "social_coefficient": 1.5,
        "seed": 2,
        "tolerance": 0.0,
        "stagnation_patience": null,
        "track_history": true,
        "track_swarm_history": false
    }
}