{
    "objective": "rastrigin",
    "evaluation_mode": "pyswarm",
    "best_value": 14.127614818276934,
    "best_position": [
        0.9965052289891727,
        -0.9940411264591411,
        -0.004334289095820857,
        -1.0044924616819773,
        0.9988511320528668,
        0.0026354535562046217,
        0.002525718493003693,
        -0.02172201928663256,
        3.0042302396370277,
        0.9914967413657301
    ],
    "elapsed_time_s": 0.035255700000561774,
    "iterations_completed": 100,
    "best_value_history": [
        107.1551917214633,
        107.1551917214633,
        107.1551917214633,
        81.08194640946257,
        81.08194640946257,
        81.08194640946257,
        81.08194640946257,
        81.08194640946257,
        81.08194640946257,
        81.08194640946257,
        81.08194640946257,
        81.08194640946257,
        81.08194640946257,
        81.08194640946257,
        81.08194640946257,
        76.03054963209793,
        76.03054963209793,
        68.88848725827555,
        68.88848725827555,
        68.88848725827555,
        50.232366966764246,
        50.232366966764246,
        50.232366966764246,
        50.232366966764246,
        50.232366966764246,
        50.232366966764246,
        50.232366966764246,
        50.232366966764246,
        50.232366966764246,
        50.232366966764246,
        50.232366966764246,
        50.232366966764246,
        50.232366966764246,
        50.232366966764246,
        50.232366966764246,
        49.54242003722774,
        49.54242003722774,
        49.03855669204684,
        47.79670809350177,
        47.79670809350177,
        47.79670809350177,
        44.835338025843086,
        44.835338025843086,
        44.835338025843086,
        34.62550902782681,
        34.62550902782681,
        34.62550902782681,
        34.62550902782681,
        34.62550902782681,
        34.62550902782681,
        31.183282534207954,
        31.183282534207954,
        31.183282534207954,
        31.183282534207954,
        31.183282534207954,
        30.6202566409438,
        30.6202566409438,
        26.6416038607512,
        26.508671800905848,
        25.086311678324336,
        25.086311678324336,
        25.086311678324336,
        21.97659079998251,
        21.97659079998251,
        21.97659079998251,
        20.903262999163243,
        19.569586312245026,
        19.1574617036047,
        18.787063543155572,
        18.72179445580528,
        18.12267293394485,
        18.12267293394485,
        17.462299823143862,
        17.462299823143862,
        17.03471433865724,
        16.747471093035028,
        16.610227248478783,
        16.610227248478783,
        16.325214568880625,
        16.325214568880625,
        16.325214568880625,
        16.325214568880625,
        15.672477940463114,
        15.672477940463114,
        15.577840866043468,
        15.577840866043468,
        15.577840866043468,
        15.328400945659737,
        15.03876635975716,
        14.920439141669267,
        14.920439141669267,
        14.835951754691232,
        14.826115728133663,
        14.627958718108497,
        14.534594425434058,
        14.127614818276934,
        14.127614818276934,
        14.127614818276934,
        14.127614818276934,
        14.127614818276934
    ],
    "swarm_position_history": null,
    "timing_stats": {
        "total_time_s": 0.035255700000561774,
        "fitness_time_s": null,
        "velocity_update_time_s": null,
        "position_update_time_s": null,
        "solver": "pyswarm",
        "solver_messages": [
            "Stopping search: maximum iterations reached --> 100"
        ]
    },
    "config": {
        "num_particles": 30,
        "dimensions": 10,
        "max_iterations": 100,
        "inertia_weight": 0.7,
        "cognitive_coefficient": 1.5,
        "social_coefficient": 1.5,
        "seed": 3,
        "tolerance": 0.0,
        "stagnation_patience": null,
        "track_history": true,
        "track_swarm_history": false
    }
}