{
    "objective_name": "ackley",
    "num_runs": 5,
    "mean_best_value": 0.2596036629491711,
    "std_best_value": 0.4591106189774371,
    "min_best_value": 0.01261004256145215,
    "max_best_value": 1.177573436742151,
    "mean_elapsed_time_s": 0.0413588399766013,
    "std_elapsed_time_s": 0.0006146435502029761,
    "mean_iterations": 100.0,
    "min_iterations": 100,
    "max_iterations": 100,
    "evaluation_mode": "threading"
}