{
    "objective": "sphere",
    "evaluation_mode": "pyswarm",
    "best_value": 8.076168924689427e-15,
    "best_position": [
        -1.8525710969936154e-08,
        -8.793728991587025e-08
    ],
    "elapsed_time_s": 0.02969389990903437,
    "iterations_completed": 100,
    "best_value_history": [
        0.4456920494136391,
        0.4456920494136391,
        0.061895742112042164,
        0.061895742112042164,
        0.061895742112042164,
        0.061895742112042164,
        0.03399512325525601,
        0.03399512325525601,
        0.023402640657654773,
        0.023402640657654773,
        0.007938819265369313,
        0.007938819265369313,
        0.0009847371161007534,
        0.0009847371161007534,
        0.0009847371161007534,
        0.0009847371161007534,
        0.0009847371161007534,
        0.0009847371161007534,
        0.0005262028218188271,
        0.0005262028218188271,
        0.0005262028218188271,
        0.0005262028218188271,
        0.0005262028218188271,
        0.0005262028218188271,
        0.0002784877643542896,
        0.00024007245450113882,
        0.00024007245450113882,
        0.00022432800726314165,
        9.913885859652542e-05,
        9.913885859652542e-05,
        9.913885859652542e-05,
        9.913885859652542e-05,
        8.59059671276607e-05,
        8.59059671276607e-05,
        1.1688850690924506e-05,
        1.1688850690924506e-05,
        1.0783117945867765e-05,
        8.52703599657451e-06,
        3.5734422486609215e-06,
        3.5734422486609215e-06,
        3.5734422486609215e-06,
        1.4346539230699823e-06,
        4.5846899748057496e-07,
        4.5846899748057496e-07,
        4.5846899748057496e-07,
        4.5846899748057496e-07,
        4.5846899748057496e-07,
        8.485561366466035e-09,
        8.485561366466035e-09,
        2.1595301399744704e-09,
        2.1595301399744704e-09,
        2.1595301399744704e-09,
        2.1595301399744704e-09,
        2.1595301399744704e-09,
        2.1595301399744704e-09,
        2.1595301399744704e-09,
        2.1595301399744704e-09,
        2.1595301399744704e-09,
        2.1595301399744704e-09,
        2.1595301399744704e-09,
        2.1595301399744704e-09,
        2.1595301399744704e-09,
        7.84388185362045e-10,
        7.84388185362045e-10,
        3.9132013353093517e-10,
        3.9132013353093517e-10,
        1.896310866100794e-10,
        1.896310866100794e-10,
        1.896310866100794e-10,
        1.896310866100794e-10,
        7.605621007617165e-11,
        2.795598593770693e-11,
        2.795598593770693e-11,
        2.795598593770693e-11,
        2.795598593770693e-11,
        3.683196550467086e-12,
        3.683196550467086e-12,
        3.683196550467086e-12,
        4.4821715611549506e-13,
        4.4821715611549506e-13,
        4.4821715611549506e-13,
        4.4821715611549506e-13,
        4.4821715611549506e-13,
        4.4821715611549506e-13,
        4.4821715611549506e-13,
        4.4821715611549506e-13,
        4.4821715611549506e-13,
        4.4821715611549506e-13,
        4.4821715611549506e-13,
        4.4821715611549506e-13,
        3.29611376832993e-13,
        3.29611376832993e-13,
        3.29611376832993e-13,
        3.29611376832993e-13,
        3.29611376832993e-13,
        3.29611376832993e-13,
        3.29611376832993e-13,
        8.076168924689427e-15,
        8.076168924689427e-15,
        8.076168924689427e-15
    ],
    "swarm_position_history": null,
    "timing_stats": {
        "total_time_s": 0.02969389990903437,
        "fitness_time_s": null,
        "velocity_update_time_s": null,
        "position_update_time_s": null,
        "solver": "pyswarm",
        "solver_messages": [
            "Stopping search: maximum iterations reached --> 100"
        ]
    },
    "config": {
        "num_particles": 30,
        "dimensions": 2,
        "max_iterations": 100,
        "inertia_weight": 0.7,
        "cognitive_coefficient": 1.5,
        "social_coefficient": 1.5,
        "seed": 0,
        "tolerance": 0.0,
        "stagnation_patience": null,
        "track_history": true,
        "track_swarm_history": false
    }
}