{
    "objective": "sphere",
    "evaluation_mode": "pyswarm",
    "best_value": 1.8599521739455764e-13,
    "best_position": [
        -3.2653663542900946e-07,
        2.817251197839124e-07
    ],
    "elapsed_time_s": 0.03213919990230352,
    "iterations_completed": 100,
    "best_value_history": [
        0.3585658669631689,
        0.34554815480295953,
        0.34554815480295953,
        0.25758535223909634,
        0.25758535223909634,
        0.25758535223909634,
        0.16638462467706233,
        0.1067942607534301,
        0.03847777611376444,
        0.018720057081120903,
        0.013210016522658217,
        0.013210016522658217,
        0.013210016522658217,
        0.013210016522658217,
        0.0016441818498964392,
        0.0005411282624241912,
        0.0005411282624241912,
        0.0005411282624241912,
        0.0005411282624241912,
        0.0005411282624241912,
        0.0005411282624241912,
        0.0005411282624241912,
        0.0005411282624241912,
        0.00041323990944607626,
        0.00011770047873708309,
        0.00011770047873708309,
        0.00011770047873708309,
        0.00011770047873708309,
        2.922348048726989e-05,
        2.922348048726989e-05,
        2.922348048726989e-05,
        2.922348048726989e-05,
        3.536196769066782e-07,
        3.536196769066782e-07,
        3.536196769066782e-07,
        3.536196769066782e-07,
        3.536196769066782e-07,
        2.6934910890037274e-07,
        2.6934910890037274e-07,
        2.6934910890037274e-07,
        2.6934910890037274e-07,
        2.6934910890037274e-07,
        2.6934910890037274e-07,
        2.6934910890037274e-07,
        2.6934910890037274e-07,
        1.7575680301428793e-08,
        1.7575680301428793e-08,
        1.7575680301428793e-08,
        1.7575680301428793e-08,
        1.7575680301428793e-08,
        1.7575680301428793e-08,
        1.7575680301428793e-08,
        1.7575680301428793e-08,
        1.7575680301428793e-08,
        1.7575680301428793e-08,
        1.7575680301428793e-08,
        5.258994963705791e-09,
        5.258994963705791e-09,
        5.258994963705791e-09,
        5.258994963705791e-09,
        5.258994963705791e-09,
        5.258994963705791e-09,
        1.0936582425514683e-09,
        1.0936582425514683e-09,
        8.315881989186429e-10,
        8.315881989186429e-10,
        2.7377448171775503e-10,
        2.7377448171775503e-10,
        2.7377448171775503e-10,
        2.7377448171775503e-10,
        2.7377448171775503e-10,
        2.7377448171775503e-10,
        2.7377448171775503e-10,
        2.7377448171775503e-10,
        5.35678947203225e-11,
        5.35678947203225e-11,
        5.35678947203225e-11,
        2.8189534303035056e-11,
        2.8189534303035056e-11,
        2.8189534303035056e-11,
        3.7275156642669206e-12,
        3.7275156642669206e-12,
        3.7275156642669206e-12,
        3.7275156642669206e-12,
        3.7275156642669206e-12,
        3.7275156642669206e-12,
        3.7275156642669206e-12,
        3.7275156642669206e-12,
        3.7275156642669206e-12,
        3.7275156642669206e-12,
        3.7275156642669206e-12,
        2.2313288662117594e-12,
        2.2313288662117594e-12,
        2.2174390325224574e-12,
        2.2174390325224574e-12,
        2.3541757489680774e-13,
        1.8599521739455764e-13,
        1.8599521739455764e-13,
        1.8599521739455764e-13,
        1.8599521739455764e-13
    ],
    "swarm_position_history": null,
    "timing_stats": {
        "total_time_s": 0.03213919990230352,
        "fitness_time_s": null,
        "velocity_update_time_s": null,
        "position_update_time_s": null,
        "solver": "pyswarm",
        "solver_messages": [
            "Stopping search: maximum iterations reached --> 100"
        ]
    },
    "config": {
        "num_particles": 30,
        "dimensions": 2,
        "max_iterations": 100,
        "inertia_weight": 0.7,
        "cognitive_coefficient": 1.5,
        "social_coefficient": 1.5,
        "seed": 2,
        "tolerance": 0.0,
        "stagnation_patience": null,
        "track_history": true,
        "track_swarm_history": false
    }
}