{
    "objective": "sphere",
    "evaluation_mode": "pyswarm",
    "best_value": 4.332200491212539e-14,
    "best_position": [
        -7.62732098281883e-09,
        -2.0799958866966647e-07
    ],
    "elapsed_time_s": 0.02895519998855889,
    "iterations_completed": 100,
    "best_value_history": [
        0.5578718314383194,
        0.00956587986235562,
        0.00956587986235562,
        0.00956587986235562,
        0.00956587986235562,
        0.00956587986235562,
        0.00956587986235562,
        0.00956587986235562,
        0.00956587986235562,
        0.00956587986235562,
        0.00905198347033508,
        0.00905198347033508,
        0.00905198347033508,
        0.0019693916280067985,
        0.0019693916280067985,
        0.0019693916280067985,
        0.0019693916280067985,
        0.0019693916280067985,
        0.0019693916280067985,
        0.0019693916280067985,
        0.000829901175001694,
        0.000829901175001694,
        0.000829901175001694,
        0.0007233616713319431,
        0.0007233616713319431,
        0.00028363508954489246,
        3.44904293190304e-05,
        3.44904293190304e-05,
        3.44904293190304e-05,
        3.44904293190304e-05,
        2.172386451281874e-05,
        2.172386451281874e-05,
        4.483573882668197e-06,
        4.483573882668197e-06,
        4.483573882668197e-06,
        4.483573882668197e-06,
        4.483573882668197e-06,
        3.6077021342456965e-07,
        3.6077021342456965e-07,
        3.6077021342456965e-07,
        3.6077021342456965e-07,
        3.6077021342456965e-07,
        1.513371694307734e-07,
        1.513371694307734e-07,
        2.055237576719679e-08,
        2.055237576719679e-08,
        2.055237576719679e-08,
        2.055237576719679e-08,
        2.055237576719679e-08,
        2.055237576719679e-08,
        1.1554457313548936e-08,
        1.1554457313548936e-08,
        1.1554457313548936e-08,
        1.1554457313548936e-08,
        1.1554457313548936e-08,
        1.1554457313548936e-08,
        1.1554457313548936e-08,
        1.1554457313548936e-08,
        1.1554457313548936e-08,
        1.1554457313548936e-08,
        4.909916290736865e-09,
        4.909916290736865e-09,
        3.280262211896759e-09,
        3.280262211896759e-09,
        2.8308131279778083e-09,
        2.8308131279778083e-09,
        2.8308131279778083e-09,
        2.1999908552902392e-09,
        2.1999908552902392e-09,
        1.5089029535119243e-09,
        1.5089029535119243e-09,
        7.265096493106342e-11,
        7.265096493106342e-11,
        7.265096493106342e-11,
        7.265096493106342e-11,
        7.265096493106342e-11,
        7.265096493106342e-11,
        5.114792859002925e-11,
        5.114792859002925e-11,
        5.114792859002925e-11,
        7.718043125546318e-12,
        7.718043125546318e-12,
        7.718043125546318e-12,
        5.1594908950587736e-12,
        5.1594908950587736e-12,
        5.1594908950587736e-12,
        5.1594908950587736e-12,
        1.3799645281853723e-12,
        5.86099918158255e-13,
        5.86099918158255e-13,
        5.86099918158255e-13,
        5.86099918158255e-13,
        1.9466931809314087e-13,
        1.9466931809314087e-13,
        4.332200491212539e-14,
        4.332200491212539e-14,
        4.332200491212539e-14,
        4.332200491212539e-14,
        4.332200491212539e-14,
        4.332200491212539e-14
    ],
    "swarm_position_history": null,
    "timing_stats": {
        "total_time_s": 0.02895519998855889,
        "fitness_time_s": null,
        "velocity_update_time_s": null,
        "position_update_time_s": null,
        "solver": "pyswarm",
        "solver_messages": [
            "Stopping search: maximum iterations reached --> 100"
        ]
    },
    "config": {
        "num_particles": 30,
        "dimensions": 2,
        "max_iterations": 100,
        "inertia_weight": 0.7,
        "cognitive_coefficient": 1.5,
        "social_coefficient": 1.5,
        "seed": 1,
        "tolerance": 0.0,
        "stagnation_patience": null,
        "track_history": true,
        "track_swarm_history": false
    }
}