{
    "objective": "sphere",
    "evaluation_mode": "pyswarm",
    "best_value": 6.673430998773788e-13,
    "best_position": [
        -5.029357044219126e-07,
        6.437381277313107e-07
    ],
    "elapsed_time_s": 0.028989900019951165,
    "iterations_completed": 100,
    "best_value_history": [
        1.6240141404350266,
        0.2748081278941474,
        0.2748081278941474,
        0.08043594871524697,
        0.08043594871524697,
        0.08043594871524697,
        0.08043594871524697,
        0.08043594871524697,
        0.08043594871524697,
        0.007458905931218685,
        0.0013224220993315998,
        0.0013224220993315998,
        0.0013224220993315998,
        0.0013224220993315998,
        0.0013224220993315998,
        0.0013224220993315998,
        0.0013224220993315998,
        0.0013224220993315998,
        0.0013224220993315998,
        0.0013224220993315998,
        0.0013224220993315998,
        0.0013224220993315998,
        0.0013224220993315998,
        0.0013224220993315998,
        0.0009521844010634552,
        0.0009521844010634552,
        0.0009494648836261198,
        0.0009494648836261198,
        0.0009494648836261198,
        0.0009494648836261198,
        0.00012724811683652656,
        0.00012724811683652656,
        0.00012724811683652656,
        0.00012724811683652656,
        7.003413028571809e-07,
        7.003413028571809e-07,
        7.003413028571809e-07,
        7.003413028571809e-07,
        7.003413028571809e-07,
        7.003413028571809e-07,
        7.003413028571809e-07,
        7.003413028571809e-07,
        7.003413028571809e-07,
        7.003413028571809e-07,
        7.003413028571809e-07,
        7.003413028571809e-07,
        7.003413028571809e-07,
        4.380601455913091e-09,
        4.380601455913091e-09,
        4.380601455913091e-09,
        4.380601455913091e-09,
        4.380601455913091e-09,
        4.380601455913091e-09,
        4.380601455913091e-09,
        4.380601455913091e-09,
        4.380601455913091e-09,
        4.380601455913091e-09,
        4.380601455913091e-09,
        4.380601455913091e-09,
        4.380601455913091e-09,
        2.2878082985136355e-09,
        2.2878082985136355e-09,
        2.2878082985136355e-09,
        2.2878082985136355e-09,
        2.2878082985136355e-09,
        2.2878082985136355e-09,
        2.055391562611996e-09,
        5.955652663727107e-10,
        5.955652663727107e-10,
        4.946829358470962e-10,
        4.946829358470962e-10,
        4.946829358470962e-10,
        1.3474983312066898e-10,
        1.3474983312066898e-10,
        1.3474983312066898e-10,
        1.3474983312066898e-10,
        1.3474983312066898e-10,
        1.3474983312066898e-10,
        1.3474983312066898e-10,
        1.3474983312066898e-10,
        1.3474983312066898e-10,
        2.3165365550822558e-11,
        2.3165365550822558e-11,
        2.3165365550822558e-11,
        2.3165365550822558e-11,
        2.3165365550822558e-11,
        2.3165365550822558e-11,
        2.3165365550822558e-11,
        2.3165365550822558e-11,
        2.3165365550822558e-11,
        2.3165365550822558e-11,
        2.3165365550822558e-11,
        1.161545179840719e-11,
        9.291024745131392e-12,
        3.248569285171365e-12,
        3.248569285171365e-12,
        6.673430998773788e-13,
        6.673430998773788e-13,
        6.673430998773788e-13,
        6.673430998773788e-13
    ],
    "swarm_position_history": null,
    "timing_stats": {
        "total_time_s": 0.028989900019951165,
        "fitness_time_s": null,
        "velocity_update_time_s": null,
        "position_update_time_s": null,
        "solver": "pyswarm",
        "solver_messages": [
            "Stopping search: maximum iterations reached --> 100"
        ]
    },
    "config": {
        "num_particles": 30,
        "dimensions": 2,
        "max_iterations": 100,
        "inertia_weight": 0.7,
        "cognitive_coefficient": 1.5,
        "social_coefficient": 1.5,
        "seed": 4,
        "tolerance": 0.0,
        "stagnation_patience": null,
        "track_history": true,
        "track_swarm_history": false
    }
}