{
    "objective": "sphere",
    "evaluation_mode": "pyswarm",
    "best_value": 2.3088942013570767e-13,
    "best_position": [
        -4.003663338062413e-07,
        2.656994898193391e-07
    ],
    "elapsed_time_s": 0.028967299964278936,
    "iterations_completed": 100,
    "best_value_history": [
        1.0174578488951984,
        0.2749000404602192,
        0.2749000404602192,
        0.2749000404602192,
        0.10889064229013437,
        0.09600193036712812,
        0.01772755397879624,
        0.01772755397879624,
        0.01772755397879624,
        0.01772755397879624,
        0.01772755397879624,
        0.01772755397879624,
        0.01772755397879624,
        0.01772755397879624,
        0.01772755397879624,
        0.00827427593950524,
        0.00827427593950524,
        0.0015837164518844613,
        0.0015837164518844613,
        0.0015837164518844613,
        0.0015837164518844613,
        0.0015837164518844613,
        0.00013524673107139765,
        6.090282794209072e-07,
        6.090282794209072e-07,
        6.090282794209072e-07,
        6.090282794209072e-07,
        6.090282794209072e-07,
        6.090282794209072e-07,
        6.090282794209072e-07,
        6.090282794209072e-07,
        6.090282794209072e-07,
        6.090282794209072e-07,
        6.090282794209072e-07,
        6.090282794209072e-07,
        6.090282794209072e-07,
        6.090282794209072e-07,
        6.090282794209072e-07,
        6.090282794209072e-07,
        6.090282794209072e-07,
        6.090282794209072e-07,
        6.090282794209072e-07,
        6.090282794209072e-07,
        6.090282794209072e-07,
        6.090282794209072e-07,
        6.090282794209072e-07,
        4.734501794925035e-07,
        3.081163437646233e-07,
        3.081163437646233e-07,
        2.1687493905029425e-08,
        2.1687493905029425e-08,
        2.1687493905029425e-08,
        2.1687493905029425e-08,
        2.1687493905029425e-08,
        2.1687493905029425e-08,
        2.1687493905029425e-08,
        2.1687493905029425e-08,
        1.3797050411188813e-08,
        1.3797050411188813e-08,
        3.025530002042137e-09,
        3.025530002042137e-09,
        3.025530002042137e-09,
        3.025530002042137e-09,
        3.025530002042137e-09,
        3.0080482514220716e-09,
        2.7850062141264413e-09,
        2.7850062141264413e-09,
        1.9072799410862157e-10,
        1.9072799410862157e-10,
        1.9072799410862157e-10,
        1.9072799410862157e-10,
        2.2614168575254452e-11,
        2.2614168575254452e-11,
        2.2614168575254452e-11,
        2.2614168575254452e-11,
        2.2614168575254452e-11,
        2.2614168575254452e-11,
        2.2614168575254452e-11,
        2.2614168575254452e-11,
        2.2614168575254452e-11,
        2.2614168575254452e-11,
        2.2614168575254452e-11,
        2.2614168575254452e-11,
        2.2614168575254452e-11,
        2.2395205428802852e-11,
        2.2395205428802852e-11,
        2.2395205428802852e-11,
        2.2395205428802852e-11,
        8.134263621090756e-12,
        8.134263621090756e-12,
        8.134263621090756e-12,
        4.591517698370962e-12,
        4.591517698370962e-12,
        4.591517698370962e-12,
        3.4720681997038887e-12,
        1.5434346136538558e-12,
        8.416063962519652e-13,
        8.416063962519652e-13,
        2.3088942013570767e-13,
        2.3088942013570767e-13
    ],
    "swarm_position_history": null,
    "timing_stats": {
        "total_time_s": 0.028967299964278936,
        "fitness_time_s": null,
        "velocity_update_time_s": null,
        "position_update_time_s": null,
        "solver": "pyswarm",
        "solver_messages": [
            "Stopping search: maximum iterations reached --> 100"
        ]
    },
    "config": {
        "num_particles": 30,
        "dimensions": 2,
        "max_iterations": 100,
        "inertia_weight": 0.7,
        "cognitive_coefficient": 1.5,
        "social_coefficient": 1.5,
        "seed": 3,
        "tolerance": 0.0,
        "stagnation_patience": null,
        "track_history": true,
        "track_swarm_history": false
    }
}