{
    "objective": "rastrigin",
    "evaluation_mode": "sequential",
    "best_value": 0.0,
    "best_position": [
        3.165252216349466e-11,
        2.930857640664252e-09
    ],
    "elapsed_time_s": 0.011309499968774617,
    "iterations_completed": 100,
    "best_value_history": [
        5.372982894787583,
        2.5644931592967524,
        2.5644931592967524,
        1.9304433509420313,
        1.544705657019378,
        1.544705657019378,
        1.3971289006308147,
        0.8397731233865393,
        0.8397731233865393,
        0.3506670870233499,
        0.3506670870233499,
        0.12233326118344223,
        0.11072034122123497,
        0.10157395017374427,
        0.10157395017374427,
        0.016035305112623632,
        0.016035305112623632,
        0.011622767224629627,
        0.011622767224629627,
        0.0032016770975786812,
        0.0032016770975786812,
        0.0003877085858974283,
        0.0003877085858974283,
        7.196636304485082e-05,
        7.196636304485082e-05,
        1.9912601949556574e-06,
        1.9912601949556574e-06,
        1.9912601949556574e-06,
        1.9912601949556574e-06,
        1.9912601949556574e-06,
        1.4902802760730083e-06,
        5.019705469067048e-07,
        5.019705469067048e-07,
        3.8260979806636897e-07,
        9.568123715553156e-08,
        2.945905208662225e-08,
        4.034887979287305e-09,
        3.2263898219753173e-09,
        1.8456418615642178e-09,
        1.519854464504533e-09,
        4.468034831006662e-10,
        4.468034831006662e-10,
        4.069491410518822e-10,
        2.52626364272146e-10,
        2.52626364272146e-10,
        2.913935759352171e-11,
        2.9380942123680143e-12,
        2.9380942123680143e-12,
        2.9380942123680143e-12,
        2.9380942123680143e-12,
        1.0018652574217413e-12,
        8.526512829121202e-13,
        2.0605739337042905e-13,
        8.526512829121202e-14,
        3.552713678800501e-14,
        3.552713678800501e-14,
        3.552713678800501e-14,
        1.0658141036401503e-14,
        3.552713678800501e-15,
        3.552713678800501e-15,
        3.552713678800501e-15,
        0.0,
        0.0,
        0.0,
        0.0,
        0.0,
        0.0,
        0.0,
        0.0,
        0.0,
        0.0,
        0.0,
        0.0,
        0.0,
        0.0,
        0.0,
        0.0,
        0.0,
        0.0,
        0.0,
        0.0,
        0.0,
        0.0,
        0.0,
        0.0,
        0.0,
        0.0,
        0.0,
        0.0,
        0.0,
        0.0,
        0.0,
        0.0,
        0.0,
        0.0,
        0.0,
        0.0,
        0.0,
        0.0,
        0.0
    ],
    "timing_stats": {
        "total_time_s": 0.011305599997285753,
        "fitness_time_s": 0.010058700339868665,
        "velocity_update_time_s": 0.0005251002730801702,
        "position_update_time_s": 0.00025129964342340827
    },
    "config": {
        "num_particles": 30,
        "dimensions": 2,
        "max_iterations": 100,
        "inertia_weight": 0.4,
        "cognitive_coefficient": 1.5,
        "social_coefficient": 1.0,
        "seed": 2,
        "tolerance": 0.0,
        "stagnation_patience": null,
        "track_history": true
    }
}