{
    "objective": "rastrigin",
    "evaluation_mode": "sequential",
    "best_value": 0.0,
    "best_position": [
        7.577257164331722e-10,
        6.145611977892026e-10
    ],
    "elapsed_time_s": 0.02556059998460114,
    "iterations_completed": 100,
    "best_value_history": [
        0.9294953770377035,
        0.12181735710438346,
        0.12181735710438346,
        0.12181735710438346,
        0.12181735710438346,
        0.014300839112092234,
        0.014300839112092234,
        0.014300839112092234,
        0.002477069017903233,
        0.002477069017903233,
        0.002477069017903233,
        0.002477069017903233,
        0.0003920273594530954,
        0.0003661101921679233,
        5.600379977721559e-05,
        1.3087434588499036e-05,
        1.3087434588499036e-05,
        1.3087434588499036e-05,
        1.1741988224400757e-05,
        1.1741988224400757e-05,
        1.0670208233420908e-05,
        1.0519975006673121e-06,
        1.0519975006673121e-06,
        7.334512588386133e-07,
        1.9518209626312455e-07,
        4.6664226260872965e-08,
        4.251429430723874e-08,
        4.251429430723874e-08,
        2.370889262692799e-09,
        2.370889262692799e-09,
        5.077893661109556e-10,
        1.7250556538783712e-10,
        1.7250556538783712e-10,
        1.0237855008199404e-10,
        6.352252057695296e-12,
        6.352252057695296e-12,
        6.352252057695296e-12,
        3.367972567502875e-12,
        2.3163693185779266e-12,
        1.0658141036401503e-12,
        1.0658141036401503e-12,
        8.384404281969182e-13,
        7.815970093361102e-14,
        7.815970093361102e-14,
        7.815970093361102e-14,
        3.552713678800501e-15,
        3.552713678800501e-15,
        3.552713678800501e-15,
        3.552713678800501e-15,
        0.0,
        0.0,
        0.0,
        0.0,
        0.0,
        0.0,
        0.0,
        0.0,
        0.0,
        0.0,
        0.0,
        0.0,
        0.0,
        0.0,
        0.0,
        0.0,
        0.0,
        0.0,
        0.0,
        0.0,
        0.0,
        0.0,
        0.0,
        0.0,
        0.0,
        0.0,
        0.0,
        0.0,
        0.0,
        0.0,
        0.0,
        0.0,
        0.0,
        0.0,
        0.0,
        0.0,
        0.0,
        0.0,
        0.0,
        0.0,
        0.0,
        0.0,
        0.0,
        0.0,
        0.0,
        0.0,
        0.0,
        0.0,
        0.0,
        0.0,
        0.0
    ],
    "config": {
        "num_particles": 30,
        "dimensions": 2,
        "max_iterations": 100,
        "inertia_weight": 0.4,
        "cognitive_coefficient": 1.5,
        "social_coefficient": 1.0,
        "seed": 4,
        "tolerance": 0.0,
        "stagnation_patience": null,
        "track_history": true
    }
}