{
    "objective_name": "rastrigin",
    "num_runs": 5,
    "mean_best_value": 214.83618525348592,
    "std_best_value": 17.312307847163083,
    "min_best_value": 187.70466634863683,
    "max_best_value": 237.30600461088932,
    "mean_elapsed_time_s": 0.012006660003680735,
    "std_elapsed_time_s": 6.310551422541613e-05,
    "mean_iterations": 100.0,
    "min_iterations": 100,
    "max_iterations": 100
}