{
    "objective_name": "rastrigin",
    "num_runs": 5,
    "mean_best_value": 142.88283369533914,
    "std_best_value": 23.676639896807963,
    "min_best_value": 117.30908117847099,
    "max_best_value": 181.69950151908142,
    "mean_elapsed_time_s": 0.011868140008300544,
    "std_elapsed_time_s": 0.000190816750819177,
    "mean_iterations": 100.0,
    "min_iterations": 100,
    "max_iterations": 100
}