{
    "objective_name": "rastrigin",
    "num_runs": 5,
    "mean_best_value": 376.9185175176077,
    "std_best_value": 29.03610663705854,
    "min_best_value": 348.7941139347433,
    "max_best_value": 430.2538255795213,
    "mean_elapsed_time_s": 0.01412823994178325,
    "std_elapsed_time_s": 0.0005902545065489814,
    "mean_iterations": 100.0,
    "min_iterations": 100,
    "max_iterations": 100
}