{
    "objective_name": "rastrigin",
    "num_runs": 5,
    "mean_best_value": 356.6606080940752,
    "std_best_value": 37.27068459616374,
    "min_best_value": 297.3506601017768,
    "max_best_value": 411.2655961053486,
    "mean_elapsed_time_s": 0.01354030000511557,
    "std_elapsed_time_s": 0.00012824197531587228,
    "mean_iterations": 100.0,
    "min_iterations": 100,
    "max_iterations": 100
}