{
    "objective_name": "rastrigin",
    "num_runs": 5,
    "mean_best_value": 142.88283369533914,
    "std_best_value": 23.676639896807945,
    "min_best_value": 117.30908117847103,
    "max_best_value": 181.6995015190814,
    "mean_elapsed_time_s": 0.01490507998969406,
    "std_elapsed_time_s": 0.000882411646634966,
    "mean_iterations": 100.0,
    "min_iterations": 100,
    "max_iterations": 100
}