{
    "objective_name": "rastrigin",
    "num_runs": 5,
    "mean_best_value": 305.47260754943585,
    "std_best_value": 11.726883699763288,
    "min_best_value": 282.59001177626783,
    "max_best_value": 315.29766582794565,
    "mean_elapsed_time_s": 0.01207452000817284,
    "std_elapsed_time_s": 4.479366126727075e-05,
    "mean_iterations": 100.0,
    "min_iterations": 100,
    "max_iterations": 100
}