{
    "objective_name": "rastrigin",
    "num_runs": 5,
    "mean_best_value": 114.38660684354382,
    "std_best_value": 24.381460755116112,
    "min_best_value": 91.33308035846136,
    "max_best_value": 155.7707964450669,
    "mean_elapsed_time_s": 0.01416074000298977,
    "std_elapsed_time_s": 0.00044704030761079014,
    "mean_iterations": 100.0,
    "min_iterations": 100,
    "max_iterations": 100
}