{
    "objective_name": "rastrigin",
    "num_runs": 5,
    "mean_best_value": 155.34656450318832,
    "std_best_value": 35.4949769953565,
    "min_best_value": 120.20797583552726,
    "max_best_value": 219.99825697440178,
    "mean_elapsed_time_s": 0.011754919996019454,
    "std_elapsed_time_s": 0.00010898304242776456,
    "mean_iterations": 100.0,
    "min_iterations": 100,
    "max_iterations": 100
}