{
    "objective_name": "rastrigin",
    "num_runs": 5,
    "mean_best_value": 198.01390459031308,
    "std_best_value": 26.453371060844905,
    "min_best_value": 146.08498884942495,
    "max_best_value": 218.73826347620337,
    "mean_elapsed_time_s": 0.01199477999471128,
    "std_elapsed_time_s": 0.00015913807045285432,
    "mean_iterations": 100.0,
    "min_iterations": 100,
    "max_iterations": 100
}