{
    "objective_name": "rastrigin",
    "num_runs": 5,
    "mean_best_value": 312.83049478490733,
    "std_best_value": 19.880820538362453,
    "min_best_value": 283.06635593566006,
    "max_best_value": 344.2292552491955,
    "mean_elapsed_time_s": 0.012169860000722111,
    "std_elapsed_time_s": 0.00015723109187228165,
    "mean_iterations": 100.0,
    "min_iterations": 100,
    "max_iterations": 100
}