{
    "objective_name": "rastrigin",
    "num_runs": 5,
    "mean_best_value": 187.16919672810292,
    "std_best_value": 18.543642564367943,
    "min_best_value": 165.3529374352369,
    "max_best_value": 210.3240141501035,
    "mean_elapsed_time_s": 0.011828300019260496,
    "std_elapsed_time_s": 0.00011436383012440837,
    "mean_iterations": 100.0,
    "min_iterations": 100,
    "max_iterations": 100
}