{
    "objective_name": "rastrigin",
    "num_runs": 5,
    "mean_best_value": 259.022779498592,
    "std_best_value": 30.765181168908764,
    "min_best_value": 221.57754026981485,
    "max_best_value": 295.7069905030717,
    "mean_elapsed_time_s": 0.013888679980300366,
    "std_elapsed_time_s": 0.0004125431132391998,
    "mean_iterations": 100.0,
    "min_iterations": 100,
    "max_iterations": 100
}