{
    "objective_name": "rastrigin",
    "num_runs": 5,
    "mean_best_value": 337.01767278951627,
    "std_best_value": 27.597287445971894,
    "min_best_value": 289.75198193196417,
    "max_best_value": 373.6156533869363,
    "mean_elapsed_time_s": 0.012145579978823661,
    "std_elapsed_time_s": 0.00014361045396176257,
    "mean_iterations": 100.0,
    "min_iterations": 100,
    "max_iterations": 100
}