{
    "objective_name": "rastrigin",
    "num_runs": 5,
    "mean_best_value": 305.47260754943585,
    "std_best_value": 11.726883699763292,
    "min_best_value": 282.59001177626783,
    "max_best_value": 315.29766582794565,
    "mean_elapsed_time_s": 0.013588120019994676,
    "std_elapsed_time_s": 0.00029005141379063353,
    "mean_iterations": 100.0,
    "min_iterations": 100,
    "max_iterations": 100
}