{
    "objective_name": "rastrigin",
    "num_runs": 5,
    "mean_best_value": 387.567131042445,
    "std_best_value": 16.992935373905517,
    "min_best_value": 361.99697717439705,
    "max_best_value": 409.43339605048516,
    "mean_elapsed_time_s": 0.014517260016873479,
    "std_elapsed_time_s": 0.0005807461875833854,
    "mean_iterations": 100.0,
    "min_iterations": 100,
    "max_iterations": 100
}