{
    "objective_name": "rastrigin",
    "num_runs": 5,
    "mean_best_value": 259.02277949859194,
    "std_best_value": 30.76518116890874,
    "min_best_value": 221.57754026981485,
    "max_best_value": 295.70699050307167,
    "mean_elapsed_time_s": 0.012133600004017354,
    "std_elapsed_time_s": 0.00018914261618270612,
    "mean_iterations": 100.0,
    "min_iterations": 100,
    "max_iterations": 100
}