{
    "objective_name": "rastrigin",
    "num_runs": 5,
    "mean_best_value": 234.45102432472657,
    "std_best_value": 60.28230301896531,
    "min_best_value": 126.80765165657235,
    "max_best_value": 292.53049275458693,
    "mean_elapsed_time_s": 0.014091320033185185,
    "std_elapsed_time_s": 0.0003547418549526189,
    "mean_iterations": 100.0,
    "min_iterations": 100,
    "max_iterations": 100
}