{
    "objective_name": "rastrigin",
    "num_runs": 5,
    "mean_best_value": 394.49721570551543,
    "std_best_value": 20.317032915655457,
    "min_best_value": 361.99697717439705,
    "max_best_value": 419.4773222125783,
    "mean_elapsed_time_s": 0.01492679996881634,
    "std_elapsed_time_s": 0.0012477816332730574,
    "mean_iterations": 100.0,
    "min_iterations": 100,
    "max_iterations": 100
}