{
    "objective_name": "rastrigin",
    "num_runs": 5,
    "mean_best_value": 316.2241179653167,
    "std_best_value": 25.52422953051402,
    "min_best_value": 272.19880006649197,
    "max_best_value": 344.9097954714306,
    "mean_elapsed_time_s": 0.012139680003747344,
    "std_elapsed_time_s": 0.00034346328507965776,
    "mean_iterations": 100.0,
    "min_iterations": 100,
    "max_iterations": 100
}