{
    "objective_name": "rastrigin",
    "num_runs": 5,
    "mean_best_value": 198.01390459031308,
    "std_best_value": 26.453371060844898,
    "min_best_value": 146.08498884942495,
    "max_best_value": 218.73826347620337,
    "mean_elapsed_time_s": 0.017405160004273057,
    "std_elapsed_time_s": 0.0022292200067502614,
    "mean_iterations": 100.0,
    "min_iterations": 100,
    "max_iterations": 100
}