{
    "objective_name": "rastrigin",
    "num_runs": 5,
    "mean_best_value": 155.3465645031883,
    "std_best_value": 35.4949769953565,
    "min_best_value": 120.20797583552724,
    "max_best_value": 219.99825697440178,
    "mean_elapsed_time_s": 0.01664717998355627,
    "std_elapsed_time_s": 0.0021752476424431897,
    "mean_iterations": 100.0,
    "min_iterations": 100,
    "max_iterations": 100
}