{
    "objective_name": "rastrigin",
    "num_runs": 5,
    "mean_best_value": 114.6419597010417,
    "std_best_value": 14.267588439009028,
    "min_best_value": 92.66793784214798,
    "max_best_value": 134.81373058705947,
    "mean_elapsed_time_s": 0.01428498001769185,
    "std_elapsed_time_s": 0.00039361442476802547,
    "mean_iterations": 100.0,
    "min_iterations": 100,
    "max_iterations": 100
}