{
    "objective_name": "rastrigin",
    "num_runs": 5,
    "mean_best_value": 165.44068183797987,
    "std_best_value": 46.944326178681436,
    "min_best_value": 104.60518651721031,
    "max_best_value": 227.59927594174053,
    "mean_elapsed_time_s": 0.011759620008524508,
    "std_elapsed_time_s": 0.00016035115699589386,
    "mean_iterations": 100.0,
    "min_iterations": 100,
    "max_iterations": 100
}