{
    "objective_name": "rastrigin",
    "num_runs": 5,
    "mean_best_value": 316.2241179653167,
    "std_best_value": 25.52422953051403,
    "min_best_value": 272.19880006649197,
    "max_best_value": 344.90979547143064,
    "mean_elapsed_time_s": 0.01356379995122552,
    "std_elapsed_time_s": 0.00014238368925954372,
    "mean_iterations": 100.0,
    "min_iterations": 100,
    "max_iterations": 100
}