{
    "objective_name": "rastrigin",
    "num_runs": 5,
    "mean_best_value": 165.44068183797987,
    "std_best_value": 46.94432617868145,
    "min_best_value": 104.60518651721029,
    "max_best_value": 227.59927594174053,
    "mean_elapsed_time_s": 0.014461979968473315,
    "std_elapsed_time_s": 0.00046971724809044004,
    "mean_iterations": 100.0,
    "min_iterations": 100,
    "max_iterations": 100
}