{
    "objective_name": "rastrigin",
    "num_runs": 5,
    "mean_best_value": 387.567131042445,
    "std_best_value": 16.992935373905546,
    "min_best_value": 361.99697717439693,
    "max_best_value": 409.43339605048516,
    "mean_elapsed_time_s": 0.01209434000775218,
    "std_elapsed_time_s": 4.728688487963079e-05,
    "mean_iterations": 100.0,
    "min_iterations": 100,
    "max_iterations": 100
}