{
    "objective_name": "rastrigin",
    "num_runs": 5,
    "mean_best_value": 253.27400001425207,
    "std_best_value": 22.249717205084167,
    "min_best_value": 220.199552797586,
    "max_best_value": 278.0376820276096,
    "mean_elapsed_time_s": 0.015325339999981225,
    "std_elapsed_time_s": 0.001355656987543902,
    "mean_iterations": 100.0,
    "min_iterations": 100,
    "max_iterations": 100
}