{
    "objective_name": "rastrigin",
    "num_runs": 5,
    "mean_best_value": 187.16919672810292,
    "std_best_value": 18.543642564367946,
    "min_best_value": 165.35293743523684,
    "max_best_value": 210.32401415010347,
    "mean_elapsed_time_s": 0.01571773998439312,
    "std_elapsed_time_s": 0.0008200850609563627,
    "mean_iterations": 100.0,
    "min_iterations": 100,
    "max_iterations": 100
}