{
    "objective_name": "rastrigin",
    "num_runs": 5,
    "mean_best_value": 337.01767278951627,
    "std_best_value": 27.59728744597192,
    "min_best_value": 289.7519819319641,
    "max_best_value": 373.6156533869363,
    "mean_elapsed_time_s": 0.01372841999400407,
    "std_elapsed_time_s": 0.00020919284247862993,
    "mean_iterations": 100.0,
    "min_iterations": 100,
    "max_iterations": 100
}