{
    "objective_name": "rastrigin",
    "num_runs": 5,
    "mean_best_value": 90.10975883692943,
    "std_best_value": 23.120537670562566,
    "min_best_value": 63.81327316826284,
    "max_best_value": 125.80402554084606,
    "mean_elapsed_time_s": 0.011926219996530563,
    "std_elapsed_time_s": 0.00012692962822651846,
    "mean_iterations": 100.0,
    "min_iterations": 100,
    "max_iterations": 100
}