{
    "objective_name": "rastrigin",
    "num_runs": 5,
    "mean_best_value": 394.49721570551543,
    "std_best_value": 20.3170329156555,
    "min_best_value": 361.99697717439693,
    "max_best_value": 419.4773222125783,
    "mean_elapsed_time_s": 0.011990920000243932,
    "std_elapsed_time_s": 0.00018207628916982866,
    "mean_iterations": 100.0,
    "min_iterations": 100,
    "max_iterations": 100
}