{
    "objective_name": "rastrigin",
    "num_runs": 5,
    "mean_best_value": 376.9185175176077,
    "std_best_value": 29.036106637058534,
    "min_best_value": 348.7941139347433,
    "max_best_value": 430.2538255795213,
    "mean_elapsed_time_s": 0.012045380007475615,
    "std_elapsed_time_s": 0.00022933918580466303,
    "mean_iterations": 100.0,
    "min_iterations": 100,
    "max_iterations": 100
}