{
    "objective_name": "ackley",
    "num_runs": 5,
    "mean_best_value": 0.2651169734288982,
    "std_best_value": 0.4500176809549343,
    "min_best_value": 0.027783538360840243,
    "max_best_value": 1.1648913495866542,
    "mean_elapsed_time_s": 0.038695619977079335,
    "std_elapsed_time_s": 0.0007080605993950755,
    "mean_iterations": 100.0,
    "min_iterations": 100,
    "max_iterations": 100,
    "evaluation_mode": "pyswarm"
}