{
    "objective_name": "rastrigin",
    "num_runs": 5,
    "mean_best_value": 12.499070160304317,
    "std_best_value": 1.988481498700479,
    "min_best_value": 9.39092700041839,
    "max_best_value": 14.127614818276934,
    "mean_elapsed_time_s": 0.035618220013566314,
    "std_elapsed_time_s": 0.000989363415169442,
    "mean_iterations": 100.0,
    "min_iterations": 100,
    "max_iterations": 100,
    "evaluation_mode": "pyswarm"
}