{
    "objective_name": "rosenbrock",
    "num_runs": 5,
    "mean_best_value": 6.5874542733824155,
    "std_best_value": 0.23549041257476228,
    "min_best_value": 6.308078423764487,
    "max_best_value": 6.911589756532592,
    "mean_elapsed_time_s": 0.03739320000167936,
    "std_elapsed_time_s": 0.0005259054086512492,
    "mean_iterations": 100.0,
    "min_iterations": 100,
    "max_iterations": 100,
    "evaluation_mode": "pyswarm"
}