{
    "objective_name": "sphere",
    "num_runs": 5,
    "mean_best_value": 2.430878688029035e-05,
    "std_best_value": 1.3021000938110874e-05,
    "min_best_value": 7.966291699805627e-06,
    "max_best_value": 4.051169107929312e-05,
    "mean_elapsed_time_s": 0.030000919965095817,
    "std_elapsed_time_s": 0.0002603847328720008,
    "mean_iterations": 100.0,
    "min_iterations": 100,
    "max_iterations": 100,
    "evaluation_mode": "pyswarm"
}