{
    "objective": "rastrigin",
    "evaluation_mode": "threading",
    "best_value": 12.629445921782477,
    "best_position": [
        -0.9262778431768792,
        0.008775604955097348,
        -0.06820239029321118,
        -1.9651716747753847,
        -0.9401352770419669,
        -0.9780623060315679,
        1.0618536039314388,
        0.027484035418760162,
        -1.0091110865189072,
        -0.0025507898006777788
    ],
    "elapsed_time_s": 0.031870400067418814,
    "iterations_completed": 100,
    "best_value_history": [
        107.95451954604202,
        107.95451954604202,
        107.95451954604202,
        107.95451954604202,
        107.2051617043456,
        107.2051617043456,
        89.06944876378847,
        89.06944876378847,
        85.77726613884164,
        76.20750970492304,
        76.20750970492304,
        76.20750970492304,
        76.20750970492304,
        73.27549514472025,
        73.27549514472025,
        59.868802820829856,
        59.868802820829856,
        59.45121790382915,
        59.45121790382915,
        59.45121790382915,
        59.45121790382915,
        59.45121790382915,
        59.45121790382915,
        59.45121790382915,
        59.45121790382915,
        52.30724846767249,
        52.30724846767249,
        52.30724846767249,
        52.30724846767249,
        52.30724846767249,
        52.30724846767249,
        52.30724846767249,
        52.30724846767249,
        52.30724846767249,
        52.30724846767249,
        52.30724846767249,
        50.969854174262764,
        50.969854174262764,
        50.969854174262764,
        50.969854174262764,
        45.30621970625349,
        45.30621970625349,
        45.30621970625349,
        45.30621970625349,
        45.30621970625349,
        45.30621970625349,
        45.30621970625349,
        45.30621970625349,
        45.30621970625349,
        45.032710825657276,
        45.032710825657276,
        42.57774000881608,
        42.57774000881608,
        42.57774000881608,
        42.57774000881608,
        42.418956915909604,
        42.418956915909604,
        42.418956915909604,
        42.418956915909604,
        42.418956915909604,
        42.418956915909604,
        42.418956915909604,
        42.418956915909604,
        35.092394092024705,
        35.092394092024705,
        35.092394092024705,
        35.092394092024705,
        26.20249095549515,
        26.20249095549515,
        26.20249095549515,
        26.20249095549515,
        17.652957348632498,
        17.652957348632498,
        17.652957348632498,
        17.652957348632498,
        16.162894090612497,
        16.162894090612497,
        15.918048138396273,
        15.918048138396273,
        15.918048138396273,
        14.769138565979588,
        14.732027912347547,
        14.732027912347547,
        14.119564988873492,
        14.119564988873492,
        14.107589684806157,
        14.107589684806157,
        14.10739521459908,
        14.10739521459908,
        14.10739521459908,
        14.077464937001949,
        14.027215486236898,
        13.581804932916484,
        12.629445921782477,
        12.629445921782477,
        12.629445921782477,
        12.629445921782477,
        12.629445921782477,
        12.629445921782477,
        12.629445921782477
    ],
    "timing_stats": {
        "total_time_s": 0.03186610003467649,
        "fitness_time_s": 0.029104099376127124,
        "velocity_update_time_s": 0.0010462994687259197,
        "position_update_time_s": 0.000566700124181807
    },
    "config": {
        "num_particles": 30,
        "dimensions": 10,
        "max_iterations": 100,
        "inertia_weight": 0.7,
        "cognitive_coefficient": 1.5,
        "social_coefficient": 1.5,
        "seed": 0,
        "tolerance": 0.0,
        "stagnation_patience": null,
        "track_history": true
    }
}